2026-09-30T11:18:12.963+0530 [DEBUG] [org.gradle.launcher.daemon.bootstrap.DaemonMain] Assuming the daemon was started with following jvm opts: [--add-opens=java.base/java.util=ALL-UNNAMED, --add-opens=java.base/java.lang=ALL-UNNAMED, --add-opens=java.base/java.lang.invoke=ALL-UNNAMED, --add-opens=java.prefs/java.util.prefs=ALL-UNNAMED, --add-opens=java.base/java.nio.charset=ALL-UNNAMED, --add-opens=java.base/java.net=ALL-UNNAMED, --add-opens=java.base/java.util.concurrent.atomic=ALL-UNNAMED, -Xmx4g, -Dfile.encoding=UTF-8, -Duser.country=IN, -Duser.language=en, -Duser.variant]
2026-09-30T11:18:13.210+0530 [DEBUG] [org.gradle.internal.nativeintegration.services.NativeServices] Native-platform posix files integration is not available. Continuing with fallback.
2026-09-30T11:18:13.230+0530 [INFO] [org.gradle.launcher.daemon.server.Daemon] start() called on daemon - DefaultDaemonContext[uid=317cb9ef-3859-4b0f-bea1-74507d243cb7,javaHome=C:\Program Files\Android\Android Studio\jbr,daemonRegistryDir=D:\GRAPHINOVAS\AI Studio\GRAPHYNOVUS II SUDORA\sudoku-organizer\gradle\daemon,pid=10956,idleTimeout=10800000,priority=NORMAL,applyInstrumentationAgent=true,daemonOpts=--add-opens=java.base/java.util=ALL-UNNAMED,--add-opens=java.base/java.lang=ALL-UNNAMED,--add-opens=java.base/java.lang.invoke=ALL-UNNAMED,--add-opens=java.prefs/java.util.prefs=ALL-UNNAMED,--add-opens=java.base/java.nio.charset=ALL-UNNAMED,--add-opens=java.base/java.net=ALL-UNNAMED,--add-opens=java.base/java.util.concurrent.atomic=ALL-UNNAMED,-Xmx4g,-Dfile.encoding=UTF-8,-Duser.country=IN,-Duser.language=en,-Duser.variant]
2026-09-30T11:18:15.488+0530 [DEBUG] [org.gradle.internal.remote.internal.inet.InetAddresses] Adding IP addresses for network interface Software Loopback Interface 1
2026-09-30T11:18:15.490+0530 [DEBUG] [org.gradle.internal.remote.internal.inet.InetAddresses] Is this a loopback interface? true
2026-09-30T11:18:15.491+0530 [DEBUG] [org.gradle.internal.remote.internal.inet.InetAddresses] Adding loopback address /127.0.0.1
2026-09-30T11:18:15.491+0530 [DEBUG] [org.gradle.internal.remote.internal.inet.InetAddresses] Adding loopback address /0:0:0:0:0:0:0:1
2026-09-30T11:18:15.492+0530 [DEBUG] [org.gradle.internal.remote.internal.inet.InetAddresses] Adding IP addresses for network interface WAN Miniport (IKEv2)
2026-09-30T11:18:15.495+0530 [DEBUG] [org.gradle.internal.remote.internal.inet.InetAddresses] Is this a loopback interface? false
2026-09-30T11:18:15.496+0530 [DEBUG] [org.gradle.internal.remote.internal.inet.InetAddresses] Adding IP addresses for network interface Microsoft 6to4 Adapter
2026-09-30T11:18:15.497+0530 [DEBUG] [org.gradle.internal.remote.internal.inet.InetAddresses] Is this a loopback interface? false
2026-09-30T11:18:15.498+0530 [DEBUG] [org.gradle.internal.remote.internal.inet.InetAddresses] Adding IP addresses for network interface Realtek PCIe GbE Family Controller
2026-09-30T11:18:15.501+0530 [DEBUG] [org.gradle.internal.remote.internal.inet.InetAddresses] Is this a loopback interface? false
2026-09-30T11:18:15.501+0530 [DEBUG] [org.gradle.internal.remote.internal.inet.InetAddresses] Adding remote address /192.168.2.6
2026-09-30T11:18:15.502+0530 [DEBUG] [org.gradle.internal.remote.internal.inet.InetAddresses] Adding IP addresses for network interface PdaNet Broadband Adapter
2026-09-30T11:18:15.504+0530 [DEBUG] [org.gradle.internal.remote.internal.inet.InetAddresses] Is this a loopback interface? false
2026-09-30T11:18:15.505+0530 [DEBUG] [org.gradle.internal.remote.internal.inet.InetAddresses] Adding remote address /fe80:0:0:0:7d15:6122:12e4:280a%eth1
2026-09-30T11:18:15.505+0530 [DEBUG] [org.gradle.internal.remote.internal.inet.InetAddresses] Adding IP addresses for network interface Microsoft IP-HTTPS Platform Adapter
2026-09-30T11:18:15.507+0530 [DEBUG] [org.gradle.internal.remote.internal.inet.InetAddresses] Is this a loopback interface? false
2026-09-30T11:18:15.507+0530 [DEBUG] [org.gradle.internal.remote.internal.inet.InetAddresses] Adding IP addresses for network interface VirtualBox Host-Only Ethernet Adapter
2026-09-30T11:18:15.509+0530 [DEBUG] [org.gradle.internal.remote.internal.inet.InetAddresses] Is this a loopback interface? false
2026-09-30T11:18:15.509+0530 [DEBUG] [org.gradle.internal.remote.internal.inet.InetAddresses] Adding remote address /192.168.56.1
2026-09-30T11:18:15.510+0530 [DEBUG] [org.gradle.internal.remote.internal.inet.InetAddresses] Adding remote address /fe80:0:0:0:42f7:5e77:222e:a185%eth2
2026-09-30T11:18:15.510+0530 [DEBUG] [org.gradle.internal.remote.internal.inet.InetAddresses] Adding IP addresses for network interface WAN Miniport (Network Monitor)
2026-09-30T11:18:15.512+0530 [DEBUG] [org.gradle.internal.remote.internal.inet.InetAddresses] Is this a loopback interface? false
2026-09-30T11:18:15.512+0530 [DEBUG] [org.gradle.internal.remote.internal.inet.InetAddresses] Adding IP addresses for network interface Hyper-V Virtual Switch Extension Adapter
2026-09-30T11:18:15.515+0530 [DEBUG] [org.gradle.internal.remote.internal.inet.InetAddresses] Is this a loopback interface? false
2026-09-30T11:18:15.515+0530 [DEBUG] [org.gradle.internal.remote.internal.inet.InetAddresses] Adding IP addresses for network interface Microsoft Kernel Debug Network Adapter
2026-09-30T11:18:15.517+0530 [DEBUG] [org.gradle.internal.remote.internal.inet.InetAddresses] Is this a loopback interface? false
2026-09-30T11:18:15.517+0530 [DEBUG] [org.gradle.internal.remote.internal.inet.InetAddresses] Adding IP addresses for network interface WAN Miniport (IPv6)
2026-09-30T11:18:15.521+0530 [DEBUG] [org.gradle.internal.remote.internal.inet.InetAddresses] Is this a loopback interface? false
2026-09-30T11:18:15.521+0530 [DEBUG] [org.gradle.internal.remote.internal.inet.InetAddresses] Adding IP addresses for network interface WAN Miniport (IP)
2026-09-30T11:18:15.527+0530 [DEBUG] [org.gradle.internal.remote.internal.inet.InetAddresses] Is this a loopback interface? false
2026-09-30T11:18:15.527+0530 [DEBUG] [org.gradle.internal.remote.internal.inet.InetAddresses] Adding IP addresses for network interface WAN Miniport (PPPOE)
2026-09-30T11:18:15.530+0530 [DEBUG] [org.gradle.internal.remote.internal.inet.InetAddresses] Is this a loopback interface? false
2026-09-30T11:18:15.530+0530 [DEBUG] [org.gradle.internal.remote.internal.inet.InetAddresses] Adding IP addresses for network interface WAN Miniport (L2TP)
2026-09-30T11:18:15.532+0530 [DEBUG] [org.gradle.internal.remote.internal.inet.InetAddresses] Is this a loopback interface? false
2026-09-30T11:18:15.532+0530 [DEBUG] [org.gradle.internal.remote.internal.inet.InetAddresses] Adding IP addresses for network interface WAN Miniport (SSTP)
2026-09-30T11:18:15.535+0530 [DEBUG] [org.gradle.internal.remote.internal.inet.InetAddresses] Is this a loopback interface? false
2026-09-30T11:18:15.535+0530 [DEBUG] [org.gradle.internal.remote.internal.inet.InetAddresses] Adding IP addresses for network interface Hyper-V Virtual Switch Extension Adapter-Hyper-V Virtual Switch Extension Filter-0000
2026-09-30T11:18:15.537+0530 [DEBUG] [org.gradle.internal.remote.internal.inet.InetAddresses] Is this a loopback interface? false
2026-09-30T11:18:15.537+0530 [DEBUG] [org.gradle.internal.remote.internal.inet.InetAddresses] Adding IP addresses for network interface Microsoft Teredo Tunneling Adapter
2026-09-30T11:18:15.540+0530 [DEBUG] [org.gradle.internal.remote.internal.inet.InetAddresses] Is this a loopback interface? false
2026-09-30T11:18:15.540+0530 [DEBUG] [org.gradle.internal.remote.internal.inet.InetAddresses] Adding IP addresses for network interface Remote NDIS based Internet Sharing Device #2
2026-09-30T11:18:15.542+0530 [DEBUG] [org.gradle.internal.remote.internal.inet.InetAddresses] Is this a loopback interface? false
2026-09-30T11:18:15.542+0530 [DEBUG] [org.gradle.internal.remote.internal.inet.InetAddresses] Adding IP addresses for network interface VirtualBox Host-Only Ethernet Adapter
2026-09-30T11:18:15.544+0530 [DEBUG] [org.gradle.internal.remote.internal.inet.InetAddresses] Is this a loopback interface? false
2026-09-30T11:18:15.544+0530 [DEBUG] [org.gradle.internal.remote.internal.inet.InetAddresses] Adding IP addresses for network interface WAN Miniport (PPTP)
2026-09-30T11:18:15.546+0530 [DEBUG] [org.gradle.internal.remote.internal.inet.InetAddresses] Is this a loopback interface? false
2026-09-30T11:18:15.546+0530 [DEBUG] [org.gradle.internal.remote.internal.inet.InetAddresses] Adding IP addresses for network interface VirtualBox Host-Only Ethernet Adapter-WFP Native MAC Layer LightWeight Filter-0000
2026-09-30T11:18:15.548+0530 [DEBUG] [org.gradle.internal.remote.internal.inet.InetAddresses] Is this a loopback interface? false
2026-09-30T11:18:15.549+0530 [DEBUG] [org.gradle.internal.remote.internal.inet.InetAddresses] Adding IP addresses for network interface VirtualBox Host-Only Ethernet Adapter-QoS Packet Scheduler-0000
2026-09-30T11:18:15.552+0530 [DEBUG] [org.gradle.internal.remote.internal.inet.InetAddresses] Is this a loopback interface? false
2026-09-30T11:18:15.552+0530 [DEBUG] [org.gradle.internal.remote.internal.inet.InetAddresses] Adding IP addresses for network interface VirtualBox Host-Only Ethernet Adapter-WFP 802.3 MAC Layer LightWeight Filter-0000
2026-09-30T11:18:15.554+0530 [DEBUG] [org.gradle.internal.remote.internal.inet.InetAddresses] Is this a loopback interface? false
2026-09-30T11:18:15.555+0530 [DEBUG] [org.gradle.internal.remote.internal.inet.InetAddresses] Adding IP addresses for network interface PdaNet Broadband Adapter-WFP Native MAC Layer LightWeight Filter-0000
2026-09-30T11:18:15.556+0530 [DEBUG] [org.gradle.internal.remote.internal.inet.InetAddresses] Is this a loopback interface? false
2026-09-30T11:18:15.557+0530 [DEBUG] [org.gradle.internal.remote.internal.inet.InetAddresses] Adding IP addresses for network interface PdaNet Broadband Adapter-VirtualBox NDIS Light-Weight Filter-0000
2026-09-30T11:18:15.558+0530 [DEBUG] [org.gradle.internal.remote.internal.inet.InetAddresses] Is this a loopback interface? false
2026-09-30T11:18:15.558+0530 [DEBUG] [org.gradle.internal.remote.internal.inet.InetAddresses] Adding IP addresses for network interface PdaNet Broadband Adapter-QoS Packet Scheduler-0000
2026-09-30T11:18:15.560+0530 [DEBUG] [org.gradle.internal.remote.internal.inet.InetAddresses] Is this a loopback interface? false
2026-09-30T11:18:15.561+0530 [DEBUG] [org.gradle.internal.remote.internal.inet.InetAddresses] Adding IP addresses for network interface PdaNet Broadband Adapter-WFP 802.3 MAC Layer LightWeight Filter-0000
2026-09-30T11:18:15.562+0530 [DEBUG] [org.gradle.internal.remote.internal.inet.InetAddresses] Is this a loopback interface? false
2026-09-30T11:18:15.563+0530 [DEBUG] [org.gradle.internal.remote.internal.inet.InetAddresses] Adding IP addresses for network interface WAN Miniport (IP)-WFP Native MAC Layer LightWeight Filter-0000
2026-09-30T11:18:15.566+0530 [DEBUG] [org.gradle.internal.remote.internal.inet.InetAddresses] Is this a loopback interface? false
2026-09-30T11:18:15.567+0530 [DEBUG] [org.gradle.internal.remote.internal.inet.InetAddresses] Adding IP addresses for network interface Realtek PCIe GbE Family Controller-WFP Native MAC Layer LightWeight Filter-0000
2026-09-30T11:18:15.572+0530 [DEBUG] [org.gradle.internal.remote.internal.inet.InetAddresses] Is this a loopback interface? false
2026-09-30T11:18:15.572+0530 [DEBUG] [org.gradle.internal.remote.internal.inet.InetAddresses] Adding IP addresses for network interface Realtek PCIe GbE Family Controller-VirtualBox NDIS Light-Weight Filter-0000
2026-09-30T11:18:15.575+0530 [DEBUG] [org.gradle.internal.remote.internal.inet.InetAddresses] Is this a loopback interface? false
2026-09-30T11:18:15.575+0530 [DEBUG] [org.gradle.internal.remote.internal.inet.InetAddresses] Adding IP addresses for network interface Realtek PCIe GbE Family Controller-QoS Packet Scheduler-0000
2026-09-30T11:18:15.577+0530 [DEBUG] [org.gradle.internal.remote.internal.inet.InetAddresses] Is this a loopback interface? false
2026-09-30T11:18:15.577+0530 [DEBUG] [org.gradle.internal.remote.internal.inet.InetAddresses] Adding IP addresses for network interface Realtek PCIe GbE Family Controller-WFP 802.3 MAC Layer LightWeight Filter-0000
2026-09-30T11:18:15.579+0530 [DEBUG] [org.gradle.internal.remote.internal.inet.InetAddresses] Is this a loopback interface? false
2026-09-30T11:18:15.579+0530 [DEBUG] [org.gradle.internal.remote.internal.inet.InetAddresses] Adding IP addresses for network interface WAN Miniport (IP)-QoS Packet Scheduler-0000
2026-09-30T11:18:15.581+0530 [DEBUG] [org.gradle.internal.remote.internal.inet.InetAddresses] Is this a loopback interface? false
2026-09-30T11:18:15.581+0530 [DEBUG] [org.gradle.internal.remote.internal.inet.InetAddresses] Adding IP addresses for network interface WAN Miniport (IPv6)-WFP Native MAC Layer LightWeight Filter-0000
2026-09-30T11:18:15.584+0530 [DEBUG] [org.gradle.internal.remote.internal.inet.InetAddresses] Is this a loopback interface? false
2026-09-30T11:18:15.584+0530 [DEBUG] [org.gradle.internal.remote.internal.inet.InetAddresses] Adding IP addresses for network interface WAN Miniport (IPv6)-QoS Packet Scheduler-0000
2026-09-30T11:18:15.586+0530 [DEBUG] [org.gradle.internal.remote.internal.inet.InetAddresses] Is this a loopback interface? false
2026-09-30T11:18:15.586+0530 [DEBUG] [org.gradle.internal.remote.internal.inet.InetAddresses] Adding IP addresses for network interface WAN Miniport (Network Monitor)-WFP Native MAC Layer LightWeight Filter-0000
2026-09-30T11:18:15.588+0530 [DEBUG] [org.gradle.internal.remote.internal.inet.InetAddresses] Is this a loopback interface? false
2026-09-30T11:18:15.588+0530 [DEBUG] [org.gradle.internal.remote.internal.inet.InetAddresses] Adding IP addresses for network interface WAN Miniport (Network Monitor)-QoS Packet Scheduler-0000
2026-09-30T11:18:15.590+0530 [DEBUG] [org.gradle.internal.remote.internal.inet.InetAddresses] Is this a loopback interface? false
2026-09-30T11:18:15.591+0530 [DEBUG] [org.gradle.internal.remote.internal.inet.InetAddresses] Adding IP addresses for network interface Hyper-V Virtual Ethernet Adapter
2026-09-30T11:18:15.592+0530 [DEBUG] [org.gradle.internal.remote.internal.inet.InetAddresses] Is this a loopback interface? false
2026-09-30T11:18:15.592+0530 [DEBUG] [org.gradle.internal.remote.internal.inet.InetAddresses] Adding remote address /172.21.240.1
2026-09-30T11:18:15.593+0530 [DEBUG] [org.gradle.internal.remote.internal.inet.InetAddresses] Adding remote address /fe80:0:0:0:dd8d:e0ea:508f:b9c4%eth28
2026-09-30T11:18:15.593+0530 [DEBUG] [org.gradle.internal.remote.internal.inet.InetAddresses] Adding IP addresses for network interface Hyper-V Virtual Ethernet Adapter-WFP Native MAC Layer LightWeight Filter-0000
2026-09-30T11:18:15.595+0530 [DEBUG] [org.gradle.internal.remote.internal.inet.InetAddresses] Is this a loopback interface? false
2026-09-30T11:18:15.595+0530 [DEBUG] [org.gradle.internal.remote.internal.inet.InetAddresses] Adding IP addresses for network interface Hyper-V Virtual Ethernet Adapter-VirtualBox NDIS Light-Weight Filter-0000
2026-09-30T11:18:15.597+0530 [DEBUG] [org.gradle.internal.remote.internal.inet.InetAddresses] Is this a loopback interface? false
2026-09-30T11:18:15.597+0530 [DEBUG] [org.gradle.internal.remote.internal.inet.InetAddresses] Adding IP addresses for network interface Hyper-V Virtual Ethernet Adapter-QoS Packet Scheduler-0000
2026-09-30T11:18:15.599+0530 [DEBUG] [org.gradle.internal.remote.internal.inet.InetAddresses] Is this a loopback interface? false
2026-09-30T11:18:15.599+0530 [DEBUG] [org.gradle.internal.remote.internal.inet.InetAddresses] Adding IP addresses for network interface Hyper-V Virtual Ethernet Adapter-WFP 802.3 MAC Layer LightWeight Filter-0000
2026-09-30T11:18:15.601+0530 [DEBUG] [org.gradle.internal.remote.internal.inet.InetAddresses] Is this a loopback interface? false
2026-09-30T11:18:15.607+0530 [DEBUG] [org.gradle.internal.remote.internal.inet.TcpIncomingConnector] Listening on [4b83dc4a-d1b1-40c7-b00f-b6082d3654ac port:63242, addresses:[localhost/127.0.0.1]].
2026-09-30T11:18:15.616+0530 [DEBUG] [org.gradle.launcher.daemon.server.Daemon] Daemon starting at: Wed Sep 30 11:18:15 IST 2026, with address: [4b83dc4a-d1b1-40c7-b00f-b6082d3654ac port:63242, addresses:[localhost/127.0.0.1]]
2026-09-30T11:18:15.616+0530 [INFO] [org.gradle.launcher.daemon.server.DaemonRegistryUpdater] Advertising the daemon address to the clients: [4b83dc4a-d1b1-40c7-b00f-b6082d3654ac port:63242, addresses:[localhost/127.0.0.1]]
2026-09-30T11:18:15.616+0530 [DEBUG] [org.gradle.launcher.daemon.server.DaemonRegistryUpdater] Advertised daemon context: DefaultDaemonContext[uid=317cb9ef-3859-4b0f-bea1-74507d243cb7,javaHome=C:\Program Files\Android\Android Studio\jbr,daemonRegistryDir=D:\GRAPHINOVAS\AI Studio\GRAPHYNOVUS II SUDORA\sudoku-organizer\gradle\daemon,pid=10956,idleTimeout=10800000,priority=NORMAL,applyInstrumentationAgent=true,daemonOpts=--add-opens=java.base/java.util=ALL-UNNAMED,--add-opens=java.base/java.lang=ALL-UNNAMED,--add-opens=java.base/java.lang.invoke=ALL-UNNAMED,--add-opens=java.prefs/java.util.prefs=ALL-UNNAMED,--add-opens=java.base/java.nio.charset=ALL-UNNAMED,--add-opens=java.base/java.net=ALL-UNNAMED,--add-opens=java.base/java.util.concurrent.atomic=ALL-UNNAMED,-Xmx4g,-Dfile.encoding=UTF-8,-Duser.country=IN,-Duser.language=en,-Duser.variant]
2026-09-30T11:18:15.617+0530 [DEBUG] [org.gradle.launcher.daemon.registry.PersistentDaemonRegistry] Storing daemon address: [4b83dc4a-d1b1-40c7-b00f-b6082d3654ac port:63242, addresses:[localhost/127.0.0.1]], context: DefaultDaemonContext[uid=317cb9ef-3859-4b0f-bea1-74507d243cb7,javaHome=C:\Program Files\Android\Android Studio\jbr,daemonRegistryDir=D:\GRAPHINOVAS\AI Studio\GRAPHYNOVUS II SUDORA\sudoku-organizer\gradle\daemon,pid=10956,idleTimeout=10800000,priority=NORMAL,applyInstrumentationAgent=true,daemonOpts=--add-opens=java.base/java.util=ALL-UNNAMED,--add-opens=java.base/java.lang=ALL-UNNAMED,--add-opens=java.base/java.lang.invoke=ALL-UNNAMED,--add-opens=java.prefs/java.util.prefs=ALL-UNNAMED,--add-opens=java.base/java.nio.charset=ALL-UNNAMED,--add-opens=java.base/java.net=ALL-UNNAMED,--add-opens=java.base/java.util.concurrent.atomic=ALL-UNNAMED,-Xmx4g,-Dfile.encoding=UTF-8,-Duser.country=IN,-Duser.language=en,-Duser.variant]
2026-09-30T11:18:15.628+0530 [DEBUG] [org.gradle.cache.internal.DefaultFileLockManager] Waiting to acquire exclusive lock on daemon addresses registry.
2026-09-30T11:18:15.632+0530 [DEBUG] [org.gradle.cache.internal.DefaultFileLockManager] Lock acquired on daemon addresses registry.
2026-09-30T11:18:15.637+0530 [DEBUG] [org.gradle.cache.internal.DefaultFileLockManager] Releasing lock on daemon addresses registry.
2026-09-30T11:18:15.638+0530 [LIFECYCLE] [org.gradle.launcher.daemon.server.Daemon] Daemon server started.
2026-09-30T11:18:15.640+0530 [DEBUG] [org.gradle.launcher.daemon.bootstrap.DaemonStartupCommunication] Completed writing the daemon greeting. Closing streams...
2026-09-30T11:18:15.647+0530 [DEBUG] [org.gradle.internal.remote.internal.inet.TcpIncomingConnector] Accepted connection from /127.0.0.1:63243 to /127.0.0.1:63242.
2026-09-30T11:18:15.666+0530 [DEBUG] [org.gradle.launcher.daemon.server.Daemon] stopOnExpiration() called on daemon
2026-09-30T11:18:15.667+0530 [DEBUG] [org.gradle.launcher.daemon.server.Daemon] awaitExpiration() called on daemon
2026-09-30T11:18:15.668+0530 [DEBUG] [org.gradle.launcher.daemon.server.DaemonStateCoordinator] daemon is running. Sleeping until state changes.
2026-09-30T11:18:15.786+0530 [DEBUG] [org.gradle.launcher.daemon.server.SynchronizedDispatchConnection] thread 21: received class org.gradle.launcher.daemon.protocol.Build
2026-09-30T11:18:15.786+0530 [DEBUG] [org.gradle.launcher.daemon.server.DefaultDaemonConnection] thread 21: Received non-IO message from client: Build{id=0ce97c41-5042-412b-a0f4-b50fd7b4974c, currentDir=D:\GRAPHINOVAS\AI Studio\GRAPHYNOVUS II SUDORA\sudoku-organizer}
2026-09-30T11:18:15.786+0530 [INFO] [org.gradle.launcher.daemon.server.DefaultIncomingConnectionHandler] Received command: Build{id=0ce97c41-5042-412b-a0f4-b50fd7b4974c, currentDir=D:\GRAPHINOVAS\AI Studio\GRAPHYNOVUS II SUDORA\sudoku-organizer}.
2026-09-30T11:18:15.786+0530 [DEBUG] [org.gradle.launcher.daemon.server.DefaultIncomingConnectionHandler] Starting executing command: Build{id=0ce97c41-5042-412b-a0f4-b50fd7b4974c, currentDir=D:\GRAPHINOVAS\AI Studio\GRAPHYNOVUS II SUDORA\sudoku-organizer} with connection: socket connection from /127.0.0.1:63242 to /127.0.0.1:63243.
2026-09-30T11:18:15.789+0530 [DEBUG] [org.gradle.launcher.daemon.server.DaemonStateCoordinator] Command execution: started DaemonCommandExecution[command = Build{id=0ce97c41-5042-412b-a0f4-b50fd7b4974c, currentDir=D:\GRAPHINOVAS\AI Studio\GRAPHYNOVUS II SUDORA\sudoku-organizer}, connection = DefaultDaemonConnection: socket connection from /127.0.0.1:63242 to /127.0.0.1:63243] after 0.0 minutes of idle
2026-09-30T11:18:15.789+0530 [INFO] [org.gradle.launcher.daemon.server.DaemonRegistryUpdater] Marking the daemon as busy, address: [4b83dc4a-d1b1-40c7-b00f-b6082d3654ac port:63242, addresses:[localhost/127.0.0.1]]
2026-09-30T11:18:15.789+0530 [DEBUG] [org.gradle.launcher.daemon.registry.PersistentDaemonRegistry] Marking busy by address: [4b83dc4a-d1b1-40c7-b00f-b6082d3654ac port:63242, addresses:[localhost/127.0.0.1]]
2026-09-30T11:18:15.790+0530 [DEBUG] [org.gradle.cache.internal.DefaultFileLockManager] Waiting to acquire exclusive lock on daemon addresses registry.
2026-09-30T11:18:15.790+0530 [DEBUG] [org.gradle.cache.internal.DefaultFileLockManager] Lock acquired on daemon addresses registry.
2026-09-30T11:18:15.792+0530 [DEBUG] [org.gradle.cache.internal.DefaultFileLockManager] Releasing lock on daemon addresses registry.
2026-09-30T11:18:15.792+0530 [DEBUG] [org.gradle.launcher.daemon.server.DaemonStateCoordinator] resetting idle timer
2026-09-30T11:18:15.792+0530 [DEBUG] [org.gradle.launcher.daemon.server.DaemonStateCoordinator] daemon is running. Sleeping until state changes.
2026-09-30T11:18:15.793+0530 [INFO] [org.gradle.launcher.daemon.server.exec.StartBuildOrRespondWithBusy] Daemon is about to start building Build{id=0ce97c41-5042-412b-a0f4-b50fd7b4974c, currentDir=D:\GRAPHINOVAS\AI Studio\GRAPHYNOVUS II SUDORA\sudoku-organizer}. Dispatching build started information...
2026-09-30T11:18:15.793+0530 [DEBUG] [org.gradle.launcher.daemon.server.SynchronizedDispatchConnection] thread 23: dispatching org.gradle.launcher.daemon.protocol.BuildStarted@4d3899ab
2026-09-30T11:18:15.797+0530 [DEBUG] [org.gradle.launcher.daemon.server.SynchronizedDispatchConnection] thread 21: received class org.gradle.launcher.daemon.protocol.CloseInput
2026-09-30T11:18:15.797+0530 [DEBUG] [org.gradle.launcher.daemon.server.DefaultDaemonConnection] thread 21: Received IO message from client: org.gradle.launcher.daemon.protocol.CloseInput@718d1f1b
2026-09-30T11:18:15.798+0530 [DEBUG] [org.gradle.launcher.daemon.server.exec.EstablishBuildEnvironment] Configuring env variables: [USERDOMAIN_ROAMINGPROFILE, PROCESSOR_LEVEL, SESSIONNAME, ALLUSERSPROFILE, INTEL_DEV_REDIST, PROCESSOR_ARCHITECTURE, MIC_LD_LIBRARY_PATH, ANDROID_HOME, PSModulePath, SystemDrive, USERNAME, ProgramFiles(x86), FPS_BROWSER_USER_PROFILE_STRING, PATHEXT, DriverData, ProgramData, ProgramW6432, HOMEPATH, PROCESSOR_IDENTIFIER, GRALDLE_HOME, ProgramFiles, PUBLIC, windir, GlobalVariableMeritTracSecureDesktop, =::, OPENSSL_CONF, LOCALAPPDATA, ChocolateyLastPathUpdate, USERDOMAIN, LOGONSERVER, WIX, FPS_BROWSER_APP_PROFILE_STRING, JAVA_HOME, OneDrive, APPDATA, ChocolateyInstall, VBOX_MSI_INSTALL_PATH, CommonProgramFiles, Path, OS, COMPUTERNAME, PROCESSOR_REVISION, CommonProgramW6432, ComSpec, TEMP, SystemRoot, HOMEDRIVE, USERPROFILE, TMP, CommonProgramFiles(x86), NUMBER_OF_PROCESSORS, IDEA_INITIAL_DIRECTORY]
2026-09-30T11:18:15.805+0530 [DEBUG] [org.gradle.launcher.daemon.server.exec.LogToClient] About to start relaying all logs to the client via the connection.
2026-09-30T11:18:15.806+0530 [INFO] [org.gradle.launcher.daemon.server.exec.LogToClient] The client will now receive all logging from the daemon (pid: 10956). The daemon log file: D:\GRAPHINOVAS\AI Studio\GRAPHYNOVUS II SUDORA\sudoku-organizer\gradle\daemon\8.2\daemon-10956.out.log
2026-09-30T11:18:15.808+0530 [INFO] [org.gradle.launcher.daemon.server.exec.LogAndCheckHealth] Starting build in new daemon [memory: 4 GiB]
2026-09-30T11:18:15.809+0530 [INFO] [org.gradle.launcher.daemon.server.exec.ForwardClientInput] Closing daemon's stdin at end of input.
2026-09-30T11:18:15.810+0530 [INFO] [org.gradle.launcher.daemon.server.exec.ForwardClientInput] The daemon will no longer process any standard input.
2026-09-30T11:18:15.811+0530 [DEBUG] [org.gradle.launcher.daemon.server.exec.ExecuteBuild] The daemon has started executing the build.
2026-09-30T11:18:15.811+0530 [DEBUG] [org.gradle.launcher.daemon.server.exec.ExecuteBuild] Executing build with daemon context: DefaultDaemonContext[uid=317cb9ef-3859-4b0f-bea1-74507d243cb7,javaHome=C:\Program Files\Android\Android Studio\jbr,daemonRegistryDir=D:\GRAPHINOVAS\AI Studio\GRAPHYNOVUS II SUDORA\sudoku-organizer\gradle\daemon,pid=10956,idleTimeout=10800000,priority=NORMAL,applyInstrumentationAgent=true,daemonOpts=--add-opens=java.base/java.util=ALL-UNNAMED,--add-opens=java.base/java.lang=ALL-UNNAMED,--add-opens=java.base/java.lang.invoke=ALL-UNNAMED,--add-opens=java.prefs/java.util.prefs=ALL-UNNAMED,--add-opens=java.base/java.nio.charset=ALL-UNNAMED,--add-opens=java.base/java.net=ALL-UNNAMED,--add-opens=java.base/java.util.concurrent.atomic=ALL-UNNAMED,-Xmx4g,-Dfile.encoding=UTF-8,-Duser.country=IN,-Duser.language=en,-Duser.variant]

FAILURE: Build failed with an exception.

* Where:
Build file 'D:\GRAPHINOVAS\AI Studio\GRAPHYNOVUS II SUDORA\sudoku-organizer\app\build.gradle.kts' line: 3

* What went wrong:
Error resolving plugin [id: 'org.jetbrains.kotlin.android', version: '2.0.0', apply: false]
> The request for this plugin could not be satisfied because the plugin is already on the classpath with a different version (1.9.20).

* Try:
> Run with --info or --debug option to get more log output.
> Run with --scan to get full insights.
> Get more help at https://help.gradle.org.

* Exception is:
org.gradle.api.GradleException: Error resolving plugin [id: 'org.jetbrains.kotlin.android', version: '2.0.0', apply: false]
	at org.gradle.plugin.use.internal.DefaultPluginRequestApplicator.resolveToFoundResult(DefaultPluginRequestApplicator.java:231)
	at org.gradle.plugin.use.internal.DefaultPluginRequestApplicator.lambda$resolvePluginRequests$3(DefaultPluginRequestApplicator.java:167)
	at org.gradle.util.internal.CollectionUtils.collect(CollectionUtils.java:212)
	at org.gradle.util.internal.CollectionUtils.collect(CollectionUtils.java:206)
	at org.gradle.plugin.use.internal.DefaultPluginRequestApplicator.resolvePluginRequests(DefaultPluginRequestApplicator.java:165)
	at org.gradle.plugin.use.internal.DefaultPluginRequestApplicator.applyPlugins(DefaultPluginRequestApplicator.java:100)
	at org.gradle.kotlin.dsl.provider.PluginRequestsHandler.handle(PluginRequestsHandler.kt:48)
	at org.gradle.kotlin.dsl.provider.StandardKotlinScriptEvaluator$InterpreterHost.applyPluginsTo(KotlinScriptEvaluator.kt:220)
	at org.gradle.kotlin.dsl.execution.Interpreter$ProgramHost.applyPluginsTo(Interpreter.kt:391)
	at Program.execute(Unknown Source)
	at org.gradle.kotlin.dsl.execution.Interpreter$ProgramHost.eval(Interpreter.kt:523)
	at org.gradle.kotlin.dsl.execution.Interpreter.eval(Interpreter.kt:218)
	at org.gradle.kotlin.dsl.provider.StandardKotlinScriptEvaluator.evaluate(KotlinScriptEvaluator.kt:121)
	at org.gradle.kotlin.dsl.provider.KotlinScriptPluginFactory$create$1.invoke(KotlinScriptPluginFactory.kt:51)
	at org.gradle.kotlin.dsl.provider.KotlinScriptPluginFactory$create$1.invoke(KotlinScriptPluginFactory.kt:48)
	at org.gradle.kotlin.dsl.provider.KotlinScriptPlugin.apply(KotlinScriptPlugin.kt:35)
	at org.gradle.configuration.BuildOperationScriptPlugin$1.run(BuildOperationScriptPlugin.java:65)
	at org.gradle.internal.operations.DefaultBuildOperationRunner$1.execute(DefaultBuildOperationRunner.java:29)
	at org.gradle.internal.operations.DefaultBuildOperationRunner$1.execute(DefaultBuildOperationRunner.java:26)
	at org.gradle.internal.operations.DefaultBuildOperationRunner$2.execute(DefaultBuildOperationRunner.java:66)
	at org.gradle.internal.operations.DefaultBuildOperationRunner$2.execute(DefaultBuildOperationRunner.java:59)
	at org.gradle.internal.operations.DefaultBuildOperationRunner.execute(DefaultBuildOperationRunner.java:157)
	at org.gradle.internal.operations.DefaultBuildOperationRunner.execute(DefaultBuildOperationRunner.java:59)
	at org.gradle.internal.operations.DefaultBuildOperationRunner.run(DefaultBuildOperationRunner.java:47)
	at org.gradle.internal.operations.DefaultBuildOperationExecutor.run(DefaultBuildOperationExecutor.java:68)
	at org.gradle.configuration.BuildOperationScriptPlugin.lambda$apply$0(BuildOperationScriptPlugin.java:62)
	at org.gradle.configuration.internal.DefaultUserCodeApplicationContext.apply(DefaultUserCodeApplicationContext.java:44)
	at org.gradle.configuration.BuildOperationScriptPlugin.apply(BuildOperationScriptPlugin.java:62)
	at org.gradle.api.internal.project.DefaultProjectStateRegistry$ProjectStateImpl.lambda$applyToMutableState$1(DefaultProjectStateRegistry.java:395)
	at org.gradle.api.internal.project.DefaultProjectStateRegistry$ProjectStateImpl.fromMutableState(DefaultProjectStateRegistry.java:413)
	at org.gradle.api.internal.project.DefaultProjectStateRegistry$ProjectStateImpl.applyToMutableState(DefaultProjectStateRegistry.java:394)
	at org.gradle.configuration.project.BuildScriptProcessor.execute(BuildScriptProcessor.java:46)
	at org.gradle.configuration.project.BuildScriptProcessor.execute(BuildScriptProcessor.java:27)
	at org.gradle.configuration.project.ConfigureActionsProjectEvaluator.evaluate(ConfigureActionsProjectEvaluator.java:35)
	at org.gradle.configuration.project.LifecycleProjectEvaluator$EvaluateProject.lambda$run$0(LifecycleProjectEvaluator.java:109)
	at org.gradle.api.internal.project.DefaultProjectStateRegistry$ProjectStateImpl.lambda$applyToMutableState$1(DefaultProjectStateRegistry.java:395)
	at org.gradle.api.internal.project.DefaultProjectStateRegistry$ProjectStateImpl.lambda$fromMutableState$2(DefaultProjectStateRegistry.java:418)
	at org.gradle.internal.work.DefaultWorkerLeaseService.withReplacedLocks(DefaultWorkerLeaseService.java:345)
	at org.gradle.api.internal.project.DefaultProjectStateRegistry$ProjectStateImpl.fromMutableState(DefaultProjectStateRegistry.java:418)
	at org.gradle.api.internal.project.DefaultProjectStateRegistry$ProjectStateImpl.applyToMutableState(DefaultProjectStateRegistry.java:394)
	at org.gradle.configuration.project.LifecycleProjectEvaluator$EvaluateProject.run(LifecycleProjectEvaluator.java:100)
	at org.gradle.internal.operations.DefaultBuildOperationRunner$1.execute(DefaultBuildOperationRunner.java:29)
	at org.gradle.internal.operations.DefaultBuildOperationRunner$1.execute(DefaultBuildOperationRunner.java:26)
	at org.gradle.internal.operations.DefaultBuildOperationRunner$2.execute(DefaultBuildOperationRunner.java:66)
	at org.gradle.internal.operations.DefaultBuildOperationRunner$2.execute(DefaultBuildOperationRunner.java:59)
	at org.gradle.internal.operations.DefaultBuildOperationRunner.execute(DefaultBuildOperationRunner.java:157)
	at org.gradle.internal.operations.DefaultBuildOperationRunner.execute(DefaultBuildOperationRunner.java:59)
	at org.gradle.internal.operations.DefaultBuildOperationRunner.run(DefaultBuildOperationRunner.java:47)
	at org.gradle.internal.operations.DefaultBuildOperationExecutor.run(DefaultBuildOperationExecutor.java:68)
	at org.gradle.configuration.project.LifecycleProjectEvaluator.evaluate(LifecycleProjectEvaluator.java:72)
	at org.gradle.api.internal.project.DefaultProject.evaluate(DefaultProject.java:782)
	at org.gradle.api.internal.project.DefaultProject.evaluate(DefaultProject.java:156)
	at org.gradle.api.internal.project.ProjectLifecycleController.lambda$ensureSelfConfigured$2(ProjectLifecycleController.java:84)
	at org.gradle.internal.model.StateTransitionController.lambda$doTransition$14(StateTransitionController.java:255)
	at org.gradle.internal.model.StateTransitionController.doTransition(StateTransitionController.java:266)
	at org.gradle.internal.model.StateTransitionController.doTransition(StateTransitionController.java:254)
	at org.gradle.internal.model.StateTransitionController.lambda$maybeTransitionIfNotCurrentlyTransitioning$10(StateTransitionController.java:199)
	at org.gradle.internal.work.DefaultSynchronizer.withLock(DefaultSynchronizer.java:34)
	at org.gradle.internal.model.StateTransitionController.maybeTransitionIfNotCurrentlyTransitioning(StateTransitionController.java:195)
	at org.gradle.api.internal.project.ProjectLifecycleController.ensureSelfConfigured(ProjectLifecycleController.java:84)
	at org.gradle.api.internal.project.DefaultProjectStateRegistry$ProjectStateImpl.ensureConfigured(DefaultProjectStateRegistry.java:369)
	at org.gradle.execution.TaskPathProjectEvaluator.configure(TaskPathProjectEvaluator.java:33)
	at org.gradle.execution.TaskPathProjectEvaluator.configureHierarchy(TaskPathProjectEvaluator.java:49)
	at org.gradle.configuration.DefaultProjectsPreparer.prepareProjects(DefaultProjectsPreparer.java:42)
	at org.gradle.configuration.BuildTreePreparingProjectsPreparer.prepareProjects(BuildTreePreparingProjectsPreparer.java:65)
	at org.gradle.configuration.BuildOperationFiringProjectsPreparer$ConfigureBuild.run(BuildOperationFiringProjectsPreparer.java:52)
	at org.gradle.internal.operations.DefaultBuildOperationRunner$1.execute(DefaultBuildOperationRunner.java:29)
	at org.gradle.internal.operations.DefaultBuildOperationRunner$1.execute(DefaultBuildOperationRunner.java:26)
	at org.gradle.internal.operations.DefaultBuildOperationRunner$2.execute(DefaultBuildOperationRunner.java:66)
	at org.gradle.internal.operations.DefaultBuildOperationRunner$2.execute(DefaultBuildOperationRunner.java:59)
	at org.gradle.internal.operations.DefaultBuildOperationRunner.execute(DefaultBuildOperationRunner.java:157)
	at org.gradle.internal.operations.DefaultBuildOperationRunner.execute(DefaultBuildOperationRunner.java:59)
	at org.gradle.internal.operations.DefaultBuildOperationRunner.run(DefaultBuildOperationRunner.java:47)
	at org.gradle.internal.operations.DefaultBuildOperationExecutor.run(DefaultBuildOperationExecutor.java:68)
	at org.gradle.configuration.BuildOperationFiringProjectsPreparer.prepareProjects(BuildOperationFiringProjectsPreparer.java:40)
	at org.gradle.initialization.VintageBuildModelController.lambda$prepareProjects$2(VintageBuildModelController.java:84)
	at org.gradle.internal.model.StateTransitionController.lambda$doTransition$14(StateTransitionController.java:255)
	at org.gradle.internal.model.StateTransitionController.doTransition(StateTransitionController.java:266)
	at org.gradle.internal.model.StateTransitionController.doTransition(StateTransitionController.java:254)
	at org.gradle.internal.model.StateTransitionController.lambda$transitionIfNotPreviously$11(StateTransitionController.java:213)
	at org.gradle.internal.work.DefaultSynchronizer.withLock(DefaultSynchronizer.java:34)
	at org.gradle.internal.model.StateTransitionController.transitionIfNotPreviously(StateTransitionController.java:209)
	at org.gradle.initialization.VintageBuildModelController.prepareProjects(VintageBuildModelController.java:84)
	at org.gradle.initialization.VintageBuildModelController.getConfiguredModel(VintageBuildModelController.java:64)
	at org.gradle.internal.build.DefaultBuildLifecycleController.lambda$withProjectsConfigured$1(DefaultBuildLifecycleController.java:130)
	at org.gradle.internal.model.StateTransitionController.lambda$notInState$3(StateTransitionController.java:132)
	at org.gradle.internal.work.DefaultSynchronizer.withLock(DefaultSynchronizer.java:44)
	at org.gradle.internal.model.StateTransitionController.notInState(StateTransitionController.java:128)
	at org.gradle.internal.build.DefaultBuildLifecycleController.withProjectsConfigured(DefaultBuildLifecycleController.java:130)
	at org.gradle.internal.build.DefaultBuildToolingModelController.locateBuilderForTarget(DefaultBuildToolingModelController.java:57)
	at org.gradle.internal.buildtree.DefaultBuildTreeModelCreator$DefaultBuildTreeModelController.lambda$locateBuilderForTarget$0(DefaultBuildTreeModelCreator.java:73)
	at org.gradle.internal.build.DefaultBuildLifecycleController.withToolingModels(DefaultBuildLifecycleController.java:278)
	at org.gradle.internal.build.AbstractBuildState.withToolingModels(AbstractBuildState.java:140)
	at org.gradle.internal.buildtree.DefaultBuildTreeModelCreator$DefaultBuildTreeModelController.locateBuilderForTarget(DefaultBuildTreeModelCreator.java:73)
	at org.gradle.internal.buildtree.DefaultBuildTreeModelCreator$DefaultBuildTreeModelController.locateBuilderForDefaultTarget(DefaultBuildTreeModelCreator.java:68)
	at org.gradle.tooling.internal.provider.runner.DefaultBuildController.getTarget(DefaultBuildController.java:157)
	at org.gradle.tooling.internal.provider.runner.DefaultBuildController.getModel(DefaultBuildController.java:101)
	at org.gradle.tooling.internal.consumer.connection.ParameterAwareBuildControllerAdapter.getModel(ParameterAwareBuildControllerAdapter.java:39)
	at org.gradle.tooling.internal.consumer.connection.UnparameterizedBuildController.getModel(UnparameterizedBuildController.java:113)
	at org.gradle.tooling.internal.consumer.connection.NestedActionAwareBuildControllerAdapter.getModel(NestedActionAwareBuildControllerAdapter.java:31)
	at org.gradle.tooling.internal.consumer.connection.UnparameterizedBuildController.findModel(UnparameterizedBuildController.java:97)
	at org.gradle.tooling.internal.consumer.connection.NestedActionAwareBuildControllerAdapter.findModel(NestedActionAwareBuildControllerAdapter.java:31)
	at org.gradle.tooling.internal.consumer.connection.UnparameterizedBuildController.findModel(UnparameterizedBuildController.java:81)
	at org.gradle.tooling.internal.consumer.connection.NestedActionAwareBuildControllerAdapter.findModel(NestedActionAwareBuildControllerAdapter.java:31)
	at org.gradle.tooling.internal.consumer.connection.UnparameterizedBuildController.findModel(UnparameterizedBuildController.java:66)
	at org.gradle.tooling.internal.consumer.connection.NestedActionAwareBuildControllerAdapter.findModel(NestedActionAwareBuildControllerAdapter.java:31)
	at org.jetbrains.plugins.gradle.model.ProjectImportAction.execute(ProjectImportAction.java:126)
	at org.jetbrains.plugins.gradle.model.ProjectImportAction.execute(ProjectImportAction.java:43)
	at org.gradle.tooling.internal.consumer.connection.InternalBuildActionAdapter.execute(InternalBuildActionAdapter.java:64)
	at org.gradle.tooling.internal.provider.runner.AbstractClientProvidedBuildActionRunner$ActionAdapter.runAction(AbstractClientProvidedBuildActionRunner.java:131)
	at org.gradle.tooling.internal.provider.runner.AbstractClientProvidedBuildActionRunner$ActionAdapter.beforeTasks(AbstractClientProvidedBuildActionRunner.java:99)
	at org.gradle.internal.buildtree.DefaultBuildTreeModelCreator.beforeTasks(DefaultBuildTreeModelCreator.java:52)
	at org.gradle.internal.buildtree.DefaultBuildTreeLifecycleController.lambda$fromBuildModel$2(DefaultBuildTreeLifecycleController.java:74)
	at org.gradle.internal.buildtree.DefaultBuildTreeLifecycleController.lambda$runBuild$4(DefaultBuildTreeLifecycleController.java:98)
	at org.gradle.internal.model.StateTransitionController.lambda$transition$6(StateTransitionController.java:169)
	at org.gradle.internal.model.StateTransitionController.doTransition(StateTransitionController.java:266)
	at org.gradle.internal.model.StateTransitionController.lambda$transition$7(StateTransitionController.java:169)
	at org.gradle.internal.work.DefaultSynchronizer.withLock(DefaultSynchronizer.java:44)
	at org.gradle.internal.model.StateTransitionController.transition(StateTransitionController.java:169)
	at org.gradle.internal.buildtree.DefaultBuildTreeLifecycleController.runBuild(DefaultBuildTreeLifecycleController.java:95)
	at org.gradle.internal.buildtree.DefaultBuildTreeLifecycleController.fromBuildModel(DefaultBuildTreeLifecycleController.java:73)
	at org.gradle.tooling.internal.provider.runner.AbstractClientProvidedBuildActionRunner.runClientAction(AbstractClientProvidedBuildActionRunner.java:43)
	at org.gradle.tooling.internal.provider.runner.ClientProvidedPhasedActionRunner.run(ClientProvidedPhasedActionRunner.java:53)
	at org.gradle.launcher.exec.ChainingBuildActionRunner.run(ChainingBuildActionRunner.java:35)
	at org.gradle.internal.buildtree.ProblemReportingBuildActionRunner.run(ProblemReportingBuildActionRunner.java:49)
	at org.gradle.launcher.exec.BuildOutcomeReportingBuildActionRunner.run(BuildOutcomeReportingBuildActionRunner.java:65)
	at org.gradle.tooling.internal.provider.FileSystemWatchingBuildActionRunner.run(FileSystemWatchingBuildActionRunner.java:140)
	at org.gradle.launcher.exec.BuildCompletionNotifyingBuildActionRunner.run(BuildCompletionNotifyingBuildActionRunner.java:41)
	at org.gradle.launcher.exec.RootBuildLifecycleBuildActionExecutor.lambda$execute$0(RootBuildLifecycleBuildActionExecutor.java:40)
	at org.gradle.composite.internal.DefaultRootBuildState.run(DefaultRootBuildState.java:122)
	at org.gradle.launcher.exec.RootBuildLifecycleBuildActionExecutor.execute(RootBuildLifecycleBuildActionExecutor.java:40)
	at org.gradle.internal.buildtree.InitDeprecationLoggingActionExecutor.execute(InitDeprecationLoggingActionExecutor.java:58)
	at org.gradle.internal.buildtree.DefaultBuildTreeContext.execute(DefaultBuildTreeContext.java:40)
	at org.gradle.launcher.exec.BuildTreeLifecycleBuildActionExecutor.lambda$execute$0(BuildTreeLifecycleBuildActionExecutor.java:65)
	at org.gradle.internal.buildtree.BuildTreeState.run(BuildTreeState.java:53)
	at org.gradle.launcher.exec.BuildTreeLifecycleBuildActionExecutor.execute(BuildTreeLifecycleBuildActionExecutor.java:65)
	at org.gradle.launcher.exec.RunAsBuildOperationBuildActionExecutor$3.call(RunAsBuildOperationBuildActionExecutor.java:61)
	at org.gradle.launcher.exec.RunAsBuildOperationBuildActionExecutor$3.call(RunAsBuildOperationBuildActionExecutor.java:57)
	at org.gradle.internal.operations.DefaultBuildOperationRunner$CallableBuildOperationWorker.execute(DefaultBuildOperationRunner.java:204)
	at org.gradle.internal.operations.DefaultBuildOperationRunner$CallableBuildOperationWorker.execute(DefaultBuildOperationRunner.java:199)
	at org.gradle.internal.operations.DefaultBuildOperationRunner$2.execute(DefaultBuildOperationRunner.java:66)
	at org.gradle.internal.operations.DefaultBuildOperationRunner$2.execute(DefaultBuildOperationRunner.java:59)
	at org.gradle.internal.operations.DefaultBuildOperationRunner.execute(DefaultBuildOperationRunner.java:157)
	at org.gradle.internal.operations.DefaultBuildOperationRunner.execute(DefaultBuildOperationRunner.java:59)
	at org.gradle.internal.operations.DefaultBuildOperationRunner.call(DefaultBuildOperationRunner.java:53)
	at org.gradle.internal.operations.DefaultBuildOperationExecutor.call(DefaultBuildOperationExecutor.java:73)
	at org.gradle.launcher.exec.RunAsBuildOperationBuildActionExecutor.execute(RunAsBuildOperationBuildActionExecutor.java:57)
	at org.gradle.launcher.exec.RunAsWorkerThreadBuildActionExecutor.lambda$execute$0(RunAsWorkerThreadBuildActionExecutor.java:36)
	at org.gradle.internal.work.DefaultWorkerLeaseService.withLocks(DefaultWorkerLeaseService.java:249)
	at org.gradle.internal.work.DefaultWorkerLeaseService.runAsWorkerThread(DefaultWorkerLeaseService.java:109)
	at org.gradle.launcher.exec.RunAsWorkerThreadBuildActionExecutor.execute(RunAsWorkerThreadBuildActionExecutor.java:36)
	at org.gradle.tooling.internal.provider.continuous.ContinuousBuildActionExecutor.execute(ContinuousBuildActionExecutor.java:110)
	at org.gradle.tooling.internal.provider.SubscribableBuildActionExecutor.execute(SubscribableBuildActionExecutor.java:64)
	at org.gradle.internal.session.DefaultBuildSessionContext.execute(DefaultBuildSessionContext.java:46)
	at org.gradle.tooling.internal.provider.BuildSessionLifecycleBuildActionExecuter$ActionImpl.apply(BuildSessionLifecycleBuildActionExecuter.java:100)
	at org.gradle.tooling.internal.provider.BuildSessionLifecycleBuildActionExecuter$ActionImpl.apply(BuildSessionLifecycleBuildActionExecuter.java:88)
	at org.gradle.internal.session.BuildSessionState.run(BuildSessionState.java:69)
	at org.gradle.tooling.internal.provider.BuildSessionLifecycleBuildActionExecuter.execute(BuildSessionLifecycleBuildActionExecuter.java:62)
	at org.gradle.tooling.internal.provider.BuildSessionLifecycleBuildActionExecuter.execute(BuildSessionLifecycleBuildActionExecuter.java:41)
	at org.gradle.tooling.internal.provider.StartParamsValidatingActionExecuter.execute(StartParamsValidatingActionExecuter.java:64)
	at org.gradle.tooling.internal.provider.StartParamsValidatingActionExecuter.execute(StartParamsValidatingActionExecuter.java:32)
	at org.gradle.tooling.internal.provider.SessionFailureReportingActionExecuter.execute(SessionFailureReportingActionExecuter.java:50)
	at org.gradle.tooling.internal.provider.SessionFailureReportingActionExecuter.execute(SessionFailureReportingActionExecuter.java:38)
	at org.gradle.tooling.internal.provider.SetupLoggingActionExecuter.execute(SetupLoggingActionExecuter.java:47)
	at org.gradle.tooling.internal.provider.SetupLoggingActionExecuter.execute(SetupLoggingActionExecuter.java:31)
	at org.gradle.launcher.daemon.server.exec.ExecuteBuild.doBuild(ExecuteBuild.java:65)
	at org.gradle.launcher.daemon.server.exec.BuildCommandOnly.execute(BuildCommandOnly.java:37)
	at org.gradle.launcher.daemon.server.api.DaemonCommandExecution.proceed(DaemonCommandExecution.java:104)
	at org.gradle.launcher.daemon.server.exec.WatchForDisconnection.execute(WatchForDisconnection.java:39)
	at org.gradle.launcher.daemon.server.api.DaemonCommandExecution.proceed(DaemonCommandExecution.java:104)
	at org.gradle.launcher.daemon.server.exec.ResetDeprecationLogger.execute(ResetDeprecationLogger.java:29)
	at org.gradle.launcher.daemon.server.api.DaemonCommandExecution.proceed(DaemonCommandExecution.java:104)
	at org.gradle.launcher.daemon.server.exec.RequestStopIfSingleUsedDaemon.execute(RequestStopIfSingleUsedDaemon.java:35)
	at org.gradle.launcher.daemon.server.api.DaemonCommandExecution.proceed(DaemonCommandExecution.java:104)
	at org.gradle.launcher.daemon.server.exec.ForwardClientInput$2.create(ForwardClientInput.java:78)
	at org.gradle.launcher.daemon.server.exec.ForwardClientInput$2.create(ForwardClientInput.java:75)
	at org.gradle.util.internal.Swapper.swap(Swapper.java:38)
	at org.gradle.launcher.daemon.server.exec.ForwardClientInput.execute(ForwardClientInput.java:75)
	at org.gradle.launcher.daemon.server.api.DaemonCommandExecution.proceed(DaemonCommandExecution.java:104)
	at org.gradle.launcher.daemon.server.exec.LogAndCheckHealth.execute(LogAndCheckHealth.java:64)
	at org.gradle.launcher.daemon.server.api.DaemonCommandExecution.proceed(DaemonCommandExecution.java:104)
	at org.gradle.launcher.daemon.server.exec.LogToClient.doBuild(LogToClient.java:63)
	at org.gradle.launcher.daemon.server.exec.BuildCommandOnly.execute(BuildCommandOnly.java:37)
	at org.gradle.launcher.daemon.server.api.DaemonCommandExecution.proceed(DaemonCommandExecution.java:104)
	at org.gradle.launcher.daemon.server.exec.EstablishBuildEnvironment.doBuild(EstablishBuildEnvironment.java:84)
	at org.gradle.launcher.daemon.server.exec.BuildCommandOnly.execute(BuildCommandOnly.java:37)
	at org.gradle.launcher.daemon.server.api.DaemonCommandExecution.proceed(DaemonCommandExecution.java:104)
	at org.gradle.launcher.daemon.server.exec.StartBuildOrRespondWithBusy$1.run(StartBuildOrRespondWithBusy.java:52)
	at org.gradle.launcher.daemon.server.DaemonStateCoordinator$1.run(DaemonStateCoordinator.java:297)
	at org.gradle.internal.concurrent.ExecutorPolicy$CatchAndRecordFailures.onExecute(ExecutorPolicy.java:64)
	at org.gradle.internal.concurrent.AbstractManagedExecutor$1.run(AbstractManagedExecutor.java:47)
Caused by: org.gradle.plugin.management.internal.InvalidPluginRequestException: The request for this plugin could not be satisfied because the plugin is already on the classpath with a different version (1.9.20).
	at org.gradle.plugin.use.resolve.internal.AlreadyOnClasspathPluginResolver.resolve(AlreadyOnClasspathPluginResolver.java:77)
	at org.gradle.plugin.use.internal.DefaultPluginRequestApplicator.resolveToFoundResult(DefaultPluginRequestApplicator.java:228)
	... 190 more


CONFIGURE FAILED in 30s
2026-09-30T11:18:34.821+0530 [DEBUG] [org.gradle.launcher.daemon.server.exec.ExecuteBuild] The daemon has finished executing the build.
2026-09-30T11:18:34.838+0530 [DEBUG] [org.gradle.launcher.daemon.server.DaemonStateCoordinator] daemon is running. Sleeping until state changes.
2026-09-30T11:18:34.839+0530 [DEBUG] [org.gradle.launcher.daemon.server.DaemonStateCoordinator] Command execution: finished waiting for DaemonCommandExecution[command = Build{id=0ce97c41-5042-412b-a0f4-b50fd7b4974c, currentDir=D:\GRAPHINOVAS\AI Studio\GRAPHYNOVUS II SUDORA\sudoku-organizer}, connection = DefaultDaemonConnection: socket connection from /127.0.0.1:63242 to /127.0.0.1:63243]. Result org.gradle.launcher.daemon.server.DaemonStateCoordinator@7b57c3c9 with state Busy
2026-09-30T11:18:34.839+0530 [DEBUG] [org.gradle.launcher.daemon.server.DaemonStateCoordinator] Command execution: completed DaemonCommandExecution[command = Build{id=0ce97c41-5042-412b-a0f4-b50fd7b4974c, currentDir=D:\GRAPHINOVAS\AI Studio\GRAPHYNOVUS II SUDORA\sudoku-organizer}, connection = DefaultDaemonConnection: socket connection from /127.0.0.1:63242 to /127.0.0.1:63243]
2026-09-30T11:18:34.839+0530 [DEBUG] [org.gradle.launcher.daemon.server.DaemonStateCoordinator] resetting idle timer
2026-09-30T11:18:34.839+0530 [INFO] [org.gradle.launcher.daemon.server.DaemonRegistryUpdater] Marking the daemon as idle, address: [4b83dc4a-d1b1-40c7-b00f-b6082d3654ac port:63242, addresses:[localhost/127.0.0.1]]
2026-09-30T11:18:34.839+0530 [DEBUG] [org.gradle.launcher.daemon.registry.PersistentDaemonRegistry] Marking busy by address: [4b83dc4a-d1b1-40c7-b00f-b6082d3654ac port:63242, addresses:[localhost/127.0.0.1]]
2026-09-30T11:18:34.840+0530 [DEBUG] [org.gradle.cache.internal.DefaultFileLockManager] Waiting to acquire exclusive lock on daemon addresses registry.
2026-09-30T11:18:34.840+0530 [DEBUG] [org.gradle.cache.internal.DefaultFileLockManager] Lock acquired on daemon addresses registry.
2026-09-30T11:18:34.841+0530 [DEBUG] [org.gradle.cache.internal.DefaultFileLockManager] Releasing lock on daemon addresses registry.
2026-09-30T11:18:34.842+0530 [DEBUG] [org.gradle.launcher.daemon.server.DaemonStateCoordinator] daemon is running. Sleeping until state changes.
2026-09-30T11:18:34.842+0530 [DEBUG] [org.gradle.launcher.daemon.server.exec.ReturnResult] Daemon is dispatching the build result: Success[value=org.gradle.launcher.exec.BuildActionResult@36227eba]
2026-09-30T11:18:34.843+0530 [DEBUG] [org.gradle.launcher.daemon.server.SynchronizedDispatchConnection] thread 20: dispatching Success[value=org.gradle.launcher.exec.BuildActionResult@36227eba]
2026-09-30T11:18:34.856+0530 [DEBUG] [org.gradle.launcher.daemon.server.SynchronizedDispatchConnection] thread 21: received class org.gradle.launcher.daemon.protocol.Finished
2026-09-30T11:18:34.856+0530 [DEBUG] [org.gradle.launcher.daemon.server.DefaultDaemonConnection] thread 21: Received non-IO message from client: org.gradle.launcher.daemon.protocol.Finished@1ce8553f
2026-09-30T11:18:34.856+0530 [DEBUG] [org.gradle.internal.remote.internal.inet.SocketConnection] Discarding EOFException: java.io.EOFException
2026-09-30T11:18:34.856+0530 [DEBUG] [org.gradle.launcher.daemon.server.SynchronizedDispatchConnection] thread 21: received null
2026-09-30T11:18:34.856+0530 [DEBUG] [org.gradle.launcher.daemon.server.DefaultDaemonConnection] thread 21: Received end-of-input from client.
2026-09-30T11:18:34.858+0530 [DEBUG] [org.gradle.launcher.daemon.server.DefaultIncomingConnectionHandler] Finishing executing command: Build{id=0ce97c41-5042-412b-a0f4-b50fd7b4974c, currentDir=D:\GRAPHINOVAS\AI Studio\GRAPHYNOVUS II SUDORA\sudoku-organizer}
2026-09-30T11:18:34.858+0530 [DEBUG] [org.gradle.launcher.daemon.server.DefaultIncomingConnectionHandler] Received finished message: null
2026-09-30T11:18:34.858+0530 [DEBUG] [org.gradle.launcher.daemon.server.SynchronizedDispatchConnection] thread 20: stopping connection
2026-09-30T11:18:34.863+0530 [DEBUG] [org.gradle.launcher.daemon.server.SynchronizedDispatchConnection] thread 20: stopping connection
2026-09-30T11:18:35.700+0530 [DEBUG] [org.gradle.cache.internal.DefaultFileLockManager] Waiting to acquire shared lock on daemon addresses registry.
2026-09-30T11:18:35.701+0530 [DEBUG] [org.gradle.cache.internal.DefaultFileLockManager] Lock acquired on daemon addresses registry.
2026-09-30T11:18:35.701+0530 [DEBUG] [org.gradle.cache.internal.DefaultFileLockManager] Releasing lock on daemon addresses registry.
2026-09-30T11:18:35.703+0530 [DEBUG] [org.gradle.cache.internal.DefaultFileLockManager] Waiting to acquire shared lock on daemon addresses registry.
2026-09-30T11:18:35.703+0530 [DEBUG] [org.gradle.cache.internal.DefaultFileLockManager] Lock acquired on daemon addresses registry.
2026-09-30T11:18:35.704+0530 [DEBUG] [org.gradle.cache.internal.DefaultFileLockManager] Releasing lock on daemon addresses registry.
2026-09-30T11:18:43.103+0530 [DEBUG] [org.gradle.internal.remote.internal.inet.TcpIncomingConnector] Accepted connection from /127.0.0.1:63255 to /127.0.0.1:63242.
2026-09-30T11:18:43.116+0530 [DEBUG] [org.gradle.launcher.daemon.server.SynchronizedDispatchConnection] thread 51: received class org.gradle.launcher.daemon.protocol.Build
2026-09-30T11:18:43.116+0530 [DEBUG] [org.gradle.launcher.daemon.server.DefaultDaemonConnection] thread 51: Received non-IO message from client: Build{id=46d72f9c-8fb9-451f-bd7b-37cc64264e70, currentDir=D:\GRAPHINOVAS\AI Studio\GRAPHYNOVUS II SUDORA\sudoku-organizer}
2026-09-30T11:18:43.117+0530 [INFO] [org.gradle.launcher.daemon.server.DefaultIncomingConnectionHandler] Received command: Build{id=46d72f9c-8fb9-451f-bd7b-37cc64264e70, currentDir=D:\GRAPHINOVAS\AI Studio\GRAPHYNOVUS II SUDORA\sudoku-organizer}.
2026-09-30T11:18:43.117+0530 [DEBUG] [org.gradle.launcher.daemon.server.DefaultIncomingConnectionHandler] Starting executing command: Build{id=46d72f9c-8fb9-451f-bd7b-37cc64264e70, currentDir=D:\GRAPHINOVAS\AI Studio\GRAPHYNOVUS II SUDORA\sudoku-organizer} with connection: socket connection from /127.0.0.1:63242 to /127.0.0.1:63255.
2026-09-30T11:18:43.117+0530 [DEBUG] [org.gradle.launcher.daemon.server.DaemonStateCoordinator] Command execution: started DaemonCommandExecution[command = Build{id=46d72f9c-8fb9-451f-bd7b-37cc64264e70, currentDir=D:\GRAPHINOVAS\AI Studio\GRAPHYNOVUS II SUDORA\sudoku-organizer}, connection = DefaultDaemonConnection: socket connection from /127.0.0.1:63242 to /127.0.0.1:63255] after 0.0 minutes of idle
2026-09-30T11:18:43.117+0530 [INFO] [org.gradle.launcher.daemon.server.DaemonRegistryUpdater] Marking the daemon as busy, address: [4b83dc4a-d1b1-40c7-b00f-b6082d3654ac port:63242, addresses:[localhost/127.0.0.1]]
2026-09-30T11:18:43.117+0530 [DEBUG] [org.gradle.launcher.daemon.registry.PersistentDaemonRegistry] Marking busy by address: [4b83dc4a-d1b1-40c7-b00f-b6082d3654ac port:63242, addresses:[localhost/127.0.0.1]]
2026-09-30T11:18:43.118+0530 [DEBUG] [org.gradle.cache.internal.DefaultFileLockManager] Waiting to acquire exclusive lock on daemon addresses registry.
2026-09-30T11:18:43.119+0530 [DEBUG] [org.gradle.cache.internal.DefaultFileLockManager] Lock acquired on daemon addresses registry.
2026-09-30T11:18:43.124+0530 [DEBUG] [org.gradle.cache.internal.DefaultFileLockManager] Releasing lock on daemon addresses registry.
2026-09-30T11:18:43.126+0530 [DEBUG] [org.gradle.launcher.daemon.server.DaemonStateCoordinator] resetting idle timer
2026-09-30T11:18:43.126+0530 [DEBUG] [org.gradle.launcher.daemon.server.DaemonStateCoordinator] daemon is running. Sleeping until state changes.
2026-09-30T11:18:43.126+0530 [INFO] [org.gradle.launcher.daemon.server.exec.StartBuildOrRespondWithBusy] Daemon is about to start building Build{id=46d72f9c-8fb9-451f-bd7b-37cc64264e70, currentDir=D:\GRAPHINOVAS\AI Studio\GRAPHYNOVUS II SUDORA\sudoku-organizer}. Dispatching build started information...
2026-09-30T11:18:43.126+0530 [DEBUG] [org.gradle.launcher.daemon.server.SynchronizedDispatchConnection] thread 23: dispatching org.gradle.launcher.daemon.protocol.BuildStarted@5647476d
2026-09-30T11:18:43.128+0530 [DEBUG] [org.gradle.launcher.daemon.server.exec.EstablishBuildEnvironment] Configuring env variables: [USERDOMAIN_ROAMINGPROFILE, PROCESSOR_LEVEL, SESSIONNAME, ALLUSERSPROFILE, INTEL_DEV_REDIST, PROCESSOR_ARCHITECTURE, MIC_LD_LIBRARY_PATH, ANDROID_HOME, PSModulePath, SystemDrive, USERNAME, ProgramFiles(x86), FPS_BROWSER_USER_PROFILE_STRING, PATHEXT, DriverData, ProgramData, ProgramW6432, HOMEPATH, PROCESSOR_IDENTIFIER, GRALDLE_HOME, ProgramFiles, PUBLIC, windir, GlobalVariableMeritTracSecureDesktop, =::, OPENSSL_CONF, LOCALAPPDATA, ChocolateyLastPathUpdate, USERDOMAIN, LOGONSERVER, WIX, FPS_BROWSER_APP_PROFILE_STRING, JAVA_HOME, OneDrive, APPDATA, ChocolateyInstall, VBOX_MSI_INSTALL_PATH, CommonProgramFiles, Path, OS, COMPUTERNAME, PROCESSOR_REVISION, CommonProgramW6432, ComSpec, TEMP, SystemRoot, HOMEDRIVE, USERPROFILE, TMP, CommonProgramFiles(x86), NUMBER_OF_PROCESSORS, IDEA_INITIAL_DIRECTORY]
2026-09-30T11:18:43.128+0530 [DEBUG] [org.gradle.launcher.daemon.server.SynchronizedDispatchConnection] thread 51: received class org.gradle.launcher.daemon.protocol.CloseInput
2026-09-30T11:18:43.128+0530 [DEBUG] [org.gradle.launcher.daemon.server.DefaultDaemonConnection] thread 51: Received IO message from client: org.gradle.launcher.daemon.protocol.CloseInput@523b9821
2026-09-30T11:18:43.129+0530 [DEBUG] [org.gradle.launcher.daemon.server.exec.LogToClient] About to start relaying all logs to the client via the connection.
2026-09-30T11:18:43.130+0530 [INFO] [org.gradle.launcher.daemon.server.exec.LogToClient] The client will now receive all logging from the daemon (pid: 10956). The daemon log file: D:\GRAPHINOVAS\AI Studio\GRAPHYNOVUS II SUDORA\sudoku-organizer\gradle\daemon\8.2\daemon-10956.out.log
2026-09-30T11:18:43.133+0530 [INFO] [org.gradle.launcher.daemon.server.exec.LogAndCheckHealth] Starting 2nd build in daemon [uptime: 30.073 secs, performance: 99%, GC rate: 0.00/s, heap usage: 0% of 4 GiB]
2026-09-30T11:18:43.133+0530 [DEBUG] [org.gradle.launcher.daemon.server.exec.ExecuteBuild] The daemon has started executing the build.
2026-09-30T11:18:43.134+0530 [DEBUG] [org.gradle.launcher.daemon.server.exec.ExecuteBuild] Executing build with daemon context: DefaultDaemonContext[uid=317cb9ef-3859-4b0f-bea1-74507d243cb7,javaHome=C:\Program Files\Android\Android Studio\jbr,daemonRegistryDir=D:\GRAPHINOVAS\AI Studio\GRAPHYNOVUS II SUDORA\sudoku-organizer\gradle\daemon,pid=10956,idleTimeout=10800000,priority=NORMAL,applyInstrumentationAgent=true,daemonOpts=--add-opens=java.base/java.util=ALL-UNNAMED,--add-opens=java.base/java.lang=ALL-UNNAMED,--add-opens=java.base/java.lang.invoke=ALL-UNNAMED,--add-opens=java.prefs/java.util.prefs=ALL-UNNAMED,--add-opens=java.base/java.nio.charset=ALL-UNNAMED,--add-opens=java.base/java.net=ALL-UNNAMED,--add-opens=java.base/java.util.concurrent.atomic=ALL-UNNAMED,-Xmx4g,-Dfile.encoding=UTF-8,-Duser.country=IN,-Duser.language=en,-Duser.variant]
2026-09-30T11:18:43.134+0530 [INFO] [org.gradle.launcher.daemon.server.exec.ForwardClientInput] Closing daemon's stdin at end of input.

FAILURE: Build failed with an exception.

* Where:
Build file 'D:\GRAPHINOVAS\AI Studio\GRAPHYNOVUS II SUDORA\sudoku-organizer\app\build.gradle.kts' line: 3

* What went wrong:
Error resolving plugin [id: 'org.jetbrains.kotlin.android', version: '2.0.0', apply: false]
> The request for this plugin could not be satisfied because the plugin is already on the classpath with a different version (1.9.20).

* Try:
> Run with --info or --debug option to get more log output.
> Run with --scan to get full insights.
> Get more help at https://help.gradle.org.

* Exception is:
org.gradle.api.GradleException: Error resolving plugin [id: 'org.jetbrains.kotlin.android', version: '2.0.0', apply: false]
	at org.gradle.plugin.use.internal.DefaultPluginRequestApplicator.resolveToFoundResult(DefaultPluginRequestApplicator.java:231)
	at org.gradle.plugin.use.internal.DefaultPluginRequestApplicator.lambda$resolvePluginRequests$3(DefaultPluginRequestApplicator.java:167)
	at org.gradle.util.internal.CollectionUtils.collect(CollectionUtils.java:212)
	at org.gradle.util.internal.CollectionUtils.collect(CollectionUtils.java:206)
	at org.gradle.plugin.use.internal.DefaultPluginRequestApplicator.resolvePluginRequests(DefaultPluginRequestApplicator.java:165)
	at org.gradle.plugin.use.internal.DefaultPluginRequestApplicator.applyPlugins(DefaultPluginRequestApplicator.java:100)
	at org.gradle.kotlin.dsl.provider.PluginRequestsHandler.handle(PluginRequestsHandler.kt:48)
	at org.gradle.kotlin.dsl.provider.StandardKotlinScriptEvaluator$InterpreterHost.applyPluginsTo(KotlinScriptEvaluator.kt:220)
	at org.gradle.kotlin.dsl.execution.Interpreter$ProgramHost.applyPluginsTo(Interpreter.kt:391)
	at Program.execute(Unknown Source)
	at org.gradle.kotlin.dsl.execution.Interpreter$ProgramHost.eval(Interpreter.kt:523)
	at org.gradle.kotlin.dsl.execution.Interpreter.eval(Interpreter.kt:198)
	at org.gradle.kotlin.dsl.provider.StandardKotlinScriptEvaluator.evaluate(KotlinScriptEvaluator.kt:121)
	at org.gradle.kotlin.dsl.provider.KotlinScriptPluginFactory$create$1.invoke(KotlinScriptPluginFactory.kt:51)
	at org.gradle.kotlin.dsl.provider.KotlinScriptPluginFactory$create$1.invoke(KotlinScriptPluginFactory.kt:48)
	at org.gradle.kotlin.dsl.provider.KotlinScriptPlugin.apply(KotlinScriptPlugin.kt:35)
	at org.gradle.configuration.BuildOperationScriptPlugin$1.run(BuildOperationScriptPlugin.java:65)
	at org.gradle.internal.operations.DefaultBuildOperationRunner$1.execute(DefaultBuildOperationRunner.java:29)
	at org.gradle.internal.operations.DefaultBuildOperationRunner$1.execute(DefaultBuildOperationRunner.java:26)
	at org.gradle.internal.operations.DefaultBuildOperationRunner$2.execute(DefaultBuildOperationRunner.java:66)
	at org.gradle.internal.operations.DefaultBuildOperationRunner$2.execute(DefaultBuildOperationRunner.java:59)
	at org.gradle.internal.operations.DefaultBuildOperationRunner.execute(DefaultBuildOperationRunner.java:157)
	at org.gradle.internal.operations.DefaultBuildOperationRunner.execute(DefaultBuildOperationRunner.java:59)
	at org.gradle.internal.operations.DefaultBuildOperationRunner.run(DefaultBuildOperationRunner.java:47)
	at org.gradle.internal.operations.DefaultBuildOperationExecutor.run(DefaultBuildOperationExecutor.java:68)
	at org.gradle.configuration.BuildOperationScriptPlugin.lambda$apply$0(BuildOperationScriptPlugin.java:62)
	at org.gradle.configuration.internal.DefaultUserCodeApplicationContext.apply(DefaultUserCodeApplicationContext.java:44)
	at org.gradle.configuration.BuildOperationScriptPlugin.apply(BuildOperationScriptPlugin.java:62)
	at org.gradle.api.internal.project.DefaultProjectStateRegistry$ProjectStateImpl.lambda$applyToMutableState$1(DefaultProjectStateRegistry.java:395)
	at org.gradle.api.internal.project.DefaultProjectStateRegistry$ProjectStateImpl.fromMutableState(DefaultProjectStateRegistry.java:413)
	at org.gradle.api.internal.project.DefaultProjectStateRegistry$ProjectStateImpl.applyToMutableState(DefaultProjectStateRegistry.java:394)
	at org.gradle.configuration.project.BuildScriptProcessor.execute(BuildScriptProcessor.java:46)
	at org.gradle.configuration.project.BuildScriptProcessor.execute(BuildScriptProcessor.java:27)
	at org.gradle.configuration.project.ConfigureActionsProjectEvaluator.evaluate(ConfigureActionsProjectEvaluator.java:35)
	at org.gradle.configuration.project.LifecycleProjectEvaluator$EvaluateProject.lambda$run$0(LifecycleProjectEvaluator.java:109)
	at org.gradle.api.internal.project.DefaultProjectStateRegistry$ProjectStateImpl.lambda$applyToMutableState$1(DefaultProjectStateRegistry.java:395)
	at org.gradle.api.internal.project.DefaultProjectStateRegistry$ProjectStateImpl.lambda$fromMutableState$2(DefaultProjectStateRegistry.java:418)
	at org.gradle.internal.work.DefaultWorkerLeaseService.withReplacedLocks(DefaultWorkerLeaseService.java:345)
	at org.gradle.api.internal.project.DefaultProjectStateRegistry$ProjectStateImpl.fromMutableState(DefaultProjectStateRegistry.java:418)
	at org.gradle.api.internal.project.DefaultProjectStateRegistry$ProjectStateImpl.applyToMutableState(DefaultProjectStateRegistry.java:394)
	at org.gradle.configuration.project.LifecycleProjectEvaluator$EvaluateProject.run(LifecycleProjectEvaluator.java:100)
	at org.gradle.internal.operations.DefaultBuildOperationRunner$1.execute(DefaultBuildOperationRunner.java:29)
	at org.gradle.internal.operations.DefaultBuildOperationRunner$1.execute(DefaultBuildOperationRunner.java:26)
	at org.gradle.internal.operations.DefaultBuildOperationRunner$2.execute(DefaultBuildOperationRunner.java:66)
	at org.gradle.internal.operations.DefaultBuildOperationRunner$2.execute(DefaultBuildOperationRunner.java:59)
	at org.gradle.internal.operations.DefaultBuildOperationRunner.execute(DefaultBuildOperationRunner.java:157)
	at org.gradle.internal.operations.DefaultBuildOperationRunner.execute(DefaultBuildOperationRunner.java:59)
	at org.gradle.internal.operations.DefaultBuildOperationRunner.run(DefaultBuildOperationRunner.java:47)
	at org.gradle.internal.operations.DefaultBuildOperationExecutor.run(DefaultBuildOperationExecutor.java:68)
	at org.gradle.configuration.project.LifecycleProjectEvaluator.evaluate(LifecycleProjectEvaluator.java:72)
	at org.gradle.api.internal.project.DefaultProject.evaluate(DefaultProject.java:782)
	at org.gradle.api.internal.project.DefaultProject.evaluate(DefaultProject.java:156)
	at org.gradle.api.internal.project.ProjectLifecycleController.lambda$ensureSelfConfigured$2(ProjectLifecycleController.java:84)
	at org.gradle.internal.model.StateTransitionController.lambda$doTransition$14(StateTransitionController.java:255)
	at org.gradle.internal.model.StateTransitionController.doTransition(StateTransitionController.java:266)
	at org.gradle.internal.model.StateTransitionController.doTransition(StateTransitionController.java:254)
	at org.gradle.internal.model.StateTransitionController.lambda$maybeTransitionIfNotCurrentlyTransitioning$10(StateTransitionController.java:199)
	at org.gradle.internal.work.DefaultSynchronizer.withLock(DefaultSynchronizer.java:34)
	at org.gradle.internal.model.StateTransitionController.maybeTransitionIfNotCurrentlyTransitioning(StateTransitionController.java:195)
	at org.gradle.api.internal.project.ProjectLifecycleController.ensureSelfConfigured(ProjectLifecycleController.java:84)
	at org.gradle.api.internal.project.DefaultProjectStateRegistry$ProjectStateImpl.ensureConfigured(DefaultProjectStateRegistry.java:369)
	at org.gradle.execution.TaskPathProjectEvaluator.configure(TaskPathProjectEvaluator.java:33)
	at org.gradle.execution.TaskPathProjectEvaluator.configureHierarchy(TaskPathProjectEvaluator.java:49)
	at org.gradle.configuration.DefaultProjectsPreparer.prepareProjects(DefaultProjectsPreparer.java:42)
	at org.gradle.configuration.BuildTreePreparingProjectsPreparer.prepareProjects(BuildTreePreparingProjectsPreparer.java:65)
	at org.gradle.configuration.BuildOperationFiringProjectsPreparer$ConfigureBuild.run(BuildOperationFiringProjectsPreparer.java:52)
	at org.gradle.internal.operations.DefaultBuildOperationRunner$1.execute(DefaultBuildOperationRunner.java:29)
	at org.gradle.internal.operations.DefaultBuildOperationRunner$1.execute(DefaultBuildOperationRunner.java:26)
	at org.gradle.internal.operations.DefaultBuildOperationRunner$2.execute(DefaultBuildOperationRunner.java:66)
	at org.gradle.internal.operations.DefaultBuildOperationRunner$2.execute(DefaultBuildOperationRunner.java:59)
	at org.gradle.internal.operations.DefaultBuildOperationRunner.execute(DefaultBuildOperationRunner.java:157)
	at org.gradle.internal.operations.DefaultBuildOperationRunner.execute(DefaultBuildOperationRunner.java:59)
	at org.gradle.internal.operations.DefaultBuildOperationRunner.run(DefaultBuildOperationRunner.java:47)
	at org.gradle.internal.operations.DefaultBuildOperationExecutor.run(DefaultBuildOperationExecutor.java:68)
	at org.gradle.configuration.BuildOperationFiringProjectsPreparer.prepareProjects(BuildOperationFiringProjectsPreparer.java:40)
	at org.gradle.initialization.VintageBuildModelController.lambda$prepareProjects$2(VintageBuildModelController.java:84)
	at org.gradle.internal.model.StateTransitionController.lambda$doTransition$14(StateTransitionController.java:255)
	at org.gradle.internal.model.StateTransitionController.doTransition(StateTransitionController.java:266)
	at org.gradle.internal.model.StateTransitionController.doTransition(StateTransitionController.java:254)
	at org.gradle.internal.model.StateTransitionController.lambda$transitionIfNotPreviously$11(StateTransitionController.java:213)
	at org.gradle.internal.work.DefaultSynchronizer.withLock(DefaultSynchronizer.java:34)
	at org.gradle.internal.model.StateTransitionController.transitionIfNotPreviously(StateTransitionController.java:209)
	at org.gradle.initialization.VintageBuildModelController.prepareProjects(VintageBuildModelController.java:84)
	at org.gradle.initialization.VintageBuildModelController.getConfiguredModel(VintageBuildModelController.java:64)
	at org.gradle.internal.build.DefaultBuildLifecycleController.lambda$withProjectsConfigured$1(DefaultBuildLifecycleController.java:130)
	at org.gradle.internal.model.StateTransitionController.lambda$notInState$3(StateTransitionController.java:132)
	at org.gradle.internal.work.DefaultSynchronizer.withLock(DefaultSynchronizer.java:44)
	at org.gradle.internal.model.StateTransitionController.notInState(StateTransitionController.java:128)
	at org.gradle.internal.build.DefaultBuildLifecycleController.withProjectsConfigured(DefaultBuildLifecycleController.java:130)
	at org.gradle.internal.build.DefaultBuildToolingModelController.locateBuilderForTarget(DefaultBuildToolingModelController.java:57)
	at org.gradle.internal.buildtree.DefaultBuildTreeModelCreator$DefaultBuildTreeModelController.lambda$locateBuilderForTarget$0(DefaultBuildTreeModelCreator.java:73)
	at org.gradle.internal.build.DefaultBuildLifecycleController.withToolingModels(DefaultBuildLifecycleController.java:278)
	at org.gradle.internal.build.AbstractBuildState.withToolingModels(AbstractBuildState.java:140)
	at org.gradle.internal.buildtree.DefaultBuildTreeModelCreator$DefaultBuildTreeModelController.locateBuilderForTarget(DefaultBuildTreeModelCreator.java:73)
	at org.gradle.internal.buildtree.DefaultBuildTreeModelCreator$DefaultBuildTreeModelController.locateBuilderForDefaultTarget(DefaultBuildTreeModelCreator.java:68)
	at org.gradle.tooling.internal.provider.runner.DefaultBuildController.getTarget(DefaultBuildController.java:157)
	at org.gradle.tooling.internal.provider.runner.DefaultBuildController.getModel(DefaultBuildController.java:101)
	at org.gradle.tooling.internal.consumer.connection.ParameterAwareBuildControllerAdapter.getModel(ParameterAwareBuildControllerAdapter.java:39)
	at org.gradle.tooling.internal.consumer.connection.UnparameterizedBuildController.getModel(UnparameterizedBuildController.java:113)
	at org.gradle.tooling.internal.consumer.connection.NestedActionAwareBuildControllerAdapter.getModel(NestedActionAwareBuildControllerAdapter.java:31)
	at org.gradle.tooling.internal.consumer.connection.UnparameterizedBuildController.findModel(UnparameterizedBuildController.java:97)
	at org.gradle.tooling.internal.consumer.connection.NestedActionAwareBuildControllerAdapter.findModel(NestedActionAwareBuildControllerAdapter.java:31)
	at org.gradle.tooling.internal.consumer.connection.UnparameterizedBuildController.findModel(UnparameterizedBuildController.java:81)
	at org.gradle.tooling.internal.consumer.connection.NestedActionAwareBuildControllerAdapter.findModel(NestedActionAwareBuildControllerAdapter.java:31)
	at org.gradle.tooling.internal.consumer.connection.UnparameterizedBuildController.findModel(UnparameterizedBuildController.java:66)
	at org.gradle.tooling.internal.consumer.connection.NestedActionAwareBuildControllerAdapter.findModel(NestedActionAwareBuildControllerAdapter.java:31)
	at org.jetbrains.plugins.gradle.model.ProjectImportAction.execute(ProjectImportAction.java:126)
	at org.jetbrains.plugins.gradle.model.ProjectImportAction.execute(ProjectImportAction.java:43)
	at org.gradle.tooling.internal.consumer.connection.InternalBuildActionAdapter.execute(InternalBuildActionAdapter.java:64)
	at org.gradle.tooling.internal.provider.runner.AbstractClientProvidedBuildActionRunner$ActionAdapter.runAction(AbstractClientProvidedBuildActionRunner.java:131)
	at org.gradle.tooling.internal.provider.runner.AbstractClientProvidedBuildActionRunner$ActionAdapter.beforeTasks(AbstractClientProvidedBuildActionRunner.java:99)
	at org.gradle.internal.buildtree.DefaultBuildTreeModelCreator.beforeTasks(DefaultBuildTreeModelCreator.java:52)
	at org.gradle.internal.buildtree.DefaultBuildTreeLifecycleController.lambda$fromBuildModel$2(DefaultBuildTreeLifecycleController.java:74)
	at org.gradle.internal.buildtree.DefaultBuildTreeLifecycleController.lambda$runBuild$4(DefaultBuildTreeLifecycleController.java:98)
	at org.gradle.internal.model.StateTransitionController.lambda$transition$6(StateTransitionController.java:169)
	at org.gradle.internal.model.StateTransitionController.doTransition(StateTransitionController.java:266)
	at org.gradle.internal.model.StateTransitionController.lambda$transition$7(StateTransitionController.java:169)
	at org.gradle.internal.work.DefaultSynchronizer.withLock(DefaultSynchronizer.java:44)
	at org.gradle.internal.model.StateTransitionController.transition(StateTransitionController.java:169)
	at org.gradle.internal.buildtree.DefaultBuildTreeLifecycleController.runBuild(DefaultBuildTreeLifecycleController.java:95)
	at org.gradle.internal.buildtree.DefaultBuildTreeLifecycleController.fromBuildModel(DefaultBuildTreeLifecycleController.java:73)
	at org.gradle.tooling.internal.provider.runner.AbstractClientProvidedBuildActionRunner.runClientAction(AbstractClientProvidedBuildActionRunner.java:43)
	at org.gradle.tooling.internal.provider.runner.ClientProvidedPhasedActionRunner.run(ClientProvidedPhasedActionRunner.java:53)
	at org.gradle.launcher.exec.ChainingBuildActionRunner.run(ChainingBuildActionRunner.java:35)
	at org.gradle.internal.buildtree.ProblemReportingBuildActionRunner.run(ProblemReportingBuildActionRunner.java:49)
	at org.gradle.launcher.exec.BuildOutcomeReportingBuildActionRunner.run(BuildOutcomeReportingBuildActionRunner.java:65)
	at org.gradle.tooling.internal.provider.FileSystemWatchingBuildActionRunner.run(FileSystemWatchingBuildActionRunner.java:140)
	at org.gradle.launcher.exec.BuildCompletionNotifyingBuildActionRunner.run(BuildCompletionNotifyingBuildActionRunner.java:41)
	at org.gradle.launcher.exec.RootBuildLifecycleBuildActionExecutor.lambda$execute$0(RootBuildLifecycleBuildActionExecutor.java:40)
	at org.gradle.composite.internal.DefaultRootBuildState.run(DefaultRootBuildState.java:122)
	at org.gradle.launcher.exec.RootBuildLifecycleBuildActionExecutor.execute(RootBuildLifecycleBuildActionExecutor.java:40)
	at org.gradle.internal.buildtree.InitDeprecationLoggingActionExecutor.execute(InitDeprecationLoggingActionExecutor.java:58)
	at org.gradle.internal.buildtree.DefaultBuildTreeContext.execute(DefaultBuildTreeContext.java:40)
	at org.gradle.launcher.exec.BuildTreeLifecycleBuildActionExecutor.lambda$execute$0(BuildTreeLifecycleBuildActionExecutor.java:65)
	at org.gradle.internal.buildtree.BuildTreeState.run(BuildTreeState.java:53)
	at org.gradle.launcher.exec.BuildTreeLifecycleBuildActionExecutor.execute(BuildTreeLifecycleBuildActionExecutor.java:65)
	at org.gradle.launcher.exec.RunAsBuildOperationBuildActionExecutor$3.call(RunAsBuildOperationBuildActionExecutor.java:61)
	at org.gradle.launcher.exec.RunAsBuildOperationBuildActionExecutor$3.call(RunAsBuildOperationBuildActionExecutor.java:57)
	at org.gradle.internal.operations.DefaultBuildOperationRunner$CallableBuildOperationWorker.execute(DefaultBuildOperationRunner.java:204)
	at org.gradle.internal.operations.DefaultBuildOperationRunner$CallableBuildOperationWorker.execute(DefaultBuildOperationRunner.java:199)
	at org.gradle.internal.operations.DefaultBuildOperationRunner$2.execute(DefaultBuildOperationRunner.java:66)
	at org.gradle.internal.operations.DefaultBuildOperationRunner$2.execute(DefaultBuildOperationRunner.java:59)
	at org.gradle.internal.operations.DefaultBuildOperationRunner.execute(DefaultBuildOperationRunner.java:157)
	at org.gradle.internal.operations.DefaultBuildOperationRunner.execute(DefaultBuildOperationRunner.java:59)
	at org.gradle.internal.operations.DefaultBuildOperationRunner.call(DefaultBuildOperationRunner.java:53)
	at org.gradle.internal.operations.DefaultBuildOperationExecutor.call(DefaultBuildOperationExecutor.java:73)
	at org.gradle.launcher.exec.RunAsBuildOperationBuildActionExecutor.execute(RunAsBuildOperationBuildActionExecutor.java:57)
	at org.gradle.launcher.exec.RunAsWorkerThreadBuildActionExecutor.lambda$execute$0(RunAsWorkerThreadBuildActionExecutor.java:36)
	at org.gradle.internal.work.DefaultWorkerLeaseService.withLocks(DefaultWorkerLeaseService.java:249)
	at org.gradle.internal.work.DefaultWorkerLeaseService.runAsWorkerThread(DefaultWorkerLeaseService.java:109)
	at org.gradle.launcher.exec.RunAsWorkerThreadBuildActionExecutor.execute(RunAsWorkerThreadBuildActionExecutor.java:36)
	at org.gradle.tooling.internal.provider.continuous.ContinuousBuildActionExecutor.execute(ContinuousBuildActionExecutor.java:110)
	at org.gradle.tooling.internal.provider.SubscribableBuildActionExecutor.execute(SubscribableBuildActionExecutor.java:64)
	at org.gradle.internal.session.DefaultBuildSessionContext.execute(DefaultBuildSessionContext.java:46)
	at org.gradle.tooling.internal.provider.BuildSessionLifecycleBuildActionExecuter$ActionImpl.apply(BuildSessionLifecycleBuildActionExecuter.java:100)
	at org.gradle.tooling.internal.provider.BuildSessionLifecycleBuildActionExecuter$ActionImpl.apply(BuildSessionLifecycleBuildActionExecuter.java:88)
	at org.gradle.internal.session.BuildSessionState.run(BuildSessionState.java:69)
	at org.gradle.tooling.internal.provider.BuildSessionLifecycleBuildActionExecuter.execute(BuildSessionLifecycleBuildActionExecuter.java:62)
	at org.gradle.tooling.internal.provider.BuildSessionLifecycleBuildActionExecuter.execute(BuildSessionLifecycleBuildActionExecuter.java:41)
	at org.gradle.tooling.internal.provider.StartParamsValidatingActionExecuter.execute(StartParamsValidatingActionExecuter.java:64)
	at org.gradle.tooling.internal.provider.StartParamsValidatingActionExecuter.execute(StartParamsValidatingActionExecuter.java:32)
	at org.gradle.tooling.internal.provider.SessionFailureReportingActionExecuter.execute(SessionFailureReportingActionExecuter.java:50)
	at org.gradle.tooling.internal.provider.SessionFailureReportingActionExecuter.execute(SessionFailureReportingActionExecuter.java:38)
	at org.gradle.tooling.internal.provider.SetupLoggingActionExecuter.execute(SetupLoggingActionExecuter.java:47)
	at org.gradle.tooling.internal.provider.SetupLoggingActionExecuter.execute(SetupLoggingActionExecuter.java:31)
	at org.gradle.launcher.daemon.server.exec.ExecuteBuild.doBuild(ExecuteBuild.java:65)
	at org.gradle.launcher.daemon.server.exec.BuildCommandOnly.execute(BuildCommandOnly.java:37)
	at org.gradle.launcher.daemon.server.api.DaemonCommandExecution.proceed(DaemonCommandExecution.java:104)
	at org.gradle.launcher.daemon.server.exec.WatchForDisconnection.execute(WatchForDisconnection.java:39)
	at org.gradle.launcher.daemon.server.api.DaemonCommandExecution.proceed(DaemonCommandExecution.java:104)
	at org.gradle.launcher.daemon.server.exec.ResetDeprecationLogger.execute(ResetDeprecationLogger.java:29)
	at org.gradle.launcher.daemon.server.api.DaemonCommandExecution.proceed(DaemonCommandExecution.java:104)
	at org.gradle.launcher.daemon.server.exec.RequestStopIfSingleUsedDaemon.execute(RequestStopIfSingleUsedDaemon.java:35)
	at org.gradle.launcher.daemon.server.api.DaemonCommandExecution.proceed(DaemonCommandExecution.java:104)
	at org.gradle.launcher.daemon.server.exec.ForwardClientInput$2.create(ForwardClientInput.java:78)
	at org.gradle.launcher.daemon.server.exec.ForwardClientInput$2.create(ForwardClientInput.java:75)
	at org.gradle.util.internal.Swapper.swap(Swapper.java:38)
	at org.gradle.launcher.daemon.server.exec.ForwardClientInput.execute(ForwardClientInput.java:75)
	at org.gradle.launcher.daemon.server.api.DaemonCommandExecution.proceed(DaemonCommandExecution.java:104)
	at org.gradle.launcher.daemon.server.exec.LogAndCheckHealth.execute(LogAndCheckHealth.java:64)
	at org.gradle.launcher.daemon.server.api.DaemonCommandExecution.proceed(DaemonCommandExecution.java:104)
	at org.gradle.launcher.daemon.server.exec.LogToClient.doBuild(LogToClient.java:63)
	at org.gradle.launcher.daemon.server.exec.BuildCommandOnly.execute(BuildCommandOnly.java:37)
	at org.gradle.launcher.daemon.server.api.DaemonCommandExecution.proceed(DaemonCommandExecution.java:104)
	at org.gradle.launcher.daemon.server.exec.EstablishBuildEnvironment.doBuild(EstablishBuildEnvironment.java:84)
	at org.gradle.launcher.daemon.server.exec.BuildCommandOnly.execute(BuildCommandOnly.java:37)
	at org.gradle.launcher.daemon.server.api.DaemonCommandExecution.proceed(DaemonCommandExecution.java:104)
	at org.gradle.launcher.daemon.server.exec.StartBuildOrRespondWithBusy$1.run(StartBuildOrRespondWithBusy.java:52)
	at org.gradle.launcher.daemon.server.DaemonStateCoordinator$1.run(DaemonStateCoordinator.java:297)
	at org.gradle.internal.concurrent.ExecutorPolicy$CatchAndRecordFailures.onExecute(ExecutorPolicy.java:64)
	at org.gradle.internal.concurrent.AbstractManagedExecutor$1.run(AbstractManagedExecutor.java:47)
Caused by: org.gradle.plugin.management.internal.InvalidPluginRequestException: The request for this plugin could not be satisfied because the plugin is already on the classpath with a different version (1.9.20).
	at org.gradle.plugin.use.resolve.internal.AlreadyOnClasspathPluginResolver.resolve(AlreadyOnClasspathPluginResolver.java:77)
	at org.gradle.plugin.use.internal.DefaultPluginRequestApplicator.resolveToFoundResult(DefaultPluginRequestApplicator.java:228)
	... 190 more


CONFIGURE FAILED in 2s
2026-09-30T11:18:46.059+0530 [DEBUG] [org.gradle.launcher.daemon.server.exec.ExecuteBuild] The daemon has finished executing the build.
2026-09-30T11:18:46.078+0530 [DEBUG] [org.gradle.launcher.daemon.server.DaemonStateCoordinator] daemon is running. Sleeping until state changes.
2026-09-30T11:18:46.078+0530 [DEBUG] [org.gradle.launcher.daemon.server.DaemonStateCoordinator] Command execution: finished waiting for DaemonCommandExecution[command = Build{id=46d72f9c-8fb9-451f-bd7b-37cc64264e70, currentDir=D:\GRAPHINOVAS\AI Studio\GRAPHYNOVUS II SUDORA\sudoku-organizer}, connection = DefaultDaemonConnection: socket connection from /127.0.0.1:63242 to /127.0.0.1:63255]. Result org.gradle.launcher.daemon.server.DaemonStateCoordinator@7b57c3c9 with state Busy
2026-09-30T11:18:46.078+0530 [DEBUG] [org.gradle.launcher.daemon.server.DaemonStateCoordinator] Command execution: completed DaemonCommandExecution[command = Build{id=46d72f9c-8fb9-451f-bd7b-37cc64264e70, currentDir=D:\GRAPHINOVAS\AI Studio\GRAPHYNOVUS II SUDORA\sudoku-organizer}, connection = DefaultDaemonConnection: socket connection from /127.0.0.1:63242 to /127.0.0.1:63255]
2026-09-30T11:18:46.078+0530 [DEBUG] [org.gradle.launcher.daemon.server.DaemonStateCoordinator] resetting idle timer
2026-09-30T11:18:46.078+0530 [INFO] [org.gradle.launcher.daemon.server.DaemonRegistryUpdater] Marking the daemon as idle, address: [4b83dc4a-d1b1-40c7-b00f-b6082d3654ac port:63242, addresses:[localhost/127.0.0.1]]
2026-09-30T11:18:46.078+0530 [DEBUG] [org.gradle.launcher.daemon.registry.PersistentDaemonRegistry] Marking busy by address: [4b83dc4a-d1b1-40c7-b00f-b6082d3654ac port:63242, addresses:[localhost/127.0.0.1]]
2026-09-30T11:18:46.079+0530 [DEBUG] [org.gradle.cache.internal.DefaultFileLockManager] Waiting to acquire exclusive lock on daemon addresses registry.
2026-09-30T11:18:46.080+0530 [DEBUG] [org.gradle.cache.internal.DefaultFileLockManager] Lock acquired on daemon addresses registry.
2026-09-30T11:18:46.082+0530 [DEBUG] [org.gradle.cache.internal.DefaultFileLockManager] Releasing lock on daemon addresses registry.
2026-09-30T11:18:46.082+0530 [DEBUG] [org.gradle.launcher.daemon.server.DaemonStateCoordinator] daemon is running. Sleeping until state changes.
2026-09-30T11:18:46.082+0530 [DEBUG] [org.gradle.launcher.daemon.server.exec.ReturnResult] Daemon is dispatching the build result: Success[value=org.gradle.launcher.exec.BuildActionResult@129f6b8a]
2026-09-30T11:18:46.083+0530 [DEBUG] [org.gradle.launcher.daemon.server.SynchronizedDispatchConnection] thread 20: dispatching Success[value=org.gradle.launcher.exec.BuildActionResult@129f6b8a]
2026-09-30T11:18:46.086+0530 [DEBUG] [org.gradle.launcher.daemon.server.SynchronizedDispatchConnection] thread 51: received class org.gradle.launcher.daemon.protocol.Finished
2026-09-30T11:18:46.086+0530 [DEBUG] [org.gradle.launcher.daemon.server.DefaultDaemonConnection] thread 51: Received non-IO message from client: org.gradle.launcher.daemon.protocol.Finished@5cfc7c16
2026-09-30T11:18:46.086+0530 [DEBUG] [org.gradle.internal.remote.internal.inet.SocketConnection] Discarding EOFException: java.io.EOFException
2026-09-30T11:18:46.086+0530 [DEBUG] [org.gradle.launcher.daemon.server.SynchronizedDispatchConnection] thread 51: received null
2026-09-30T11:18:46.086+0530 [DEBUG] [org.gradle.launcher.daemon.server.DefaultDaemonConnection] thread 51: Received end-of-input from client.
2026-09-30T11:18:46.087+0530 [DEBUG] [org.gradle.launcher.daemon.server.DefaultIncomingConnectionHandler] Finishing executing command: Build{id=46d72f9c-8fb9-451f-bd7b-37cc64264e70, currentDir=D:\GRAPHINOVAS\AI Studio\GRAPHYNOVUS II SUDORA\sudoku-organizer}
2026-09-30T11:18:46.088+0530 [DEBUG] [org.gradle.launcher.daemon.server.DefaultIncomingConnectionHandler] Received finished message: null
2026-09-30T11:18:46.088+0530 [DEBUG] [org.gradle.launcher.daemon.server.SynchronizedDispatchConnection] thread 20: stopping connection
2026-09-30T11:18:46.145+0530 [DEBUG] [org.gradle.launcher.daemon.server.SynchronizedDispatchConnection] thread 20: stopping connection
2026-09-30T11:18:55.671+0530 [DEBUG] [org.gradle.cache.internal.DefaultFileLockManager] Waiting to acquire shared lock on daemon addresses registry.
2026-09-30T11:18:55.671+0530 [DEBUG] [org.gradle.cache.internal.DefaultFileLockManager] Lock acquired on daemon addresses registry.
2026-09-30T11:18:55.672+0530 [DEBUG] [org.gradle.cache.internal.DefaultFileLockManager] Releasing lock on daemon addresses registry.
2026-09-30T11:18:55.672+0530 [DEBUG] [org.gradle.cache.internal.DefaultFileLockManager] Waiting to acquire shared lock on daemon addresses registry.
2026-09-30T11:18:55.672+0530 [DEBUG] [org.gradle.cache.internal.DefaultFileLockManager] Lock acquired on daemon addresses registry.
2026-09-30T11:18:55.673+0530 [DEBUG] [org.gradle.cache.internal.DefaultFileLockManager] Releasing lock on daemon addresses registry.
2026-09-30T11:19:01.724+0530 [DEBUG] [org.gradle.internal.remote.internal.inet.TcpIncomingConnector] Accepted connection from /127.0.0.1:63262 to /127.0.0.1:63242.
2026-09-30T11:19:01.731+0530 [DEBUG] [org.gradle.launcher.daemon.server.SynchronizedDispatchConnection] thread 66: received class org.gradle.launcher.daemon.protocol.Build
2026-09-30T11:19:01.731+0530 [DEBUG] [org.gradle.launcher.daemon.server.DefaultDaemonConnection] thread 66: Received non-IO message from client: Build{id=ff0f7e84-439a-4f00-a9fd-093bc8d3a1aa, currentDir=D:\GRAPHINOVAS\AI Studio\GRAPHYNOVUS II SUDORA\sudoku-organizer}
2026-09-30T11:19:01.731+0530 [INFO] [org.gradle.launcher.daemon.server.DefaultIncomingConnectionHandler] Received command: Build{id=ff0f7e84-439a-4f00-a9fd-093bc8d3a1aa, currentDir=D:\GRAPHINOVAS\AI Studio\GRAPHYNOVUS II SUDORA\sudoku-organizer}.
2026-09-30T11:19:01.731+0530 [DEBUG] [org.gradle.launcher.daemon.server.DefaultIncomingConnectionHandler] Starting executing command: Build{id=ff0f7e84-439a-4f00-a9fd-093bc8d3a1aa, currentDir=D:\GRAPHINOVAS\AI Studio\GRAPHYNOVUS II SUDORA\sudoku-organizer} with connection: socket connection from /127.0.0.1:63242 to /127.0.0.1:63262.
2026-09-30T11:19:01.732+0530 [DEBUG] [org.gradle.launcher.daemon.server.DaemonStateCoordinator] Command execution: started DaemonCommandExecution[command = Build{id=ff0f7e84-439a-4f00-a9fd-093bc8d3a1aa, currentDir=D:\GRAPHINOVAS\AI Studio\GRAPHYNOVUS II SUDORA\sudoku-organizer}, connection = DefaultDaemonConnection: socket connection from /127.0.0.1:63242 to /127.0.0.1:63262] after 0.0 minutes of idle
2026-09-30T11:19:01.732+0530 [INFO] [org.gradle.launcher.daemon.server.DaemonRegistryUpdater] Marking the daemon as busy, address: [4b83dc4a-d1b1-40c7-b00f-b6082d3654ac port:63242, addresses:[localhost/127.0.0.1]]
2026-09-30T11:19:01.732+0530 [DEBUG] [org.gradle.launcher.daemon.registry.PersistentDaemonRegistry] Marking busy by address: [4b83dc4a-d1b1-40c7-b00f-b6082d3654ac port:63242, addresses:[localhost/127.0.0.1]]
2026-09-30T11:19:01.732+0530 [DEBUG] [org.gradle.cache.internal.DefaultFileLockManager] Waiting to acquire exclusive lock on daemon addresses registry.
2026-09-30T11:19:01.733+0530 [DEBUG] [org.gradle.cache.internal.DefaultFileLockManager] Lock acquired on daemon addresses registry.
2026-09-30T11:19:01.734+0530 [DEBUG] [org.gradle.cache.internal.DefaultFileLockManager] Releasing lock on daemon addresses registry.
2026-09-30T11:19:01.735+0530 [DEBUG] [org.gradle.launcher.daemon.server.DaemonStateCoordinator] resetting idle timer
2026-09-30T11:19:01.735+0530 [DEBUG] [org.gradle.launcher.daemon.server.DaemonStateCoordinator] daemon is running. Sleeping until state changes.
2026-09-30T11:19:01.735+0530 [INFO] [org.gradle.launcher.daemon.server.exec.StartBuildOrRespondWithBusy] Daemon is about to start building Build{id=ff0f7e84-439a-4f00-a9fd-093bc8d3a1aa, currentDir=D:\GRAPHINOVAS\AI Studio\GRAPHYNOVUS II SUDORA\sudoku-organizer}. Dispatching build started information...
2026-09-30T11:19:01.735+0530 [DEBUG] [org.gradle.launcher.daemon.server.SynchronizedDispatchConnection] thread 23: dispatching org.gradle.launcher.daemon.protocol.BuildStarted@569b9d38
2026-09-30T11:19:01.736+0530 [DEBUG] [org.gradle.launcher.daemon.server.exec.EstablishBuildEnvironment] Configuring env variables: [USERDOMAIN_ROAMINGPROFILE, PROCESSOR_LEVEL, SESSIONNAME, ALLUSERSPROFILE, INTEL_DEV_REDIST, PROCESSOR_ARCHITECTURE, MIC_LD_LIBRARY_PATH, ANDROID_HOME, PSModulePath, SystemDrive, USERNAME, ProgramFiles(x86), FPS_BROWSER_USER_PROFILE_STRING, PATHEXT, DriverData, ProgramData, ProgramW6432, HOMEPATH, PROCESSOR_IDENTIFIER, GRALDLE_HOME, ProgramFiles, PUBLIC, windir, GlobalVariableMeritTracSecureDesktop, =::, OPENSSL_CONF, LOCALAPPDATA, ChocolateyLastPathUpdate, USERDOMAIN, LOGONSERVER, WIX, FPS_BROWSER_APP_PROFILE_STRING, JAVA_HOME, OneDrive, APPDATA, ChocolateyInstall, VBOX_MSI_INSTALL_PATH, CommonProgramFiles, Path, OS, COMPUTERNAME, PROCESSOR_REVISION, CommonProgramW6432, ComSpec, TEMP, SystemRoot, HOMEDRIVE, USERPROFILE, TMP, CommonProgramFiles(x86), NUMBER_OF_PROCESSORS, IDEA_INITIAL_DIRECTORY]
2026-09-30T11:19:01.737+0530 [DEBUG] [org.gradle.launcher.daemon.server.exec.LogToClient] About to start relaying all logs to the client via the connection.
2026-09-30T11:19:01.737+0530 [INFO] [org.gradle.launcher.daemon.server.exec.LogToClient] The client will now receive all logging from the daemon (pid: 10956). The daemon log file: D:\GRAPHINOVAS\AI Studio\GRAPHYNOVUS II SUDORA\sudoku-organizer\gradle\daemon\8.2\daemon-10956.out.log
2026-09-30T11:19:01.738+0530 [INFO] [org.gradle.launcher.daemon.server.exec.LogAndCheckHealth] Starting 3rd build in daemon [uptime: 48.68 secs, performance: 100%, GC rate: 0.00/s, heap usage: 0% of 4 GiB]
2026-09-30T11:19:01.738+0530 [DEBUG] [org.gradle.launcher.daemon.server.exec.ExecuteBuild] The daemon has started executing the build.
2026-09-30T11:19:01.738+0530 [DEBUG] [org.gradle.launcher.daemon.server.exec.ExecuteBuild] Executing build with daemon context: DefaultDaemonContext[uid=317cb9ef-3859-4b0f-bea1-74507d243cb7,javaHome=C:\Program Files\Android\Android Studio\jbr,daemonRegistryDir=D:\GRAPHINOVAS\AI Studio\GRAPHYNOVUS II SUDORA\sudoku-organizer\gradle\daemon,pid=10956,idleTimeout=10800000,priority=NORMAL,applyInstrumentationAgent=true,daemonOpts=--add-opens=java.base/java.util=ALL-UNNAMED,--add-opens=java.base/java.lang=ALL-UNNAMED,--add-opens=java.base/java.lang.invoke=ALL-UNNAMED,--add-opens=java.prefs/java.util.prefs=ALL-UNNAMED,--add-opens=java.base/java.nio.charset=ALL-UNNAMED,--add-opens=java.base/java.net=ALL-UNNAMED,--add-opens=java.base/java.util.concurrent.atomic=ALL-UNNAMED,-Xmx4g,-Dfile.encoding=UTF-8,-Duser.country=IN,-Duser.language=en,-Duser.variant]

FAILURE: Build failed with an exception.

* Where:
Build file 'D:\GRAPHINOVAS\AI Studio\GRAPHYNOVUS II SUDORA\sudoku-organizer\app\build.gradle.kts' line: 3

* What went wrong:
Error resolving plugin [id: 'org.jetbrains.kotlin.android', version: '2.0.0', apply: false]
> The request for this plugin could not be satisfied because the plugin is already on the classpath with a different version (1.9.20).

* Try:
> Run with --info or --debug option to get more log output.
> Run with --scan to get full insights.
> Get more help at https://help.gradle.org.

* Exception is:
org.gradle.api.GradleException: Error resolving plugin [id: 'org.jetbrains.kotlin.android', version: '2.0.0', apply: false]
	at org.gradle.plugin.use.internal.DefaultPluginRequestApplicator.resolveToFoundResult(DefaultPluginRequestApplicator.java:231)
	at org.gradle.plugin.use.internal.DefaultPluginRequestApplicator.lambda$resolvePluginRequests$3(DefaultPluginRequestApplicator.java:167)
	at org.gradle.util.internal.CollectionUtils.collect(CollectionUtils.java:212)
	at org.gradle.util.internal.CollectionUtils.collect(CollectionUtils.java:206)
	at org.gradle.plugin.use.internal.DefaultPluginRequestApplicator.resolvePluginRequests(DefaultPluginRequestApplicator.java:165)
	at org.gradle.plugin.use.internal.DefaultPluginRequestApplicator.applyPlugins(DefaultPluginRequestApplicator.java:100)
	at org.gradle.kotlin.dsl.provider.PluginRequestsHandler.handle(PluginRequestsHandler.kt:48)
	at org.gradle.kotlin.dsl.provider.StandardKotlinScriptEvaluator$InterpreterHost.applyPluginsTo(KotlinScriptEvaluator.kt:220)
	at org.gradle.kotlin.dsl.execution.Interpreter$ProgramHost.applyPluginsTo(Interpreter.kt:391)
	at Program.execute(Unknown Source)
	at org.gradle.kotlin.dsl.execution.Interpreter$ProgramHost.eval(Interpreter.kt:523)
	at org.gradle.kotlin.dsl.execution.Interpreter.eval(Interpreter.kt:198)
	at org.gradle.kotlin.dsl.provider.StandardKotlinScriptEvaluator.evaluate(KotlinScriptEvaluator.kt:121)
	at org.gradle.kotlin.dsl.provider.KotlinScriptPluginFactory$create$1.invoke(KotlinScriptPluginFactory.kt:51)
	at org.gradle.kotlin.dsl.provider.KotlinScriptPluginFactory$create$1.invoke(KotlinScriptPluginFactory.kt:48)
	at org.gradle.kotlin.dsl.provider.KotlinScriptPlugin.apply(KotlinScriptPlugin.kt:35)
	at org.gradle.configuration.BuildOperationScriptPlugin$1.run(BuildOperationScriptPlugin.java:65)
	at org.gradle.internal.operations.DefaultBuildOperationRunner$1.execute(DefaultBuildOperationRunner.java:29)
	at org.gradle.internal.operations.DefaultBuildOperationRunner$1.execute(DefaultBuildOperationRunner.java:26)
	at org.gradle.internal.operations.DefaultBuildOperationRunner$2.execute(DefaultBuildOperationRunner.java:66)
	at org.gradle.internal.operations.DefaultBuildOperationRunner$2.execute(DefaultBuildOperationRunner.java:59)
	at org.gradle.internal.operations.DefaultBuildOperationRunner.execute(DefaultBuildOperationRunner.java:157)
	at org.gradle.internal.operations.DefaultBuildOperationRunner.execute(DefaultBuildOperationRunner.java:59)
	at org.gradle.internal.operations.DefaultBuildOperationRunner.run(DefaultBuildOperationRunner.java:47)
	at org.gradle.internal.operations.DefaultBuildOperationExecutor.run(DefaultBuildOperationExecutor.java:68)
	at org.gradle.configuration.BuildOperationScriptPlugin.lambda$apply$0(BuildOperationScriptPlugin.java:62)
	at org.gradle.configuration.internal.DefaultUserCodeApplicationContext.apply(DefaultUserCodeApplicationContext.java:44)
	at org.gradle.configuration.BuildOperationScriptPlugin.apply(BuildOperationScriptPlugin.java:62)
	at org.gradle.api.internal.project.DefaultProjectStateRegistry$ProjectStateImpl.lambda$applyToMutableState$1(DefaultProjectStateRegistry.java:395)
	at org.gradle.api.internal.project.DefaultProjectStateRegistry$ProjectStateImpl.fromMutableState(DefaultProjectStateRegistry.java:413)
	at org.gradle.api.internal.project.DefaultProjectStateRegistry$ProjectStateImpl.applyToMutableState(DefaultProjectStateRegistry.java:394)
	at org.gradle.configuration.project.BuildScriptProcessor.execute(BuildScriptProcessor.java:46)
	at org.gradle.configuration.project.BuildScriptProcessor.execute(BuildScriptProcessor.java:27)
	at org.gradle.configuration.project.ConfigureActionsProjectEvaluator.evaluate(ConfigureActionsProjectEvaluator.java:35)
	at org.gradle.configuration.project.LifecycleProjectEvaluator$EvaluateProject.lambda$run$0(LifecycleProjectEvaluator.java:109)
	at org.gradle.api.internal.project.DefaultProjectStateRegistry$ProjectStateImpl.lambda$applyToMutableState$1(DefaultProjectStateRegistry.java:395)
	at org.gradle.api.internal.project.DefaultProjectStateRegistry$ProjectStateImpl.lambda$fromMutableState$2(DefaultProjectStateRegistry.java:418)
	at org.gradle.internal.work.DefaultWorkerLeaseService.withReplacedLocks(DefaultWorkerLeaseService.java:345)
	at org.gradle.api.internal.project.DefaultProjectStateRegistry$ProjectStateImpl.fromMutableState(DefaultProjectStateRegistry.java:418)
	at org.gradle.api.internal.project.DefaultProjectStateRegistry$ProjectStateImpl.applyToMutableState(DefaultProjectStateRegistry.java:394)
	at org.gradle.configuration.project.LifecycleProjectEvaluator$EvaluateProject.run(LifecycleProjectEvaluator.java:100)
	at org.gradle.internal.operations.DefaultBuildOperationRunner$1.execute(DefaultBuildOperationRunner.java:29)
	at org.gradle.internal.operations.DefaultBuildOperationRunner$1.execute(DefaultBuildOperationRunner.java:26)
	at org.gradle.internal.operations.DefaultBuildOperationRunner$2.execute(DefaultBuildOperationRunner.java:66)
	at org.gradle.internal.operations.DefaultBuildOperationRunner$2.execute(DefaultBuildOperationRunner.java:59)
	at org.gradle.internal.operations.DefaultBuildOperationRunner.execute(DefaultBuildOperationRunner.java:157)
	at org.gradle.internal.operations.DefaultBuildOperationRunner.execute(DefaultBuildOperationRunner.java:59)
	at org.gradle.internal.operations.DefaultBuildOperationRunner.run(DefaultBuildOperationRunner.java:47)
	at org.gradle.internal.operations.DefaultBuildOperationExecutor.run(DefaultBuildOperationExecutor.java:68)
	at org.gradle.configuration.project.LifecycleProjectEvaluator.evaluate(LifecycleProjectEvaluator.java:72)
	at org.gradle.api.internal.project.DefaultProject.evaluate(DefaultProject.java:782)
	at org.gradle.api.internal.project.DefaultProject.evaluate(DefaultProject.java:156)
	at org.gradle.api.internal.project.ProjectLifecycleController.lambda$ensureSelfConfigured$2(ProjectLifecycleController.java:84)
	at org.gradle.internal.model.StateTransitionController.lambda$doTransition$14(StateTransitionController.java:255)
	at org.gradle.internal.model.StateTransitionController.doTransition(StateTransitionController.java:266)
	at org.gradle.internal.model.StateTransitionController.doTransition(StateTransitionController.java:254)
	at org.gradle.internal.model.StateTransitionController.lambda$maybeTransitionIfNotCurrentlyTransitioning$10(StateTransitionController.java:199)
	at org.gradle.internal.work.DefaultSynchronizer.withLock(DefaultSynchronizer.java:34)
	at org.gradle.internal.model.StateTransitionController.maybeTransitionIfNotCurrentlyTransitioning(StateTransitionController.java:195)
	at org.gradle.api.internal.project.ProjectLifecycleController.ensureSelfConfigured(ProjectLifecycleController.java:84)
	at org.gradle.api.internal.project.DefaultProjectStateRegistry$ProjectStateImpl.ensureConfigured(DefaultProjectStateRegistry.java:369)
	at org.gradle.execution.TaskPathProjectEvaluator.configure(TaskPathProjectEvaluator.java:33)
	at org.gradle.execution.TaskPathProjectEvaluator.configureHierarchy(TaskPathProjectEvaluator.java:49)
	at org.gradle.configuration.DefaultProjectsPreparer.prepareProjects(DefaultProjectsPreparer.java:42)
	at org.gradle.configuration.BuildTreePreparingProjectsPreparer.prepareProjects(BuildTreePreparingProjectsPreparer.java:65)
	at org.gradle.configuration.BuildOperationFiringProjectsPreparer$ConfigureBuild.run(BuildOperationFiringProjectsPreparer.java:52)
	at org.gradle.internal.operations.DefaultBuildOperationRunner$1.execute(DefaultBuildOperationRunner.java:29)
	at org.gradle.internal.operations.DefaultBuildOperationRunner$1.execute(DefaultBuildOperationRunner.java:26)
	at org.gradle.internal.operations.DefaultBuildOperationRunner$2.execute(DefaultBuildOperationRunner.java:66)
	at org.gradle.internal.operations.DefaultBuildOperationRunner$2.execute(DefaultBuildOperationRunner.java:59)
	at org.gradle.internal.operations.DefaultBuildOperationRunner.execute(DefaultBuildOperationRunner.java:157)
	at org.gradle.internal.operations.DefaultBuildOperationRunner.execute(DefaultBuildOperationRunner.java:59)
	at org.gradle.internal.operations.DefaultBuildOperationRunner.run(DefaultBuildOperationRunner.java:47)
	at org.gradle.internal.operations.DefaultBuildOperationExecutor.run(DefaultBuildOperationExecutor.java:68)
	at org.gradle.configuration.BuildOperationFiringProjectsPreparer.prepareProjects(BuildOperationFiringProjectsPreparer.java:40)
	at org.gradle.initialization.VintageBuildModelController.lambda$prepareProjects$2(VintageBuildModelController.java:84)
	at org.gradle.internal.model.StateTransitionController.lambda$doTransition$14(StateTransitionController.java:255)
	at org.gradle.internal.model.StateTransitionController.doTransition(StateTransitionController.java:266)
	at org.gradle.internal.model.StateTransitionController.doTransition(StateTransitionController.java:254)
	at org.gradle.internal.model.StateTransitionController.lambda$transitionIfNotPreviously$11(StateTransitionController.java:213)
	at org.gradle.internal.work.DefaultSynchronizer.withLock(DefaultSynchronizer.java:34)
	at org.gradle.internal.model.StateTransitionController.transitionIfNotPreviously(StateTransitionController.java:209)
	at org.gradle.initialization.VintageBuildModelController.prepareProjects(VintageBuildModelController.java:84)
	at org.gradle.initialization.VintageBuildModelController.getConfiguredModel(VintageBuildModelController.java:64)
	at org.gradle.internal.build.DefaultBuildLifecycleController.lambda$withProjectsConfigured$1(DefaultBuildLifecycleController.java:130)
	at org.gradle.internal.model.StateTransitionController.lambda$notInState$3(StateTransitionController.java:132)
	at org.gradle.internal.work.DefaultSynchronizer.withLock(DefaultSynchronizer.java:44)
	at org.gradle.internal.model.StateTransitionController.notInState(StateTransitionController.java:128)
	at org.gradle.internal.build.DefaultBuildLifecycleController.withProjectsConfigured(DefaultBuildLifecycleController.java:130)
	at org.gradle.internal.build.DefaultBuildToolingModelController.locateBuilderForTarget(DefaultBuildToolingModelController.java:57)
	at org.gradle.internal.buildtree.DefaultBuildTreeModelCreator$DefaultBuildTreeModelController.lambda$locateBuilderForTarget$0(DefaultBuildTreeModelCreator.java:73)
	at org.gradle.internal.build.DefaultBuildLifecycleController.withToolingModels(DefaultBuildLifecycleController.java:278)
	at org.gradle.internal.build.AbstractBuildState.withToolingModels(AbstractBuildState.java:140)
	at org.gradle.internal.buildtree.DefaultBuildTreeModelCreator$DefaultBuildTreeModelController.locateBuilderForTarget(DefaultBuildTreeModelCreator.java:73)
	at org.gradle.internal.buildtree.DefaultBuildTreeModelCreator$DefaultBuildTreeModelController.locateBuilderForDefaultTarget(DefaultBuildTreeModelCreator.java:68)
	at org.gradle.tooling.internal.provider.runner.DefaultBuildController.getTarget(DefaultBuildController.java:157)
	at org.gradle.tooling.internal.provider.runner.DefaultBuildController.getModel(DefaultBuildController.java:101)
	at org.gradle.tooling.internal.consumer.connection.ParameterAwareBuildControllerAdapter.getModel(ParameterAwareBuildControllerAdapter.java:39)
	at org.gradle.tooling.internal.consumer.connection.UnparameterizedBuildController.getModel(UnparameterizedBuildController.java:113)
	at org.gradle.tooling.internal.consumer.connection.NestedActionAwareBuildControllerAdapter.getModel(NestedActionAwareBuildControllerAdapter.java:31)
	at org.gradle.tooling.internal.consumer.connection.UnparameterizedBuildController.findModel(UnparameterizedBuildController.java:97)
	at org.gradle.tooling.internal.consumer.connection.NestedActionAwareBuildControllerAdapter.findModel(NestedActionAwareBuildControllerAdapter.java:31)
	at org.gradle.tooling.internal.consumer.connection.UnparameterizedBuildController.findModel(UnparameterizedBuildController.java:81)
	at org.gradle.tooling.internal.consumer.connection.NestedActionAwareBuildControllerAdapter.findModel(NestedActionAwareBuildControllerAdapter.java:31)
	at org.gradle.tooling.internal.consumer.connection.UnparameterizedBuildController.findModel(UnparameterizedBuildController.java:66)
	at org.gradle.tooling.internal.consumer.connection.NestedActionAwareBuildControllerAdapter.findModel(NestedActionAwareBuildControllerAdapter.java:31)
	at org.jetbrains.plugins.gradle.model.ProjectImportAction.execute(ProjectImportAction.java:126)
	at org.jetbrains.plugins.gradle.model.ProjectImportAction.execute(ProjectImportAction.java:43)
	at org.gradle.tooling.internal.consumer.connection.InternalBuildActionAdapter.execute(InternalBuildActionAdapter.java:64)
	at org.gradle.tooling.internal.provider.runner.AbstractClientProvidedBuildActionRunner$ActionAdapter.runAction(AbstractClientProvidedBuildActionRunner.java:131)
	at org.gradle.tooling.internal.provider.runner.AbstractClientProvidedBuildActionRunner$ActionAdapter.beforeTasks(AbstractClientProvidedBuildActionRunner.java:99)
	at org.gradle.internal.buildtree.DefaultBuildTreeModelCreator.beforeTasks(DefaultBuildTreeModelCreator.java:52)
	at org.gradle.internal.buildtree.DefaultBuildTreeLifecycleController.lambda$fromBuildModel$2(DefaultBuildTreeLifecycleController.java:74)
	at org.gradle.internal.buildtree.DefaultBuildTreeLifecycleController.lambda$runBuild$4(DefaultBuildTreeLifecycleController.java:98)
	at org.gradle.internal.model.StateTransitionController.lambda$transition$6(StateTransitionController.java:169)
	at org.gradle.internal.model.StateTransitionController.doTransition(StateTransitionController.java:266)
	at org.gradle.internal.model.StateTransitionController.lambda$transition$7(StateTransitionController.java:169)
	at org.gradle.internal.work.DefaultSynchronizer.withLock(DefaultSynchronizer.java:44)
	at org.gradle.internal.model.StateTransitionController.transition(StateTransitionController.java:169)
	at org.gradle.internal.buildtree.DefaultBuildTreeLifecycleController.runBuild(DefaultBuildTreeLifecycleController.java:95)
	at org.gradle.internal.buildtree.DefaultBuildTreeLifecycleController.fromBuildModel(DefaultBuildTreeLifecycleController.java:73)
	at org.gradle.tooling.internal.provider.runner.AbstractClientProvidedBuildActionRunner.runClientAction(AbstractClientProvidedBuildActionRunner.java:43)
	at org.gradle.tooling.internal.provider.runner.ClientProvidedPhasedActionRunner.run(ClientProvidedPhasedActionRunner.java:53)
	at org.gradle.launcher.exec.ChainingBuildActionRunner.run(ChainingBuildActionRunner.java:35)
	at org.gradle.internal.buildtree.ProblemReportingBuildActionRunner.run(ProblemReportingBuildActionRunner.java:49)
	at org.gradle.launcher.exec.BuildOutcomeReportingBuildActionRunner.run(BuildOutcomeReportingBuildActionRunner.java:65)
	at org.gradle.tooling.internal.provider.FileSystemWatchingBuildActionRunner.run(FileSystemWatchingBuildActionRunner.java:140)
	at org.gradle.launcher.exec.BuildCompletionNotifyingBuildActionRunner.run(BuildCompletionNotifyingBuildActionRunner.java:41)
	at org.gradle.launcher.exec.RootBuildLifecycleBuildActionExecutor.lambda$execute$0(RootBuildLifecycleBuildActionExecutor.java:40)
	at org.gradle.composite.internal.DefaultRootBuildState.run(DefaultRootBuildState.java:122)
	at org.gradle.launcher.exec.RootBuildLifecycleBuildActionExecutor.execute(RootBuildLifecycleBuildActionExecutor.java:40)
	at org.gradle.internal.buildtree.InitDeprecationLoggingActionExecutor.execute(InitDeprecationLoggingActionExecutor.java:58)
	at org.gradle.internal.buildtree.DefaultBuildTreeContext.execute(DefaultBuildTreeContext.java:40)
	at org.gradle.launcher.exec.BuildTreeLifecycleBuildActionExecutor.lambda$execute$0(BuildTreeLifecycleBuildActionExecutor.java:65)
	at org.gradle.internal.buildtree.BuildTreeState.run(BuildTreeState.java:53)
	at org.gradle.launcher.exec.BuildTreeLifecycleBuildActionExecutor.execute(BuildTreeLifecycleBuildActionExecutor.java:65)
	at org.gradle.launcher.exec.RunAsBuildOperationBuildActionExecutor$3.call(RunAsBuildOperationBuildActionExecutor.java:61)
	at org.gradle.launcher.exec.RunAsBuildOperationBuildActionExecutor$3.call(RunAsBuildOperationBuildActionExecutor.java:57)
	at org.gradle.internal.operations.DefaultBuildOperationRunner$CallableBuildOperationWorker.execute(DefaultBuildOperationRunner.java:204)
	at org.gradle.internal.operations.DefaultBuildOperationRunner$CallableBuildOperationWorker.execute(DefaultBuildOperationRunner.java:199)
	at org.gradle.internal.operations.DefaultBuildOperationRunner$2.execute(DefaultBuildOperationRunner.java:66)
	at org.gradle.internal.operations.DefaultBuildOperationRunner$2.execute(DefaultBuildOperationRunner.java:59)
	at org.gradle.internal.operations.DefaultBuildOperationRunner.execute(DefaultBuildOperationRunner.java:157)
	at org.gradle.internal.operations.DefaultBuildOperationRunner.execute(DefaultBuildOperationRunner.java:59)
	at org.gradle.internal.operations.DefaultBuildOperationRunner.call(DefaultBuildOperationRunner.java:53)
	at org.gradle.internal.operations.DefaultBuildOperationExecutor.call(DefaultBuildOperationExecutor.java:73)
	at org.gradle.launcher.exec.RunAsBuildOperationBuildActionExecutor.execute(RunAsBuildOperationBuildActionExecutor.java:57)
	at org.gradle.launcher.exec.RunAsWorkerThreadBuildActionExecutor.lambda$execute$0(RunAsWorkerThreadBuildActionExecutor.java:36)
	at org.gradle.internal.work.DefaultWorkerLeaseService.withLocks(DefaultWorkerLeaseService.java:249)
	at org.gradle.internal.work.DefaultWorkerLeaseService.runAsWorkerThread(DefaultWorkerLeaseService.java:109)
	at org.gradle.launcher.exec.RunAsWorkerThreadBuildActionExecutor.execute(RunAsWorkerThreadBuildActionExecutor.java:36)
	at org.gradle.tooling.internal.provider.continuous.ContinuousBuildActionExecutor.execute(ContinuousBuildActionExecutor.java:110)
	at org.gradle.tooling.internal.provider.SubscribableBuildActionExecutor.execute(SubscribableBuildActionExecutor.java:64)
	at org.gradle.internal.session.DefaultBuildSessionContext.execute(DefaultBuildSessionContext.java:46)
	at org.gradle.tooling.internal.provider.BuildSessionLifecycleBuildActionExecuter$ActionImpl.apply(BuildSessionLifecycleBuildActionExecuter.java:100)
	at org.gradle.tooling.internal.provider.BuildSessionLifecycleBuildActionExecuter$ActionImpl.apply(BuildSessionLifecycleBuildActionExecuter.java:88)
	at org.gradle.internal.session.BuildSessionState.run(BuildSessionState.java:69)
	at org.gradle.tooling.internal.provider.BuildSessionLifecycleBuildActionExecuter.execute(BuildSessionLifecycleBuildActionExecuter.java:62)
	at org.gradle.tooling.internal.provider.BuildSessionLifecycleBuildActionExecuter.execute(BuildSessionLifecycleBuildActionExecuter.java:41)
	at org.gradle.tooling.internal.provider.StartParamsValidatingActionExecuter.execute(StartParamsValidatingActionExecuter.java:64)
	at org.gradle.tooling.internal.provider.StartParamsValidatingActionExecuter.execute(StartParamsValidatingActionExecuter.java:32)
	at org.gradle.tooling.internal.provider.SessionFailureReportingActionExecuter.execute(SessionFailureReportingActionExecuter.java:50)
	at org.gradle.tooling.internal.provider.SessionFailureReportingActionExecuter.execute(SessionFailureReportingActionExecuter.java:38)
	at org.gradle.tooling.internal.provider.SetupLoggingActionExecuter.execute(SetupLoggingActionExecuter.java:47)
	at org.gradle.tooling.internal.provider.SetupLoggingActionExecuter.execute(SetupLoggingActionExecuter.java:31)
	at org.gradle.launcher.daemon.server.exec.ExecuteBuild.doBuild(ExecuteBuild.java:65)
	at org.gradle.launcher.daemon.server.exec.BuildCommandOnly.execute(BuildCommandOnly.java:37)
	at org.gradle.launcher.daemon.server.api.DaemonCommandExecution.proceed(DaemonCommandExecution.java:104)
	at org.gradle.launcher.daemon.server.exec.WatchForDisconnection.execute(WatchForDisconnection.java:39)
	at org.gradle.launcher.daemon.server.api.DaemonCommandExecution.proceed(DaemonCommandExecution.java:104)
	at org.gradle.launcher.daemon.server.exec.ResetDeprecationLogger.execute(ResetDeprecationLogger.java:29)
	at org.gradle.launcher.daemon.server.api.DaemonCommandExecution.proceed(DaemonCommandExecution.java:104)
	at org.gradle.launcher.daemon.server.exec.RequestStopIfSingleUsedDaemon.execute(RequestStopIfSingleUsedDaemon.java:35)
	at org.gradle.launcher.daemon.server.api.DaemonCommandExecution.proceed(DaemonCommandExecution.java:104)
	at org.gradle.launcher.daemon.server.exec.ForwardClientInput$2.create(ForwardClientInput.java:78)
	at org.gradle.launcher.daemon.server.exec.ForwardClientInput$2.create(ForwardClientInput.java:75)
	at org.gradle.util.internal.Swapper.swap(Swapper.java:38)
	at org.gradle.launcher.daemon.server.exec.ForwardClientInput.execute(ForwardClientInput.java:75)
	at org.gradle.launcher.daemon.server.api.DaemonCommandExecution.proceed(DaemonCommandExecution.java:104)
	at org.gradle.launcher.daemon.server.exec.LogAndCheckHealth.execute(LogAndCheckHealth.java:64)
	at org.gradle.launcher.daemon.server.api.DaemonCommandExecution.proceed(DaemonCommandExecution.java:104)
	at org.gradle.launcher.daemon.server.exec.LogToClient.doBuild(LogToClient.java:63)
	at org.gradle.launcher.daemon.server.exec.BuildCommandOnly.execute(BuildCommandOnly.java:37)
	at org.gradle.launcher.daemon.server.api.DaemonCommandExecution.proceed(DaemonCommandExecution.java:104)
	at org.gradle.launcher.daemon.server.exec.EstablishBuildEnvironment.doBuild(EstablishBuildEnvironment.java:84)
	at org.gradle.launcher.daemon.server.exec.BuildCommandOnly.execute(BuildCommandOnly.java:37)
	at org.gradle.launcher.daemon.server.api.DaemonCommandExecution.proceed(DaemonCommandExecution.java:104)
	at org.gradle.launcher.daemon.server.exec.StartBuildOrRespondWithBusy$1.run(StartBuildOrRespondWithBusy.java:52)
	at org.gradle.launcher.daemon.server.DaemonStateCoordinator$1.run(DaemonStateCoordinator.java:297)
	at org.gradle.internal.concurrent.ExecutorPolicy$CatchAndRecordFailures.onExecute(ExecutorPolicy.java:64)
	at org.gradle.internal.concurrent.AbstractManagedExecutor$1.run(AbstractManagedExecutor.java:47)
Caused by: org.gradle.plugin.management.internal.InvalidPluginRequestException: The request for this plugin could not be satisfied because the plugin is already on the classpath with a different version (1.9.20).
	at org.gradle.plugin.use.resolve.internal.AlreadyOnClasspathPluginResolver.resolve(AlreadyOnClasspathPluginResolver.java:77)
	at org.gradle.plugin.use.internal.DefaultPluginRequestApplicator.resolveToFoundResult(DefaultPluginRequestApplicator.java:228)
	... 190 more


CONFIGURE FAILED in 1s
2026-09-30T11:19:03.873+0530 [DEBUG] [org.gradle.launcher.daemon.server.exec.ExecuteBuild] The daemon has finished executing the build.
2026-09-30T11:19:03.892+0530 [DEBUG] [org.gradle.launcher.daemon.server.DaemonStateCoordinator] daemon is running. Sleeping until state changes.
2026-09-30T11:19:03.893+0530 [DEBUG] [org.gradle.launcher.daemon.server.DaemonStateCoordinator] Command execution: finished waiting for DaemonCommandExecution[command = Build{id=ff0f7e84-439a-4f00-a9fd-093bc8d3a1aa, currentDir=D:\GRAPHINOVAS\AI Studio\GRAPHYNOVUS II SUDORA\sudoku-organizer}, connection = DefaultDaemonConnection: socket connection from /127.0.0.1:63242 to /127.0.0.1:63262]. Result org.gradle.launcher.daemon.server.DaemonStateCoordinator@7b57c3c9 with state Busy
2026-09-30T11:19:03.893+0530 [DEBUG] [org.gradle.launcher.daemon.server.DaemonStateCoordinator] Command execution: completed DaemonCommandExecution[command = Build{id=ff0f7e84-439a-4f00-a9fd-093bc8d3a1aa, currentDir=D:\GRAPHINOVAS\AI Studio\GRAPHYNOVUS II SUDORA\sudoku-organizer}, connection = DefaultDaemonConnection: socket connection from /127.0.0.1:63242 to /127.0.0.1:63262]
2026-09-30T11:19:03.893+0530 [DEBUG] [org.gradle.launcher.daemon.server.DaemonStateCoordinator] resetting idle timer
2026-09-30T11:19:03.893+0530 [INFO] [org.gradle.launcher.daemon.server.DaemonRegistryUpdater] Marking the daemon as idle, address: [4b83dc4a-d1b1-40c7-b00f-b6082d3654ac port:63242, addresses:[localhost/127.0.0.1]]
2026-09-30T11:19:03.893+0530 [DEBUG] [org.gradle.launcher.daemon.registry.PersistentDaemonRegistry] Marking busy by address: [4b83dc4a-d1b1-40c7-b00f-b6082d3654ac port:63242, addresses:[localhost/127.0.0.1]]
2026-09-30T11:19:03.894+0530 [DEBUG] [org.gradle.cache.internal.DefaultFileLockManager] Waiting to acquire exclusive lock on daemon addresses registry.
2026-09-30T11:19:03.895+0530 [DEBUG] [org.gradle.cache.internal.DefaultFileLockManager] Lock acquired on daemon addresses registry.
2026-09-30T11:19:03.901+0530 [DEBUG] [org.gradle.cache.internal.DefaultFileLockManager] Releasing lock on daemon addresses registry.
2026-09-30T11:19:03.902+0530 [DEBUG] [org.gradle.launcher.daemon.server.DaemonStateCoordinator] daemon is running. Sleeping until state changes.
2026-09-30T11:19:03.902+0530 [DEBUG] [org.gradle.launcher.daemon.server.exec.ReturnResult] Daemon is dispatching the build result: Success[value=org.gradle.launcher.exec.BuildActionResult@505e57b4]
2026-09-30T11:19:03.902+0530 [DEBUG] [org.gradle.launcher.daemon.server.SynchronizedDispatchConnection] thread 20: dispatching Success[value=org.gradle.launcher.exec.BuildActionResult@505e57b4]
2026-09-30T11:19:03.907+0530 [DEBUG] [org.gradle.launcher.daemon.server.SynchronizedDispatchConnection] thread 66: received class org.gradle.launcher.daemon.protocol.Finished
2026-09-30T11:19:03.908+0530 [DEBUG] [org.gradle.launcher.daemon.server.DefaultDaemonConnection] thread 66: Received non-IO message from client: org.gradle.launcher.daemon.protocol.Finished@37adbf7
2026-09-30T11:19:03.908+0530 [DEBUG] [org.gradle.internal.remote.internal.inet.SocketConnection] Discarding EOFException: java.io.EOFException
2026-09-30T11:19:03.908+0530 [DEBUG] [org.gradle.launcher.daemon.server.SynchronizedDispatchConnection] thread 66: received null
2026-09-30T11:19:03.908+0530 [DEBUG] [org.gradle.launcher.daemon.server.DefaultDaemonConnection] thread 66: Received end-of-input from client.
2026-09-30T11:19:03.941+0530 [DEBUG] [org.gradle.launcher.daemon.server.DefaultIncomingConnectionHandler] Finishing executing command: Build{id=ff0f7e84-439a-4f00-a9fd-093bc8d3a1aa, currentDir=D:\GRAPHINOVAS\AI Studio\GRAPHYNOVUS II SUDORA\sudoku-organizer}
2026-09-30T11:19:03.942+0530 [DEBUG] [org.gradle.launcher.daemon.server.DefaultIncomingConnectionHandler] Received finished message: null
2026-09-30T11:19:03.942+0530 [DEBUG] [org.gradle.launcher.daemon.server.SynchronizedDispatchConnection] thread 20: stopping connection
2026-09-30T11:19:03.946+0530 [DEBUG] [org.gradle.launcher.daemon.server.SynchronizedDispatchConnection] thread 20: stopping connection
2026-09-30T11:19:05.778+0530 [DEBUG] [org.gradle.cache.internal.DefaultFileLockManager] Waiting to acquire shared lock on daemon addresses registry.
2026-09-30T11:19:05.780+0530 [DEBUG] [org.gradle.cache.internal.DefaultFileLockManager] Lock acquired on daemon addresses registry.
2026-09-30T11:19:05.780+0530 [DEBUG] [org.gradle.cache.internal.DefaultFileLockManager] Releasing lock on daemon addresses registry.
2026-09-30T11:19:05.783+0530 [DEBUG] [org.gradle.cache.internal.DefaultFileLockManager] Waiting to acquire shared lock on daemon addresses registry.
2026-09-30T11:19:05.783+0530 [DEBUG] [org.gradle.cache.internal.DefaultFileLockManager] Lock acquired on daemon addresses registry.
2026-09-30T11:19:05.788+0530 [DEBUG] [org.gradle.cache.internal.DefaultFileLockManager] Releasing lock on daemon addresses registry.
2026-09-30T11:19:15.672+0530 [DEBUG] [org.gradle.cache.internal.DefaultFileLockManager] Waiting to acquire shared lock on daemon addresses registry.
2026-09-30T11:19:15.672+0530 [DEBUG] [org.gradle.cache.internal.DefaultFileLockManager] Lock acquired on daemon addresses registry.
2026-09-30T11:19:15.673+0530 [DEBUG] [org.gradle.cache.internal.DefaultFileLockManager] Releasing lock on daemon addresses registry.
2026-09-30T11:19:15.676+0530 [DEBUG] [org.gradle.cache.internal.DefaultFileLockManager] Waiting to acquire shared lock on daemon addresses registry.
2026-09-30T11:19:15.677+0530 [DEBUG] [org.gradle.cache.internal.DefaultFileLockManager] Lock acquired on daemon addresses registry.
2026-09-30T11:19:15.678+0530 [DEBUG] [org.gradle.cache.internal.DefaultFileLockManager] Releasing lock on daemon addresses registry.
2026-09-30T11:19:15.681+0530 [DEBUG] [org.gradle.cache.internal.DefaultFileLockManager] Waiting to acquire shared lock on daemon addresses registry.
2026-09-30T11:19:15.682+0530 [DEBUG] [org.gradle.cache.internal.DefaultFileLockManager] Lock acquired on daemon addresses registry.
2026-09-30T11:19:15.682+0530 [DEBUG] [org.gradle.cache.internal.DefaultFileLockManager] Releasing lock on daemon addresses registry.
2026-09-30T11:19:25.669+0530 [DEBUG] [org.gradle.cache.internal.DefaultFileLockManager] Waiting to acquire shared lock on daemon addresses registry.
2026-09-30T11:19:25.669+0530 [DEBUG] [org.gradle.cache.internal.DefaultFileLockManager] Lock acquired on daemon addresses registry.
2026-09-30T11:19:25.670+0530 [DEBUG] [org.gradle.cache.internal.DefaultFileLockManager] Releasing lock on daemon addresses registry.
2026-09-30T11:19:25.670+0530 [DEBUG] [org.gradle.cache.internal.DefaultFileLockManager] Waiting to acquire shared lock on daemon addresses registry.
2026-09-30T11:19:25.670+0530 [DEBUG] [org.gradle.cache.internal.DefaultFileLockManager] Lock acquired on daemon addresses registry.
2026-09-30T11:19:25.671+0530 [DEBUG] [org.gradle.cache.internal.DefaultFileLockManager] Releasing lock on daemon addresses registry.
2026-09-30T11:19:25.671+0530 [DEBUG] [org.gradle.cache.internal.DefaultFileLockManager] Waiting to acquire shared lock on daemon addresses registry.
2026-09-30T11:19:25.671+0530 [DEBUG] [org.gradle.cache.internal.DefaultFileLockManager] Lock acquired on daemon addresses registry.
2026-09-30T11:19:25.671+0530 [DEBUG] [org.gradle.cache.internal.DefaultFileLockManager] Releasing lock on daemon addresses registry.
2026-09-30T11:19:35.673+0530 [DEBUG] [org.gradle.cache.internal.DefaultFileLockManager] Waiting to acquire shared lock on daemon addresses registry.
2026-09-30T11:19:35.674+0530 [DEBUG] [org.gradle.cache.internal.DefaultFileLockManager] Lock acquired on daemon addresses registry.
2026-09-30T11:19:35.674+0530 [DEBUG] [org.gradle.cache.internal.DefaultFileLockManager] Releasing lock on daemon addresses registry.
2026-09-30T11:19:35.676+0530 [DEBUG] [org.gradle.cache.internal.DefaultFileLockManager] Waiting to acquire shared lock on daemon addresses registry.
2026-09-30T11:19:35.676+0530 [DEBUG] [org.gradle.cache.internal.DefaultFileLockManager] Lock acquired on daemon addresses registry.
2026-09-30T11:19:35.676+0530 [DEBUG] [org.gradle.cache.internal.DefaultFileLockManager] Releasing lock on daemon addresses registry.
2026-09-30T11:19:35.677+0530 [DEBUG] [org.gradle.cache.internal.DefaultFileLockManager] Waiting to acquire shared lock on daemon addresses registry.
2026-09-30T11:19:35.677+0530 [DEBUG] [org.gradle.cache.internal.DefaultFileLockManager] Lock acquired on daemon addresses registry.
2026-09-30T11:19:35.678+0530 [DEBUG] [org.gradle.cache.internal.DefaultFileLockManager] Releasing lock on daemon addresses registry.
2026-09-30T11:19:45.678+0530 [DEBUG] [org.gradle.cache.internal.DefaultFileLockManager] Waiting to acquire shared lock on daemon addresses registry.
2026-09-30T11:19:45.679+0530 [DEBUG] [org.gradle.cache.internal.DefaultFileLockManager] Lock acquired on daemon addresses registry.
2026-09-30T11:19:45.680+0530 [DEBUG] [org.gradle.cache.internal.DefaultFileLockManager] Releasing lock on daemon addresses registry.
2026-09-30T11:19:45.682+0530 [DEBUG] [org.gradle.cache.internal.DefaultFileLockManager] Waiting to acquire shared lock on daemon addresses registry.
2026-09-30T11:19:45.682+0530 [DEBUG] [org.gradle.cache.internal.DefaultFileLockManager] Lock acquired on daemon addresses registry.
2026-09-30T11:19:45.683+0530 [DEBUG] [org.gradle.cache.internal.DefaultFileLockManager] Releasing lock on daemon addresses registry.
2026-09-30T11:19:45.684+0530 [DEBUG] [org.gradle.cache.internal.DefaultFileLockManager] Waiting to acquire shared lock on daemon addresses registry.
2026-09-30T11:19:45.685+0530 [DEBUG] [org.gradle.cache.internal.DefaultFileLockManager] Lock acquired on daemon addresses registry.
2026-09-30T11:19:45.686+0530 [DEBUG] [org.gradle.cache.internal.DefaultFileLockManager] Releasing lock on daemon addresses registry.
2026-09-30T11:19:55.690+0530 [DEBUG] [org.gradle.cache.internal.DefaultFileLockManager] Waiting to acquire shared lock on daemon addresses registry.
2026-09-30T11:19:55.690+0530 [DEBUG] [org.gradle.cache.internal.DefaultFileLockManager] Lock acquired on daemon addresses registry.
2026-09-30T11:19:55.690+0530 [DEBUG] [org.gradle.cache.internal.DefaultFileLockManager] Releasing lock on daemon addresses registry.
2026-09-30T11:19:55.691+0530 [DEBUG] [org.gradle.cache.internal.DefaultFileLockManager] Waiting to acquire shared lock on daemon addresses registry.
2026-09-30T11:19:55.691+0530 [DEBUG] [org.gradle.cache.internal.DefaultFileLockManager] Lock acquired on daemon addresses registry.
2026-09-30T11:19:55.692+0530 [DEBUG] [org.gradle.cache.internal.DefaultFileLockManager] Releasing lock on daemon addresses registry.
2026-09-30T11:19:55.692+0530 [DEBUG] [org.gradle.cache.internal.DefaultFileLockManager] Waiting to acquire shared lock on daemon addresses registry.
2026-09-30T11:19:55.692+0530 [DEBUG] [org.gradle.cache.internal.DefaultFileLockManager] Lock acquired on daemon addresses registry.
2026-09-30T11:19:55.692+0530 [DEBUG] [org.gradle.cache.internal.DefaultFileLockManager] Releasing lock on daemon addresses registry.
2026-09-30T11:20:05.676+0530 [DEBUG] [org.gradle.cache.internal.DefaultFileLockManager] Waiting to acquire shared lock on daemon addresses registry.
2026-09-30T11:20:05.677+0530 [DEBUG] [org.gradle.cache.internal.DefaultFileLockManager] Lock acquired on daemon addresses registry.
2026-09-30T11:20:05.678+0530 [DEBUG] [org.gradle.cache.internal.DefaultFileLockManager] Releasing lock on daemon addresses registry.
2026-09-30T11:20:05.681+0530 [DEBUG] [org.gradle.cache.internal.DefaultFileLockManager] Waiting to acquire shared lock on daemon addresses registry.
2026-09-30T11:20:05.682+0530 [DEBUG] [org.gradle.cache.internal.DefaultFileLockManager] Lock acquired on daemon addresses registry.
2026-09-30T11:20:05.683+0530 [DEBUG] [org.gradle.cache.internal.DefaultFileLockManager] Releasing lock on daemon addresses registry.
2026-09-30T11:20:05.686+0530 [DEBUG] [org.gradle.cache.internal.DefaultFileLockManager] Waiting to acquire shared lock on daemon addresses registry.
2026-09-30T11:20:05.687+0530 [DEBUG] [org.gradle.cache.internal.DefaultFileLockManager] Lock acquired on daemon addresses registry.
2026-09-30T11:20:05.688+0530 [DEBUG] [org.gradle.cache.internal.DefaultFileLockManager] Releasing lock on daemon addresses registry.
2026-09-30T11:20:15.675+0530 [DEBUG] [org.gradle.cache.internal.DefaultFileLockManager] Waiting to acquire shared lock on daemon addresses registry.
2026-09-30T11:20:15.675+0530 [DEBUG] [org.gradle.cache.internal.DefaultFileLockManager] Lock acquired on daemon addresses registry.
2026-09-30T11:20:15.675+0530 [DEBUG] [org.gradle.cache.internal.DefaultFileLockManager] Releasing lock on daemon addresses registry.
2026-09-30T11:20:15.677+0530 [DEBUG] [org.gradle.cache.internal.DefaultFileLockManager] Waiting to acquire shared lock on daemon addresses registry.
2026-09-30T11:20:15.677+0530 [DEBUG] [org.gradle.cache.internal.DefaultFileLockManager] Lock acquired on daemon addresses registry.
2026-09-30T11:20:15.678+0530 [DEBUG] [org.gradle.cache.internal.DefaultFileLockManager] Releasing lock on daemon addresses registry.
2026-09-30T11:20:15.679+0530 [DEBUG] [org.gradle.cache.internal.DefaultFileLockManager] Waiting to acquire shared lock on daemon addresses registry.
2026-09-30T11:20:15.679+0530 [DEBUG] [org.gradle.cache.internal.DefaultFileLockManager] Lock acquired on daemon addresses registry.
2026-09-30T11:20:15.679+0530 [DEBUG] [org.gradle.cache.internal.DefaultFileLockManager] Releasing lock on daemon addresses registry.
2026-09-30T11:20:25.683+0530 [DEBUG] [org.gradle.cache.internal.DefaultFileLockManager] Waiting to acquire shared lock on daemon addresses registry.
2026-09-30T11:20:25.683+0530 [DEBUG] [org.gradle.cache.internal.DefaultFileLockManager] Lock acquired on daemon addresses registry.
2026-09-30T11:20:25.683+0530 [DEBUG] [org.gradle.cache.internal.DefaultFileLockManager] Releasing lock on daemon addresses registry.
2026-09-30T11:20:25.684+0530 [DEBUG] [org.gradle.cache.internal.DefaultFileLockManager] Waiting to acquire shared lock on daemon addresses registry.
2026-09-30T11:20:25.685+0530 [DEBUG] [org.gradle.cache.internal.DefaultFileLockManager] Lock acquired on daemon addresses registry.
2026-09-30T11:20:25.685+0530 [DEBUG] [org.gradle.cache.internal.DefaultFileLockManager] Releasing lock on daemon addresses registry.
2026-09-30T11:20:25.686+0530 [DEBUG] [org.gradle.cache.internal.DefaultFileLockManager] Waiting to acquire shared lock on daemon addresses registry.
2026-09-30T11:20:25.686+0530 [DEBUG] [org.gradle.cache.internal.DefaultFileLockManager] Lock acquired on daemon addresses registry.
2026-09-30T11:20:25.686+0530 [DEBUG] [org.gradle.cache.internal.DefaultFileLockManager] Releasing lock on daemon addresses registry.
2026-09-30T11:20:35.677+0530 [DEBUG] [org.gradle.cache.internal.DefaultFileLockManager] Waiting to acquire shared lock on daemon addresses registry.
2026-09-30T11:20:35.677+0530 [DEBUG] [org.gradle.cache.internal.DefaultFileLockManager] Lock acquired on daemon addresses registry.
2026-09-30T11:20:35.678+0530 [DEBUG] [org.gradle.cache.internal.DefaultFileLockManager] Releasing lock on daemon addresses registry.
2026-09-30T11:20:35.682+0530 [DEBUG] [org.gradle.cache.internal.DefaultFileLockManager] Waiting to acquire shared lock on daemon addresses registry.
2026-09-30T11:20:35.682+0530 [DEBUG] [org.gradle.cache.internal.DefaultFileLockManager] Lock acquired on daemon addresses registry.
2026-09-30T11:20:35.683+0530 [DEBUG] [org.gradle.cache.internal.DefaultFileLockManager] Releasing lock on daemon addresses registry.
2026-09-30T11:20:35.685+0530 [DEBUG] [org.gradle.cache.internal.DefaultFileLockManager] Waiting to acquire shared lock on daemon addresses registry.
2026-09-30T11:20:35.686+0530 [DEBUG] [org.gradle.cache.internal.DefaultFileLockManager] Lock acquired on daemon addresses registry.
2026-09-30T11:20:35.687+0530 [DEBUG] [org.gradle.cache.internal.DefaultFileLockManager] Releasing lock on daemon addresses registry.
2026-09-30T11:20:45.672+0530 [DEBUG] [org.gradle.cache.internal.DefaultFileLockManager] Waiting to acquire shared lock on daemon addresses registry.
2026-09-30T11:20:45.673+0530 [DEBUG] [org.gradle.cache.internal.DefaultFileLockManager] Lock acquired on daemon addresses registry.
2026-09-30T11:20:45.673+0530 [DEBUG] [org.gradle.cache.internal.DefaultFileLockManager] Releasing lock on daemon addresses registry.
2026-09-30T11:20:45.674+0530 [DEBUG] [org.gradle.cache.internal.DefaultFileLockManager] Waiting to acquire shared lock on daemon addresses registry.
2026-09-30T11:20:45.674+0530 [DEBUG] [org.gradle.cache.internal.DefaultFileLockManager] Lock acquired on daemon addresses registry.
2026-09-30T11:20:45.674+0530 [DEBUG] [org.gradle.cache.internal.DefaultFileLockManager] Releasing lock on daemon addresses registry.
2026-09-30T11:20:45.675+0530 [DEBUG] [org.gradle.cache.internal.DefaultFileLockManager] Waiting to acquire shared lock on daemon addresses registry.
2026-09-30T11:20:45.675+0530 [DEBUG] [org.gradle.cache.internal.DefaultFileLockManager] Lock acquired on daemon addresses registry.
2026-09-30T11:20:45.676+0530 [DEBUG] [org.gradle.cache.internal.DefaultFileLockManager] Releasing lock on daemon addresses registry.
2026-09-30T11:20:55.035+0530 [DEBUG] [org.gradle.internal.remote.internal.inet.TcpIncomingConnector] Accepted connection from /127.0.0.1:63278 to /127.0.0.1:63242.
2026-09-30T11:20:55.044+0530 [DEBUG] [org.gradle.launcher.daemon.server.SynchronizedDispatchConnection] thread 82: received class org.gradle.launcher.daemon.protocol.Build
2026-09-30T11:20:55.044+0530 [DEBUG] [org.gradle.launcher.daemon.server.DefaultDaemonConnection] thread 82: Received non-IO message from client: Build{id=51abd4de-e67a-4ece-9195-8362066473e0, currentDir=D:\GRAPHINOVAS\AI Studio\GRAPHYNOVUS II SUDORA\sudoku-organizer}
2026-09-30T11:20:55.044+0530 [INFO] [org.gradle.launcher.daemon.server.DefaultIncomingConnectionHandler] Received command: Build{id=51abd4de-e67a-4ece-9195-8362066473e0, currentDir=D:\GRAPHINOVAS\AI Studio\GRAPHYNOVUS II SUDORA\sudoku-organizer}.
2026-09-30T11:20:55.044+0530 [DEBUG] [org.gradle.launcher.daemon.server.DefaultIncomingConnectionHandler] Starting executing command: Build{id=51abd4de-e67a-4ece-9195-8362066473e0, currentDir=D:\GRAPHINOVAS\AI Studio\GRAPHYNOVUS II SUDORA\sudoku-organizer} with connection: socket connection from /127.0.0.1:63242 to /127.0.0.1:63278.
2026-09-30T11:20:55.045+0530 [DEBUG] [org.gradle.launcher.daemon.server.DaemonStateCoordinator] Command execution: started DaemonCommandExecution[command = Build{id=51abd4de-e67a-4ece-9195-8362066473e0, currentDir=D:\GRAPHINOVAS\AI Studio\GRAPHYNOVUS II SUDORA\sudoku-organizer}, connection = DefaultDaemonConnection: socket connection from /127.0.0.1:63242 to /127.0.0.1:63278] after 1.0 minutes of idle
2026-09-30T11:20:55.045+0530 [INFO] [org.gradle.launcher.daemon.server.DaemonRegistryUpdater] Marking the daemon as busy, address: [4b83dc4a-d1b1-40c7-b00f-b6082d3654ac port:63242, addresses:[localhost/127.0.0.1]]
2026-09-30T11:20:55.046+0530 [DEBUG] [org.gradle.launcher.daemon.registry.PersistentDaemonRegistry] Marking busy by address: [4b83dc4a-d1b1-40c7-b00f-b6082d3654ac port:63242, addresses:[localhost/127.0.0.1]]
2026-09-30T11:20:55.046+0530 [DEBUG] [org.gradle.cache.internal.DefaultFileLockManager] Waiting to acquire exclusive lock on daemon addresses registry.
2026-09-30T11:20:55.048+0530 [DEBUG] [org.gradle.cache.internal.DefaultFileLockManager] Lock acquired on daemon addresses registry.
2026-09-30T11:20:55.050+0530 [DEBUG] [org.gradle.cache.internal.DefaultFileLockManager] Releasing lock on daemon addresses registry.
2026-09-30T11:20:55.051+0530 [DEBUG] [org.gradle.launcher.daemon.server.DaemonStateCoordinator] resetting idle timer
2026-09-30T11:20:55.051+0530 [DEBUG] [org.gradle.launcher.daemon.server.DaemonStateCoordinator] daemon is running. Sleeping until state changes.
2026-09-30T11:20:55.052+0530 [INFO] [org.gradle.launcher.daemon.server.exec.StartBuildOrRespondWithBusy] Daemon is about to start building Build{id=51abd4de-e67a-4ece-9195-8362066473e0, currentDir=D:\GRAPHINOVAS\AI Studio\GRAPHYNOVUS II SUDORA\sudoku-organizer}. Dispatching build started information...
2026-09-30T11:20:55.052+0530 [DEBUG] [org.gradle.launcher.daemon.server.SynchronizedDispatchConnection] thread 84: dispatching org.gradle.launcher.daemon.protocol.BuildStarted@77b24e1a
2026-09-30T11:20:55.056+0530 [DEBUG] [org.gradle.launcher.daemon.server.exec.EstablishBuildEnvironment] Configuring env variables: [USERDOMAIN_ROAMINGPROFILE, PROCESSOR_LEVEL, SESSIONNAME, ALLUSERSPROFILE, INTEL_DEV_REDIST, PROCESSOR_ARCHITECTURE, MIC_LD_LIBRARY_PATH, ANDROID_HOME, PSModulePath, SystemDrive, USERNAME, ProgramFiles(x86), FPS_BROWSER_USER_PROFILE_STRING, PATHEXT, DriverData, ProgramData, ProgramW6432, HOMEPATH, PROCESSOR_IDENTIFIER, GRALDLE_HOME, ProgramFiles, PUBLIC, windir, GlobalVariableMeritTracSecureDesktop, =::, OPENSSL_CONF, LOCALAPPDATA, ChocolateyLastPathUpdate, USERDOMAIN, LOGONSERVER, WIX, FPS_BROWSER_APP_PROFILE_STRING, JAVA_HOME, OneDrive, APPDATA, ChocolateyInstall, VBOX_MSI_INSTALL_PATH, CommonProgramFiles, Path, OS, COMPUTERNAME, PROCESSOR_REVISION, CommonProgramW6432, ComSpec, TEMP, SystemRoot, HOMEDRIVE, USERPROFILE, TMP, CommonProgramFiles(x86), NUMBER_OF_PROCESSORS, IDEA_INITIAL_DIRECTORY]
2026-09-30T11:20:55.058+0530 [DEBUG] [org.gradle.launcher.daemon.server.exec.LogToClient] About to start relaying all logs to the client via the connection.
2026-09-30T11:20:55.058+0530 [INFO] [org.gradle.launcher.daemon.server.exec.LogToClient] The client will now receive all logging from the daemon (pid: 10956). The daemon log file: D:\GRAPHINOVAS\AI Studio\GRAPHYNOVUS II SUDORA\sudoku-organizer\gradle\daemon\8.2\daemon-10956.out.log
2026-09-30T11:20:55.060+0530 [INFO] [org.gradle.launcher.daemon.server.exec.LogAndCheckHealth] Starting 4th build in daemon [uptime: 2 mins 42.001 secs, performance: 100%, GC rate: 0.00/s, heap usage: 0% of 4 GiB]
2026-09-30T11:20:55.060+0530 [DEBUG] [org.gradle.launcher.daemon.server.exec.ExecuteBuild] The daemon has started executing the build.
2026-09-30T11:20:55.060+0530 [DEBUG] [org.gradle.launcher.daemon.server.exec.ExecuteBuild] Executing build with daemon context: DefaultDaemonContext[uid=317cb9ef-3859-4b0f-bea1-74507d243cb7,javaHome=C:\Program Files\Android\Android Studio\jbr,daemonRegistryDir=D:\GRAPHINOVAS\AI Studio\GRAPHYNOVUS II SUDORA\sudoku-organizer\gradle\daemon,pid=10956,idleTimeout=10800000,priority=NORMAL,applyInstrumentationAgent=true,daemonOpts=--add-opens=java.base/java.util=ALL-UNNAMED,--add-opens=java.base/java.lang=ALL-UNNAMED,--add-opens=java.base/java.lang.invoke=ALL-UNNAMED,--add-opens=java.prefs/java.util.prefs=ALL-UNNAMED,--add-opens=java.base/java.nio.charset=ALL-UNNAMED,--add-opens=java.base/java.net=ALL-UNNAMED,--add-opens=java.base/java.util.concurrent.atomic=ALL-UNNAMED,-Xmx4g,-Dfile.encoding=UTF-8,-Duser.country=IN,-Duser.language=en,-Duser.variant]
Calculating task graph as no configuration cache is available for tasks: clean

0 problems were found storing the configuration cache.

See the complete report at file:///D:/GRAPHINOVAS/AI%20Studio/GRAPHYNOVUS%20II%20SUDORA/sudoku-organizer/build/reports/configuration-cache/815iu2xx656q3eyc9bheddbzt/70r2cyolguni1hgido3l0nvf8/configuration-cache-report.html

FAILURE: Build failed with an exception.

* Where:
Build file 'D:\GRAPHINOVAS\AI Studio\GRAPHYNOVUS II SUDORA\sudoku-organizer\app\build.gradle.kts' line: 3

* What went wrong:
Error resolving plugin [id: 'org.jetbrains.kotlin.android', version: '2.0.0', apply: false]
> The request for this plugin could not be satisfied because the plugin is already on the classpath with a different version (1.9.20).

* Try:
> Run with --stacktrace option to get the stack trace.
> Run with --info or --debug option to get more log output.
> Run with --scan to get full insights.
> Get more help at https://help.gradle.org.

BUILD FAILED in 876ms
Configuration cache entry stored.
2026-09-30T11:20:55.942+0530 [DEBUG] [org.gradle.launcher.daemon.server.exec.ExecuteBuild] The daemon has finished executing the build.
2026-09-30T11:20:55.958+0530 [DEBUG] [org.gradle.launcher.daemon.server.DaemonStateCoordinator] daemon is running. Sleeping until state changes.
2026-09-30T11:20:55.958+0530 [DEBUG] [org.gradle.launcher.daemon.server.DaemonStateCoordinator] Command execution: finished waiting for DaemonCommandExecution[command = Build{id=51abd4de-e67a-4ece-9195-8362066473e0, currentDir=D:\GRAPHINOVAS\AI Studio\GRAPHYNOVUS II SUDORA\sudoku-organizer}, connection = DefaultDaemonConnection: socket connection from /127.0.0.1:63242 to /127.0.0.1:63278]. Result org.gradle.launcher.daemon.server.DaemonStateCoordinator@7b57c3c9 with state Busy
2026-09-30T11:20:55.959+0530 [DEBUG] [org.gradle.launcher.daemon.server.DaemonStateCoordinator] Command execution: completed DaemonCommandExecution[command = Build{id=51abd4de-e67a-4ece-9195-8362066473e0, currentDir=D:\GRAPHINOVAS\AI Studio\GRAPHYNOVUS II SUDORA\sudoku-organizer}, connection = DefaultDaemonConnection: socket connection from /127.0.0.1:63242 to /127.0.0.1:63278]
2026-09-30T11:20:55.959+0530 [DEBUG] [org.gradle.launcher.daemon.server.DaemonStateCoordinator] resetting idle timer
2026-09-30T11:20:55.959+0530 [INFO] [org.gradle.launcher.daemon.server.DaemonRegistryUpdater] Marking the daemon as idle, address: [4b83dc4a-d1b1-40c7-b00f-b6082d3654ac port:63242, addresses:[localhost/127.0.0.1]]
2026-09-30T11:20:55.959+0530 [DEBUG] [org.gradle.launcher.daemon.registry.PersistentDaemonRegistry] Marking busy by address: [4b83dc4a-d1b1-40c7-b00f-b6082d3654ac port:63242, addresses:[localhost/127.0.0.1]]
2026-09-30T11:20:55.960+0530 [DEBUG] [org.gradle.cache.internal.DefaultFileLockManager] Waiting to acquire exclusive lock on daemon addresses registry.
2026-09-30T11:20:55.961+0530 [DEBUG] [org.gradle.cache.internal.DefaultFileLockManager] Lock acquired on daemon addresses registry.
2026-09-30T11:20:55.962+0530 [DEBUG] [org.gradle.cache.internal.DefaultFileLockManager] Releasing lock on daemon addresses registry.
2026-09-30T11:20:55.963+0530 [DEBUG] [org.gradle.launcher.daemon.server.DaemonStateCoordinator] daemon is running. Sleeping until state changes.
2026-09-30T11:20:55.963+0530 [DEBUG] [org.gradle.launcher.daemon.server.exec.ReturnResult] Daemon is dispatching the build result: Success[value=org.gradle.launcher.exec.BuildActionResult@6ad9128c]
2026-09-30T11:20:55.963+0530 [DEBUG] [org.gradle.launcher.daemon.server.SynchronizedDispatchConnection] thread 81: dispatching Success[value=org.gradle.launcher.exec.BuildActionResult@6ad9128c]
2026-09-30T11:20:55.964+0530 [DEBUG] [org.gradle.launcher.daemon.server.DefaultIncomingConnectionHandler] Finishing executing command: Build{id=51abd4de-e67a-4ece-9195-8362066473e0, currentDir=D:\GRAPHINOVAS\AI Studio\GRAPHYNOVUS II SUDORA\sudoku-organizer}
2026-09-30T11:20:55.970+0530 [DEBUG] [org.gradle.launcher.daemon.server.SynchronizedDispatchConnection] thread 82: received class org.gradle.launcher.daemon.protocol.Finished
2026-09-30T11:20:55.970+0530 [DEBUG] [org.gradle.launcher.daemon.server.DefaultDaemonConnection] thread 82: Received non-IO message from client: org.gradle.launcher.daemon.protocol.Finished@416dd7a7
2026-09-30T11:20:55.970+0530 [DEBUG] [org.gradle.internal.remote.internal.inet.SocketConnection] Discarding EOFException: java.io.EOFException
2026-09-30T11:20:55.970+0530 [DEBUG] [org.gradle.launcher.daemon.server.SynchronizedDispatchConnection] thread 82: received null
2026-09-30T11:20:55.970+0530 [DEBUG] [org.gradle.launcher.daemon.server.DefaultDaemonConnection] thread 82: Received end-of-input from client.
2026-09-30T11:20:55.970+0530 [DEBUG] [org.gradle.launcher.daemon.server.DefaultIncomingConnectionHandler] Received finished message: null
2026-09-30T11:20:55.971+0530 [DEBUG] [org.gradle.launcher.daemon.server.SynchronizedDispatchConnection] thread 81: stopping connection
2026-09-30T11:20:55.971+0530 [DEBUG] [org.gradle.launcher.daemon.server.SynchronizedDispatchConnection] thread 81: stopping connection
2026-09-30T11:21:05.681+0530 [DEBUG] [org.gradle.cache.internal.DefaultFileLockManager] Waiting to acquire shared lock on daemon addresses registry.
2026-09-30T11:21:05.681+0530 [DEBUG] [org.gradle.cache.internal.DefaultFileLockManager] Lock acquired on daemon addresses registry.
2026-09-30T11:21:05.681+0530 [DEBUG] [org.gradle.cache.internal.DefaultFileLockManager] Releasing lock on daemon addresses registry.
2026-09-30T11:21:05.682+0530 [DEBUG] [org.gradle.cache.internal.DefaultFileLockManager] Waiting to acquire shared lock on daemon addresses registry.
2026-09-30T11:21:05.682+0530 [DEBUG] [org.gradle.cache.internal.DefaultFileLockManager] Lock acquired on daemon addresses registry.
2026-09-30T11:21:05.682+0530 [DEBUG] [org.gradle.cache.internal.DefaultFileLockManager] Releasing lock on daemon addresses registry.
2026-09-30T11:21:13.168+0530 [DEBUG] [org.gradle.internal.remote.internal.inet.TcpIncomingConnector] Accepted connection from /127.0.0.1:63279 to /127.0.0.1:63242.
2026-09-30T11:21:13.173+0530 [DEBUG] [org.gradle.launcher.daemon.server.SynchronizedDispatchConnection] thread 99: received class org.gradle.launcher.daemon.protocol.Build
2026-09-30T11:21:13.173+0530 [DEBUG] [org.gradle.launcher.daemon.server.DefaultDaemonConnection] thread 99: Received non-IO message from client: Build{id=56122884-6245-49d2-9909-b90a735444f7, currentDir=D:\GRAPHINOVAS\AI Studio\GRAPHYNOVUS II SUDORA\sudoku-organizer}
2026-09-30T11:21:13.174+0530 [INFO] [org.gradle.launcher.daemon.server.DefaultIncomingConnectionHandler] Received command: Build{id=56122884-6245-49d2-9909-b90a735444f7, currentDir=D:\GRAPHINOVAS\AI Studio\GRAPHYNOVUS II SUDORA\sudoku-organizer}.
2026-09-30T11:21:13.174+0530 [DEBUG] [org.gradle.launcher.daemon.server.DefaultIncomingConnectionHandler] Starting executing command: Build{id=56122884-6245-49d2-9909-b90a735444f7, currentDir=D:\GRAPHINOVAS\AI Studio\GRAPHYNOVUS II SUDORA\sudoku-organizer} with connection: socket connection from /127.0.0.1:63242 to /127.0.0.1:63279.
2026-09-30T11:21:13.175+0530 [DEBUG] [org.gradle.launcher.daemon.server.DaemonStateCoordinator] Command execution: started DaemonCommandExecution[command = Build{id=56122884-6245-49d2-9909-b90a735444f7, currentDir=D:\GRAPHINOVAS\AI Studio\GRAPHYNOVUS II SUDORA\sudoku-organizer}, connection = DefaultDaemonConnection: socket connection from /127.0.0.1:63242 to /127.0.0.1:63279] after 0.0 minutes of idle
2026-09-30T11:21:13.175+0530 [INFO] [org.gradle.launcher.daemon.server.DaemonRegistryUpdater] Marking the daemon as busy, address: [4b83dc4a-d1b1-40c7-b00f-b6082d3654ac port:63242, addresses:[localhost/127.0.0.1]]
2026-09-30T11:21:13.175+0530 [DEBUG] [org.gradle.launcher.daemon.registry.PersistentDaemonRegistry] Marking busy by address: [4b83dc4a-d1b1-40c7-b00f-b6082d3654ac port:63242, addresses:[localhost/127.0.0.1]]
2026-09-30T11:21:13.176+0530 [DEBUG] [org.gradle.cache.internal.DefaultFileLockManager] Waiting to acquire exclusive lock on daemon addresses registry.
2026-09-30T11:21:13.177+0530 [DEBUG] [org.gradle.cache.internal.DefaultFileLockManager] Lock acquired on daemon addresses registry.
2026-09-30T11:21:13.177+0530 [DEBUG] [org.gradle.cache.internal.DefaultFileLockManager] Releasing lock on daemon addresses registry.
2026-09-30T11:21:13.178+0530 [DEBUG] [org.gradle.launcher.daemon.server.DaemonStateCoordinator] resetting idle timer
2026-09-30T11:21:13.178+0530 [DEBUG] [org.gradle.launcher.daemon.server.DaemonStateCoordinator] daemon is running. Sleeping until state changes.
2026-09-30T11:21:13.178+0530 [INFO] [org.gradle.launcher.daemon.server.exec.StartBuildOrRespondWithBusy] Daemon is about to start building Build{id=56122884-6245-49d2-9909-b90a735444f7, currentDir=D:\GRAPHINOVAS\AI Studio\GRAPHYNOVUS II SUDORA\sudoku-organizer}. Dispatching build started information...
2026-09-30T11:21:13.178+0530 [DEBUG] [org.gradle.launcher.daemon.server.SynchronizedDispatchConnection] thread 84: dispatching org.gradle.launcher.daemon.protocol.BuildStarted@536f3ea2
2026-09-30T11:21:13.180+0530 [DEBUG] [org.gradle.launcher.daemon.server.exec.EstablishBuildEnvironment] Configuring env variables: [USERDOMAIN_ROAMINGPROFILE, PROCESSOR_LEVEL, SESSIONNAME, ALLUSERSPROFILE, INTEL_DEV_REDIST, PROCESSOR_ARCHITECTURE, MIC_LD_LIBRARY_PATH, ANDROID_HOME, PSModulePath, SystemDrive, USERNAME, ProgramFiles(x86), FPS_BROWSER_USER_PROFILE_STRING, PATHEXT, DriverData, ProgramData, ProgramW6432, HOMEPATH, PROCESSOR_IDENTIFIER, GRALDLE_HOME, ProgramFiles, PUBLIC, windir, GlobalVariableMeritTracSecureDesktop, =::, OPENSSL_CONF, LOCALAPPDATA, ChocolateyLastPathUpdate, USERDOMAIN, LOGONSERVER, WIX, FPS_BROWSER_APP_PROFILE_STRING, JAVA_HOME, OneDrive, APPDATA, ChocolateyInstall, VBOX_MSI_INSTALL_PATH, CommonProgramFiles, Path, OS, COMPUTERNAME, PROCESSOR_REVISION, CommonProgramW6432, ComSpec, TEMP, SystemRoot, HOMEDRIVE, USERPROFILE, TMP, CommonProgramFiles(x86), NUMBER_OF_PROCESSORS, IDEA_INITIAL_DIRECTORY]
2026-09-30T11:21:13.181+0530 [DEBUG] [org.gradle.launcher.daemon.server.exec.LogToClient] About to start relaying all logs to the client via the connection.
2026-09-30T11:21:13.182+0530 [INFO] [org.gradle.launcher.daemon.server.exec.LogToClient] The client will now receive all logging from the daemon (pid: 10956). The daemon log file: D:\GRAPHINOVAS\AI Studio\GRAPHYNOVUS II SUDORA\sudoku-organizer\gradle\daemon\8.2\daemon-10956.out.log
2026-09-30T11:21:13.182+0530 [INFO] [org.gradle.launcher.daemon.server.exec.LogAndCheckHealth] Starting 5th build in daemon [uptime: 3 mins 0.124 secs, performance: 100%, GC rate: 0.00/s, heap usage: 0% of 4 GiB]
2026-09-30T11:21:13.182+0530 [DEBUG] [org.gradle.launcher.daemon.server.exec.ExecuteBuild] The daemon has started executing the build.
2026-09-30T11:21:13.182+0530 [DEBUG] [org.gradle.launcher.daemon.server.exec.ExecuteBuild] Executing build with daemon context: DefaultDaemonContext[uid=317cb9ef-3859-4b0f-bea1-74507d243cb7,javaHome=C:\Program Files\Android\Android Studio\jbr,daemonRegistryDir=D:\GRAPHINOVAS\AI Studio\GRAPHYNOVUS II SUDORA\sudoku-organizer\gradle\daemon,pid=10956,idleTimeout=10800000,priority=NORMAL,applyInstrumentationAgent=true,daemonOpts=--add-opens=java.base/java.util=ALL-UNNAMED,--add-opens=java.base/java.lang=ALL-UNNAMED,--add-opens=java.base/java.lang.invoke=ALL-UNNAMED,--add-opens=java.prefs/java.util.prefs=ALL-UNNAMED,--add-opens=java.base/java.nio.charset=ALL-UNNAMED,--add-opens=java.base/java.net=ALL-UNNAMED,--add-opens=java.base/java.util.concurrent.atomic=ALL-UNNAMED,-Xmx4g,-Dfile.encoding=UTF-8,-Duser.country=IN,-Duser.language=en,-Duser.variant]

FAILURE: Build failed with an exception.

* Where:
Build file 'D:\GRAPHINOVAS\AI Studio\GRAPHYNOVUS II SUDORA\sudoku-organizer\app\build.gradle.kts' line: 3

* What went wrong:
Error resolving plugin [id: 'org.jetbrains.kotlin.android', version: '2.0.0', apply: false]
> The request for this plugin could not be satisfied because the plugin is already on the classpath with a different version (1.9.20).

* Try:
> Run with --info or --debug option to get more log output.
> Run with --scan to get full insights.
> Get more help at https://help.gradle.org.

* Exception is:
org.gradle.api.GradleException: Error resolving plugin [id: 'org.jetbrains.kotlin.android', version: '2.0.0', apply: false]
	at org.gradle.plugin.use.internal.DefaultPluginRequestApplicator.resolveToFoundResult(DefaultPluginRequestApplicator.java:231)
	at org.gradle.plugin.use.internal.DefaultPluginRequestApplicator.lambda$resolvePluginRequests$3(DefaultPluginRequestApplicator.java:167)
	at org.gradle.util.internal.CollectionUtils.collect(CollectionUtils.java:212)
	at org.gradle.util.internal.CollectionUtils.collect(CollectionUtils.java:206)
	at org.gradle.plugin.use.internal.DefaultPluginRequestApplicator.resolvePluginRequests(DefaultPluginRequestApplicator.java:165)
	at org.gradle.plugin.use.internal.DefaultPluginRequestApplicator.applyPlugins(DefaultPluginRequestApplicator.java:100)
	at org.gradle.kotlin.dsl.provider.PluginRequestsHandler.handle(PluginRequestsHandler.kt:48)
	at org.gradle.kotlin.dsl.provider.StandardKotlinScriptEvaluator$InterpreterHost.applyPluginsTo(KotlinScriptEvaluator.kt:220)
	at org.gradle.kotlin.dsl.execution.Interpreter$ProgramHost.applyPluginsTo(Interpreter.kt:391)
	at Program.execute(Unknown Source)
	at org.gradle.kotlin.dsl.execution.Interpreter$ProgramHost.eval(Interpreter.kt:523)
	at org.gradle.kotlin.dsl.execution.Interpreter.eval(Interpreter.kt:198)
	at org.gradle.kotlin.dsl.provider.StandardKotlinScriptEvaluator.evaluate(KotlinScriptEvaluator.kt:121)
	at org.gradle.kotlin.dsl.provider.KotlinScriptPluginFactory$create$1.invoke(KotlinScriptPluginFactory.kt:51)
	at org.gradle.kotlin.dsl.provider.KotlinScriptPluginFactory$create$1.invoke(KotlinScriptPluginFactory.kt:48)
	at org.gradle.kotlin.dsl.provider.KotlinScriptPlugin.apply(KotlinScriptPlugin.kt:35)
	at org.gradle.configuration.BuildOperationScriptPlugin$1.run(BuildOperationScriptPlugin.java:65)
	at org.gradle.internal.operations.DefaultBuildOperationRunner$1.execute(DefaultBuildOperationRunner.java:29)
	at org.gradle.internal.operations.DefaultBuildOperationRunner$1.execute(DefaultBuildOperationRunner.java:26)
	at org.gradle.internal.operations.DefaultBuildOperationRunner$2.execute(DefaultBuildOperationRunner.java:66)
	at org.gradle.internal.operations.DefaultBuildOperationRunner$2.execute(DefaultBuildOperationRunner.java:59)
	at org.gradle.internal.operations.DefaultBuildOperationRunner.execute(DefaultBuildOperationRunner.java:157)
	at org.gradle.internal.operations.DefaultBuildOperationRunner.execute(DefaultBuildOperationRunner.java:59)
	at org.gradle.internal.operations.DefaultBuildOperationRunner.run(DefaultBuildOperationRunner.java:47)
	at org.gradle.internal.operations.DefaultBuildOperationExecutor.run(DefaultBuildOperationExecutor.java:68)
	at org.gradle.configuration.BuildOperationScriptPlugin.lambda$apply$0(BuildOperationScriptPlugin.java:62)
	at org.gradle.configuration.internal.DefaultUserCodeApplicationContext.apply(DefaultUserCodeApplicationContext.java:44)
	at org.gradle.configuration.BuildOperationScriptPlugin.apply(BuildOperationScriptPlugin.java:62)
	at org.gradle.api.internal.project.DefaultProjectStateRegistry$ProjectStateImpl.lambda$applyToMutableState$1(DefaultProjectStateRegistry.java:395)
	at org.gradle.api.internal.project.DefaultProjectStateRegistry$ProjectStateImpl.fromMutableState(DefaultProjectStateRegistry.java:413)
	at org.gradle.api.internal.project.DefaultProjectStateRegistry$ProjectStateImpl.applyToMutableState(DefaultProjectStateRegistry.java:394)
	at org.gradle.configuration.project.BuildScriptProcessor.execute(BuildScriptProcessor.java:46)
	at org.gradle.configuration.project.BuildScriptProcessor.execute(BuildScriptProcessor.java:27)
	at org.gradle.configuration.project.ConfigureActionsProjectEvaluator.evaluate(ConfigureActionsProjectEvaluator.java:35)
	at org.gradle.configuration.project.LifecycleProjectEvaluator$EvaluateProject.lambda$run$0(LifecycleProjectEvaluator.java:109)
	at org.gradle.api.internal.project.DefaultProjectStateRegistry$ProjectStateImpl.lambda$applyToMutableState$1(DefaultProjectStateRegistry.java:395)
	at org.gradle.api.internal.project.DefaultProjectStateRegistry$ProjectStateImpl.lambda$fromMutableState$2(DefaultProjectStateRegistry.java:418)
	at org.gradle.internal.work.DefaultWorkerLeaseService.withReplacedLocks(DefaultWorkerLeaseService.java:345)
	at org.gradle.api.internal.project.DefaultProjectStateRegistry$ProjectStateImpl.fromMutableState(DefaultProjectStateRegistry.java:418)
	at org.gradle.api.internal.project.DefaultProjectStateRegistry$ProjectStateImpl.applyToMutableState(DefaultProjectStateRegistry.java:394)
	at org.gradle.configuration.project.LifecycleProjectEvaluator$EvaluateProject.run(LifecycleProjectEvaluator.java:100)
	at org.gradle.internal.operations.DefaultBuildOperationRunner$1.execute(DefaultBuildOperationRunner.java:29)
	at org.gradle.internal.operations.DefaultBuildOperationRunner$1.execute(DefaultBuildOperationRunner.java:26)
	at org.gradle.internal.operations.DefaultBuildOperationRunner$2.execute(DefaultBuildOperationRunner.java:66)
	at org.gradle.internal.operations.DefaultBuildOperationRunner$2.execute(DefaultBuildOperationRunner.java:59)
	at org.gradle.internal.operations.DefaultBuildOperationRunner.execute(DefaultBuildOperationRunner.java:157)
	at org.gradle.internal.operations.DefaultBuildOperationRunner.execute(DefaultBuildOperationRunner.java:59)
	at org.gradle.internal.operations.DefaultBuildOperationRunner.run(DefaultBuildOperationRunner.java:47)
	at org.gradle.internal.operations.DefaultBuildOperationExecutor.run(DefaultBuildOperationExecutor.java:68)
	at org.gradle.configuration.project.LifecycleProjectEvaluator.evaluate(LifecycleProjectEvaluator.java:72)
	at org.gradle.api.internal.project.DefaultProject.evaluate(DefaultProject.java:782)
	at org.gradle.api.internal.project.DefaultProject.evaluate(DefaultProject.java:156)
	at org.gradle.api.internal.project.ProjectLifecycleController.lambda$ensureSelfConfigured$2(ProjectLifecycleController.java:84)
	at org.gradle.internal.model.StateTransitionController.lambda$doTransition$14(StateTransitionController.java:255)
	at org.gradle.internal.model.StateTransitionController.doTransition(StateTransitionController.java:266)
	at org.gradle.internal.model.StateTransitionController.doTransition(StateTransitionController.java:254)
	at org.gradle.internal.model.StateTransitionController.lambda$maybeTransitionIfNotCurrentlyTransitioning$10(StateTransitionController.java:199)
	at org.gradle.internal.work.DefaultSynchronizer.withLock(DefaultSynchronizer.java:34)
	at org.gradle.internal.model.StateTransitionController.maybeTransitionIfNotCurrentlyTransitioning(StateTransitionController.java:195)
	at org.gradle.api.internal.project.ProjectLifecycleController.ensureSelfConfigured(ProjectLifecycleController.java:84)
	at org.gradle.api.internal.project.DefaultProjectStateRegistry$ProjectStateImpl.ensureConfigured(DefaultProjectStateRegistry.java:369)
	at org.gradle.execution.TaskPathProjectEvaluator.configure(TaskPathProjectEvaluator.java:33)
	at org.gradle.execution.TaskPathProjectEvaluator.configureHierarchy(TaskPathProjectEvaluator.java:49)
	at org.gradle.configuration.DefaultProjectsPreparer.prepareProjects(DefaultProjectsPreparer.java:42)
	at org.gradle.configuration.BuildTreePreparingProjectsPreparer.prepareProjects(BuildTreePreparingProjectsPreparer.java:65)
	at org.gradle.configuration.BuildOperationFiringProjectsPreparer$ConfigureBuild.run(BuildOperationFiringProjectsPreparer.java:52)
	at org.gradle.internal.operations.DefaultBuildOperationRunner$1.execute(DefaultBuildOperationRunner.java:29)
	at org.gradle.internal.operations.DefaultBuildOperationRunner$1.execute(DefaultBuildOperationRunner.java:26)
	at org.gradle.internal.operations.DefaultBuildOperationRunner$2.execute(DefaultBuildOperationRunner.java:66)
	at org.gradle.internal.operations.DefaultBuildOperationRunner$2.execute(DefaultBuildOperationRunner.java:59)
	at org.gradle.internal.operations.DefaultBuildOperationRunner.execute(DefaultBuildOperationRunner.java:157)
	at org.gradle.internal.operations.DefaultBuildOperationRunner.execute(DefaultBuildOperationRunner.java:59)
	at org.gradle.internal.operations.DefaultBuildOperationRunner.run(DefaultBuildOperationRunner.java:47)
	at org.gradle.internal.operations.DefaultBuildOperationExecutor.run(DefaultBuildOperationExecutor.java:68)
	at org.gradle.configuration.BuildOperationFiringProjectsPreparer.prepareProjects(BuildOperationFiringProjectsPreparer.java:40)
	at org.gradle.initialization.VintageBuildModelController.lambda$prepareProjects$2(VintageBuildModelController.java:84)
	at org.gradle.internal.model.StateTransitionController.lambda$doTransition$14(StateTransitionController.java:255)
	at org.gradle.internal.model.StateTransitionController.doTransition(StateTransitionController.java:266)
	at org.gradle.internal.model.StateTransitionController.doTransition(StateTransitionController.java:254)
	at org.gradle.internal.model.StateTransitionController.lambda$transitionIfNotPreviously$11(StateTransitionController.java:213)
	at org.gradle.internal.work.DefaultSynchronizer.withLock(DefaultSynchronizer.java:34)
	at org.gradle.internal.model.StateTransitionController.transitionIfNotPreviously(StateTransitionController.java:209)
	at org.gradle.initialization.VintageBuildModelController.prepareProjects(VintageBuildModelController.java:84)
	at org.gradle.initialization.VintageBuildModelController.getConfiguredModel(VintageBuildModelController.java:64)
	at org.gradle.internal.build.DefaultBuildLifecycleController.lambda$withProjectsConfigured$1(DefaultBuildLifecycleController.java:130)
	at org.gradle.internal.model.StateTransitionController.lambda$notInState$3(StateTransitionController.java:132)
	at org.gradle.internal.work.DefaultSynchronizer.withLock(DefaultSynchronizer.java:44)
	at org.gradle.internal.model.StateTransitionController.notInState(StateTransitionController.java:128)
	at org.gradle.internal.build.DefaultBuildLifecycleController.withProjectsConfigured(DefaultBuildLifecycleController.java:130)
	at org.gradle.internal.build.DefaultBuildToolingModelController.locateBuilderForTarget(DefaultBuildToolingModelController.java:57)
	at org.gradle.internal.buildtree.DefaultBuildTreeModelCreator$DefaultBuildTreeModelController.lambda$locateBuilderForTarget$0(DefaultBuildTreeModelCreator.java:73)
	at org.gradle.internal.build.DefaultBuildLifecycleController.withToolingModels(DefaultBuildLifecycleController.java:278)
	at org.gradle.internal.build.AbstractBuildState.withToolingModels(AbstractBuildState.java:140)
	at org.gradle.internal.buildtree.DefaultBuildTreeModelCreator$DefaultBuildTreeModelController.locateBuilderForTarget(DefaultBuildTreeModelCreator.java:73)
	at org.gradle.internal.buildtree.DefaultBuildTreeModelCreator$DefaultBuildTreeModelController.locateBuilderForDefaultTarget(DefaultBuildTreeModelCreator.java:68)
	at org.gradle.tooling.internal.provider.runner.DefaultBuildController.getTarget(DefaultBuildController.java:157)
	at org.gradle.tooling.internal.provider.runner.DefaultBuildController.getModel(DefaultBuildController.java:101)
	at org.gradle.tooling.internal.consumer.connection.ParameterAwareBuildControllerAdapter.getModel(ParameterAwareBuildControllerAdapter.java:39)
	at org.gradle.tooling.internal.consumer.connection.UnparameterizedBuildController.getModel(UnparameterizedBuildController.java:113)
	at org.gradle.tooling.internal.consumer.connection.NestedActionAwareBuildControllerAdapter.getModel(NestedActionAwareBuildControllerAdapter.java:31)
	at org.gradle.tooling.internal.consumer.connection.UnparameterizedBuildController.findModel(UnparameterizedBuildController.java:97)
	at org.gradle.tooling.internal.consumer.connection.NestedActionAwareBuildControllerAdapter.findModel(NestedActionAwareBuildControllerAdapter.java:31)
	at org.gradle.tooling.internal.consumer.connection.UnparameterizedBuildController.findModel(UnparameterizedBuildController.java:81)
	at org.gradle.tooling.internal.consumer.connection.NestedActionAwareBuildControllerAdapter.findModel(NestedActionAwareBuildControllerAdapter.java:31)
	at org.gradle.tooling.internal.consumer.connection.UnparameterizedBuildController.findModel(UnparameterizedBuildController.java:66)
	at org.gradle.tooling.internal.consumer.connection.NestedActionAwareBuildControllerAdapter.findModel(NestedActionAwareBuildControllerAdapter.java:31)
	at org.jetbrains.plugins.gradle.model.ProjectImportAction.execute(ProjectImportAction.java:126)
	at org.jetbrains.plugins.gradle.model.ProjectImportAction.execute(ProjectImportAction.java:43)
	at org.gradle.tooling.internal.consumer.connection.InternalBuildActionAdapter.execute(InternalBuildActionAdapter.java:64)
	at org.gradle.tooling.internal.provider.runner.AbstractClientProvidedBuildActionRunner$ActionAdapter.runAction(AbstractClientProvidedBuildActionRunner.java:131)
	at org.gradle.tooling.internal.provider.runner.AbstractClientProvidedBuildActionRunner$ActionAdapter.beforeTasks(AbstractClientProvidedBuildActionRunner.java:99)
	at org.gradle.internal.buildtree.DefaultBuildTreeModelCreator.beforeTasks(DefaultBuildTreeModelCreator.java:52)
	at org.gradle.internal.buildtree.DefaultBuildTreeLifecycleController.lambda$fromBuildModel$2(DefaultBuildTreeLifecycleController.java:74)
	at org.gradle.internal.buildtree.DefaultBuildTreeLifecycleController.lambda$runBuild$4(DefaultBuildTreeLifecycleController.java:98)
	at org.gradle.internal.model.StateTransitionController.lambda$transition$6(StateTransitionController.java:169)
	at org.gradle.internal.model.StateTransitionController.doTransition(StateTransitionController.java:266)
	at org.gradle.internal.model.StateTransitionController.lambda$transition$7(StateTransitionController.java:169)
	at org.gradle.internal.work.DefaultSynchronizer.withLock(DefaultSynchronizer.java:44)
	at org.gradle.internal.model.StateTransitionController.transition(StateTransitionController.java:169)
	at org.gradle.internal.buildtree.DefaultBuildTreeLifecycleController.runBuild(DefaultBuildTreeLifecycleController.java:95)
	at org.gradle.internal.buildtree.DefaultBuildTreeLifecycleController.fromBuildModel(DefaultBuildTreeLifecycleController.java:73)
	at org.gradle.tooling.internal.provider.runner.AbstractClientProvidedBuildActionRunner.runClientAction(AbstractClientProvidedBuildActionRunner.java:43)
	at org.gradle.tooling.internal.provider.runner.ClientProvidedPhasedActionRunner.run(ClientProvidedPhasedActionRunner.java:53)
	at org.gradle.launcher.exec.ChainingBuildActionRunner.run(ChainingBuildActionRunner.java:35)
	at org.gradle.internal.buildtree.ProblemReportingBuildActionRunner.run(ProblemReportingBuildActionRunner.java:49)
	at org.gradle.launcher.exec.BuildOutcomeReportingBuildActionRunner.run(BuildOutcomeReportingBuildActionRunner.java:65)
	at org.gradle.tooling.internal.provider.FileSystemWatchingBuildActionRunner.run(FileSystemWatchingBuildActionRunner.java:140)
	at org.gradle.launcher.exec.BuildCompletionNotifyingBuildActionRunner.run(BuildCompletionNotifyingBuildActionRunner.java:41)
	at org.gradle.launcher.exec.RootBuildLifecycleBuildActionExecutor.lambda$execute$0(RootBuildLifecycleBuildActionExecutor.java:40)
	at org.gradle.composite.internal.DefaultRootBuildState.run(DefaultRootBuildState.java:122)
	at org.gradle.launcher.exec.RootBuildLifecycleBuildActionExecutor.execute(RootBuildLifecycleBuildActionExecutor.java:40)
	at org.gradle.internal.buildtree.InitDeprecationLoggingActionExecutor.execute(InitDeprecationLoggingActionExecutor.java:58)
	at org.gradle.internal.buildtree.DefaultBuildTreeContext.execute(DefaultBuildTreeContext.java:40)
	at org.gradle.launcher.exec.BuildTreeLifecycleBuildActionExecutor.lambda$execute$0(BuildTreeLifecycleBuildActionExecutor.java:65)
	at org.gradle.internal.buildtree.BuildTreeState.run(BuildTreeState.java:53)
	at org.gradle.launcher.exec.BuildTreeLifecycleBuildActionExecutor.execute(BuildTreeLifecycleBuildActionExecutor.java:65)
	at org.gradle.launcher.exec.RunAsBuildOperationBuildActionExecutor$3.call(RunAsBuildOperationBuildActionExecutor.java:61)
	at org.gradle.launcher.exec.RunAsBuildOperationBuildActionExecutor$3.call(RunAsBuildOperationBuildActionExecutor.java:57)
	at org.gradle.internal.operations.DefaultBuildOperationRunner$CallableBuildOperationWorker.execute(DefaultBuildOperationRunner.java:204)
	at org.gradle.internal.operations.DefaultBuildOperationRunner$CallableBuildOperationWorker.execute(DefaultBuildOperationRunner.java:199)
	at org.gradle.internal.operations.DefaultBuildOperationRunner$2.execute(DefaultBuildOperationRunner.java:66)
	at org.gradle.internal.operations.DefaultBuildOperationRunner$2.execute(DefaultBuildOperationRunner.java:59)
	at org.gradle.internal.operations.DefaultBuildOperationRunner.execute(DefaultBuildOperationRunner.java:157)
	at org.gradle.internal.operations.DefaultBuildOperationRunner.execute(DefaultBuildOperationRunner.java:59)
	at org.gradle.internal.operations.DefaultBuildOperationRunner.call(DefaultBuildOperationRunner.java:53)
	at org.gradle.internal.operations.DefaultBuildOperationExecutor.call(DefaultBuildOperationExecutor.java:73)
	at org.gradle.launcher.exec.RunAsBuildOperationBuildActionExecutor.execute(RunAsBuildOperationBuildActionExecutor.java:57)
	at org.gradle.launcher.exec.RunAsWorkerThreadBuildActionExecutor.lambda$execute$0(RunAsWorkerThreadBuildActionExecutor.java:36)
	at org.gradle.internal.work.DefaultWorkerLeaseService.withLocks(DefaultWorkerLeaseService.java:249)
	at org.gradle.internal.work.DefaultWorkerLeaseService.runAsWorkerThread(DefaultWorkerLeaseService.java:109)
	at org.gradle.launcher.exec.RunAsWorkerThreadBuildActionExecutor.execute(RunAsWorkerThreadBuildActionExecutor.java:36)
	at org.gradle.tooling.internal.provider.continuous.ContinuousBuildActionExecutor.execute(ContinuousBuildActionExecutor.java:110)
	at org.gradle.tooling.internal.provider.SubscribableBuildActionExecutor.execute(SubscribableBuildActionExecutor.java:64)
	at org.gradle.internal.session.DefaultBuildSessionContext.execute(DefaultBuildSessionContext.java:46)
	at org.gradle.tooling.internal.provider.BuildSessionLifecycleBuildActionExecuter$ActionImpl.apply(BuildSessionLifecycleBuildActionExecuter.java:100)
	at org.gradle.tooling.internal.provider.BuildSessionLifecycleBuildActionExecuter$ActionImpl.apply(BuildSessionLifecycleBuildActionExecuter.java:88)
	at org.gradle.internal.session.BuildSessionState.run(BuildSessionState.java:69)
	at org.gradle.tooling.internal.provider.BuildSessionLifecycleBuildActionExecuter.execute(BuildSessionLifecycleBuildActionExecuter.java:62)
	at org.gradle.tooling.internal.provider.BuildSessionLifecycleBuildActionExecuter.execute(BuildSessionLifecycleBuildActionExecuter.java:41)
	at org.gradle.tooling.internal.provider.StartParamsValidatingActionExecuter.execute(StartParamsValidatingActionExecuter.java:64)
	at org.gradle.tooling.internal.provider.StartParamsValidatingActionExecuter.execute(StartParamsValidatingActionExecuter.java:32)
	at org.gradle.tooling.internal.provider.SessionFailureReportingActionExecuter.execute(SessionFailureReportingActionExecuter.java:50)
	at org.gradle.tooling.internal.provider.SessionFailureReportingActionExecuter.execute(SessionFailureReportingActionExecuter.java:38)
	at org.gradle.tooling.internal.provider.SetupLoggingActionExecuter.execute(SetupLoggingActionExecuter.java:47)
	at org.gradle.tooling.internal.provider.SetupLoggingActionExecuter.execute(SetupLoggingActionExecuter.java:31)
	at org.gradle.launcher.daemon.server.exec.ExecuteBuild.doBuild(ExecuteBuild.java:65)
	at org.gradle.launcher.daemon.server.exec.BuildCommandOnly.execute(BuildCommandOnly.java:37)
	at org.gradle.launcher.daemon.server.api.DaemonCommandExecution.proceed(DaemonCommandExecution.java:104)
	at org.gradle.launcher.daemon.server.exec.WatchForDisconnection.execute(WatchForDisconnection.java:39)
	at org.gradle.launcher.daemon.server.api.DaemonCommandExecution.proceed(DaemonCommandExecution.java:104)
	at org.gradle.launcher.daemon.server.exec.ResetDeprecationLogger.execute(ResetDeprecationLogger.java:29)
	at org.gradle.launcher.daemon.server.api.DaemonCommandExecution.proceed(DaemonCommandExecution.java:104)
	at org.gradle.launcher.daemon.server.exec.RequestStopIfSingleUsedDaemon.execute(RequestStopIfSingleUsedDaemon.java:35)
	at org.gradle.launcher.daemon.server.api.DaemonCommandExecution.proceed(DaemonCommandExecution.java:104)
	at org.gradle.launcher.daemon.server.exec.ForwardClientInput$2.create(ForwardClientInput.java:78)
	at org.gradle.launcher.daemon.server.exec.ForwardClientInput$2.create(ForwardClientInput.java:75)
	at org.gradle.util.internal.Swapper.swap(Swapper.java:38)
	at org.gradle.launcher.daemon.server.exec.ForwardClientInput.execute(ForwardClientInput.java:75)
	at org.gradle.launcher.daemon.server.api.DaemonCommandExecution.proceed(DaemonCommandExecution.java:104)
	at org.gradle.launcher.daemon.server.exec.LogAndCheckHealth.execute(LogAndCheckHealth.java:64)
	at org.gradle.launcher.daemon.server.api.DaemonCommandExecution.proceed(DaemonCommandExecution.java:104)
	at org.gradle.launcher.daemon.server.exec.LogToClient.doBuild(LogToClient.java:63)
	at org.gradle.launcher.daemon.server.exec.BuildCommandOnly.execute(BuildCommandOnly.java:37)
	at org.gradle.launcher.daemon.server.api.DaemonCommandExecution.proceed(DaemonCommandExecution.java:104)
	at org.gradle.launcher.daemon.server.exec.EstablishBuildEnvironment.doBuild(EstablishBuildEnvironment.java:84)
	at org.gradle.launcher.daemon.server.exec.BuildCommandOnly.execute(BuildCommandOnly.java:37)
	at org.gradle.launcher.daemon.server.api.DaemonCommandExecution.proceed(DaemonCommandExecution.java:104)
	at org.gradle.launcher.daemon.server.exec.StartBuildOrRespondWithBusy$1.run(StartBuildOrRespondWithBusy.java:52)
	at org.gradle.launcher.daemon.server.DaemonStateCoordinator$1.run(DaemonStateCoordinator.java:297)
	at org.gradle.internal.concurrent.ExecutorPolicy$CatchAndRecordFailures.onExecute(ExecutorPolicy.java:64)
	at org.gradle.internal.concurrent.AbstractManagedExecutor$1.run(AbstractManagedExecutor.java:47)
Caused by: org.gradle.plugin.management.internal.InvalidPluginRequestException: The request for this plugin could not be satisfied because the plugin is already on the classpath with a different version (1.9.20).
	at org.gradle.plugin.use.resolve.internal.AlreadyOnClasspathPluginResolver.resolve(AlreadyOnClasspathPluginResolver.java:77)
	at org.gradle.plugin.use.internal.DefaultPluginRequestApplicator.resolveToFoundResult(DefaultPluginRequestApplicator.java:228)
	... 190 more


CONFIGURE FAILED in 1s
2026-09-30T11:21:15.075+0530 [DEBUG] [org.gradle.launcher.daemon.server.exec.ExecuteBuild] The daemon has finished executing the build.
2026-09-30T11:21:15.078+0530 [DEBUG] [org.gradle.launcher.daemon.server.DaemonStateCoordinator] daemon is running. Sleeping until state changes.
2026-09-30T11:21:15.078+0530 [DEBUG] [org.gradle.launcher.daemon.server.DaemonStateCoordinator] Command execution: finished waiting for DaemonCommandExecution[command = Build{id=56122884-6245-49d2-9909-b90a735444f7, currentDir=D:\GRAPHINOVAS\AI Studio\GRAPHYNOVUS II SUDORA\sudoku-organizer}, connection = DefaultDaemonConnection: socket connection from /127.0.0.1:63242 to /127.0.0.1:63279]. Result org.gradle.launcher.daemon.server.DaemonStateCoordinator@7b57c3c9 with state Busy
2026-09-30T11:21:15.078+0530 [DEBUG] [org.gradle.launcher.daemon.server.DaemonStateCoordinator] Command execution: completed DaemonCommandExecution[command = Build{id=56122884-6245-49d2-9909-b90a735444f7, currentDir=D:\GRAPHINOVAS\AI Studio\GRAPHYNOVUS II SUDORA\sudoku-organizer}, connection = DefaultDaemonConnection: socket connection from /127.0.0.1:63242 to /127.0.0.1:63279]
2026-09-30T11:21:15.078+0530 [DEBUG] [org.gradle.launcher.daemon.server.DaemonStateCoordinator] resetting idle timer
2026-09-30T11:21:15.078+0530 [INFO] [org.gradle.launcher.daemon.server.DaemonRegistryUpdater] Marking the daemon as idle, address: [4b83dc4a-d1b1-40c7-b00f-b6082d3654ac port:63242, addresses:[localhost/127.0.0.1]]
2026-09-30T11:21:15.078+0530 [DEBUG] [org.gradle.launcher.daemon.registry.PersistentDaemonRegistry] Marking busy by address: [4b83dc4a-d1b1-40c7-b00f-b6082d3654ac port:63242, addresses:[localhost/127.0.0.1]]
2026-09-30T11:21:15.079+0530 [DEBUG] [org.gradle.cache.internal.DefaultFileLockManager] Waiting to acquire exclusive lock on daemon addresses registry.
2026-09-30T11:21:15.079+0530 [DEBUG] [org.gradle.cache.internal.DefaultFileLockManager] Lock acquired on daemon addresses registry.
2026-09-30T11:21:15.080+0530 [DEBUG] [org.gradle.cache.internal.DefaultFileLockManager] Releasing lock on daemon addresses registry.
2026-09-30T11:21:15.081+0530 [DEBUG] [org.gradle.launcher.daemon.server.DaemonStateCoordinator] daemon is running. Sleeping until state changes.
2026-09-30T11:21:15.081+0530 [DEBUG] [org.gradle.launcher.daemon.server.exec.ReturnResult] Daemon is dispatching the build result: Success[value=org.gradle.launcher.exec.BuildActionResult@7ad51cf2]
2026-09-30T11:21:15.081+0530 [DEBUG] [org.gradle.launcher.daemon.server.SynchronizedDispatchConnection] thread 81: dispatching Success[value=org.gradle.launcher.exec.BuildActionResult@7ad51cf2]
2026-09-30T11:21:15.082+0530 [DEBUG] [org.gradle.launcher.daemon.server.DefaultIncomingConnectionHandler] Finishing executing command: Build{id=56122884-6245-49d2-9909-b90a735444f7, currentDir=D:\GRAPHINOVAS\AI Studio\GRAPHYNOVUS II SUDORA\sudoku-organizer}
2026-09-30T11:21:15.084+0530 [DEBUG] [org.gradle.launcher.daemon.server.SynchronizedDispatchConnection] thread 99: received class org.gradle.launcher.daemon.protocol.Finished
2026-09-30T11:21:15.084+0530 [DEBUG] [org.gradle.launcher.daemon.server.DefaultDaemonConnection] thread 99: Received non-IO message from client: org.gradle.launcher.daemon.protocol.Finished@794e70f5
2026-09-30T11:21:15.084+0530 [DEBUG] [org.gradle.launcher.daemon.server.DefaultIncomingConnectionHandler] Received finished message: org.gradle.launcher.daemon.protocol.Finished@794e70f5
2026-09-30T11:21:15.084+0530 [DEBUG] [org.gradle.internal.remote.internal.inet.SocketConnection] Discarding EOFException: java.io.EOFException
2026-09-30T11:21:15.084+0530 [DEBUG] [org.gradle.launcher.daemon.server.SynchronizedDispatchConnection] thread 99: received null
2026-09-30T11:21:15.084+0530 [DEBUG] [org.gradle.launcher.daemon.server.SynchronizedDispatchConnection] thread 81: stopping connection
2026-09-30T11:21:15.084+0530 [DEBUG] [org.gradle.launcher.daemon.server.DefaultDaemonConnection] thread 99: Received end-of-input from client.
2026-09-30T11:21:15.086+0530 [DEBUG] [org.gradle.launcher.daemon.server.SynchronizedDispatchConnection] thread 81: stopping connection
2026-09-30T11:21:15.683+0530 [DEBUG] [org.gradle.cache.internal.DefaultFileLockManager] Waiting to acquire shared lock on daemon addresses registry.
2026-09-30T11:21:15.684+0530 [DEBUG] [org.gradle.cache.internal.DefaultFileLockManager] Lock acquired on daemon addresses registry.
2026-09-30T11:21:15.684+0530 [DEBUG] [org.gradle.cache.internal.DefaultFileLockManager] Releasing lock on daemon addresses registry.
2026-09-30T11:21:15.685+0530 [DEBUG] [org.gradle.cache.internal.DefaultFileLockManager] Waiting to acquire shared lock on daemon addresses registry.
2026-09-30T11:21:15.685+0530 [DEBUG] [org.gradle.cache.internal.DefaultFileLockManager] Lock acquired on daemon addresses registry.
2026-09-30T11:21:15.685+0530 [DEBUG] [org.gradle.cache.internal.DefaultFileLockManager] Releasing lock on daemon addresses registry.
2026-09-30T11:21:25.679+0530 [DEBUG] [org.gradle.cache.internal.DefaultFileLockManager] Waiting to acquire shared lock on daemon addresses registry.
2026-09-30T11:21:25.679+0530 [DEBUG] [org.gradle.cache.internal.DefaultFileLockManager] Lock acquired on daemon addresses registry.
2026-09-30T11:21:25.680+0530 [DEBUG] [org.gradle.cache.internal.DefaultFileLockManager] Releasing lock on daemon addresses registry.
2026-09-30T11:21:25.680+0530 [DEBUG] [org.gradle.cache.internal.DefaultFileLockManager] Waiting to acquire shared lock on daemon addresses registry.
2026-09-30T11:21:25.681+0530 [DEBUG] [org.gradle.cache.internal.DefaultFileLockManager] Lock acquired on daemon addresses registry.
2026-09-30T11:21:25.681+0530 [DEBUG] [org.gradle.cache.internal.DefaultFileLockManager] Releasing lock on daemon addresses registry.
2026-09-30T11:21:25.681+0530 [DEBUG] [org.gradle.cache.internal.DefaultFileLockManager] Waiting to acquire shared lock on daemon addresses registry.
2026-09-30T11:21:25.681+0530 [DEBUG] [org.gradle.cache.internal.DefaultFileLockManager] Lock acquired on daemon addresses registry.
2026-09-30T11:21:25.682+0530 [DEBUG] [org.gradle.cache.internal.DefaultFileLockManager] Releasing lock on daemon addresses registry.
2026-09-30T11:21:35.673+0530 [DEBUG] [org.gradle.cache.internal.DefaultFileLockManager] Waiting to acquire shared lock on daemon addresses registry.
2026-09-30T11:21:35.673+0530 [DEBUG] [org.gradle.cache.internal.DefaultFileLockManager] Lock acquired on daemon addresses registry.
2026-09-30T11:21:35.690+0530 [DEBUG] [org.gradle.cache.internal.DefaultFileLockManager] Releasing lock on daemon addresses registry.
2026-09-30T11:21:35.691+0530 [DEBUG] [org.gradle.cache.internal.DefaultFileLockManager] Waiting to acquire shared lock on daemon addresses registry.
2026-09-30T11:21:35.691+0530 [DEBUG] [org.gradle.cache.internal.DefaultFileLockManager] Lock acquired on daemon addresses registry.
2026-09-30T11:21:35.691+0530 [DEBUG] [org.gradle.cache.internal.DefaultFileLockManager] Releasing lock on daemon addresses registry.
2026-09-30T11:21:35.692+0530 [DEBUG] [org.gradle.cache.internal.DefaultFileLockManager] Waiting to acquire shared lock on daemon addresses registry.
2026-09-30T11:21:35.692+0530 [DEBUG] [org.gradle.cache.internal.DefaultFileLockManager] Lock acquired on daemon addresses registry.
2026-09-30T11:21:35.692+0530 [DEBUG] [org.gradle.cache.internal.DefaultFileLockManager] Releasing lock on daemon addresses registry.
2026-09-30T11:21:45.673+0530 [DEBUG] [org.gradle.cache.internal.DefaultFileLockManager] Waiting to acquire shared lock on daemon addresses registry.
2026-09-30T11:21:45.674+0530 [DEBUG] [org.gradle.cache.internal.DefaultFileLockManager] Lock acquired on daemon addresses registry.
2026-09-30T11:21:45.675+0530 [DEBUG] [org.gradle.cache.internal.DefaultFileLockManager] Releasing lock on daemon addresses registry.
2026-09-30T11:21:45.677+0530 [DEBUG] [org.gradle.cache.internal.DefaultFileLockManager] Waiting to acquire shared lock on daemon addresses registry.
2026-09-30T11:21:45.677+0530 [DEBUG] [org.gradle.cache.internal.DefaultFileLockManager] Lock acquired on daemon addresses registry.
2026-09-30T11:21:45.677+0530 [DEBUG] [org.gradle.cache.internal.DefaultFileLockManager] Releasing lock on daemon addresses registry.
2026-09-30T11:21:45.679+0530 [DEBUG] [org.gradle.cache.internal.DefaultFileLockManager] Waiting to acquire shared lock on daemon addresses registry.
2026-09-30T11:21:45.680+0530 [DEBUG] [org.gradle.cache.internal.DefaultFileLockManager] Lock acquired on daemon addresses registry.
2026-09-30T11:21:45.680+0530 [DEBUG] [org.gradle.cache.internal.DefaultFileLockManager] Releasing lock on daemon addresses registry.
2026-09-30T11:21:55.683+0530 [DEBUG] [org.gradle.cache.internal.DefaultFileLockManager] Waiting to acquire shared lock on daemon addresses registry.
2026-09-30T11:21:55.683+0530 [DEBUG] [org.gradle.cache.internal.DefaultFileLockManager] Lock acquired on daemon addresses registry.
2026-09-30T11:21:55.684+0530 [DEBUG] [org.gradle.cache.internal.DefaultFileLockManager] Releasing lock on daemon addresses registry.
2026-09-30T11:21:55.687+0530 [DEBUG] [org.gradle.cache.internal.DefaultFileLockManager] Waiting to acquire shared lock on daemon addresses registry.
2026-09-30T11:21:55.688+0530 [DEBUG] [org.gradle.cache.internal.DefaultFileLockManager] Lock acquired on daemon addresses registry.
2026-09-30T11:21:55.688+0530 [DEBUG] [org.gradle.cache.internal.DefaultFileLockManager] Releasing lock on daemon addresses registry.
2026-09-30T11:21:55.691+0530 [DEBUG] [org.gradle.cache.internal.DefaultFileLockManager] Waiting to acquire shared lock on daemon addresses registry.
2026-09-30T11:21:55.691+0530 [DEBUG] [org.gradle.cache.internal.DefaultFileLockManager] Lock acquired on daemon addresses registry.
2026-09-30T11:21:55.692+0530 [DEBUG] [org.gradle.cache.internal.DefaultFileLockManager] Releasing lock on daemon addresses registry.
2026-09-30T11:22:05.683+0530 [DEBUG] [org.gradle.cache.internal.DefaultFileLockManager] Waiting to acquire shared lock on daemon addresses registry.
2026-09-30T11:22:05.683+0530 [DEBUG] [org.gradle.cache.internal.DefaultFileLockManager] Lock acquired on daemon addresses registry.
2026-09-30T11:22:05.683+0530 [DEBUG] [org.gradle.cache.internal.DefaultFileLockManager] Releasing lock on daemon addresses registry.
2026-09-30T11:22:05.684+0530 [DEBUG] [org.gradle.cache.internal.DefaultFileLockManager] Waiting to acquire shared lock on daemon addresses registry.
2026-09-30T11:22:05.684+0530 [DEBUG] [org.gradle.cache.internal.DefaultFileLockManager] Lock acquired on daemon addresses registry.
2026-09-30T11:22:05.684+0530 [DEBUG] [org.gradle.cache.internal.DefaultFileLockManager] Releasing lock on daemon addresses registry.
2026-09-30T11:22:05.685+0530 [DEBUG] [org.gradle.cache.internal.DefaultFileLockManager] Waiting to acquire shared lock on daemon addresses registry.
2026-09-30T11:22:05.685+0530 [DEBUG] [org.gradle.cache.internal.DefaultFileLockManager] Lock acquired on daemon addresses registry.
2026-09-30T11:22:05.685+0530 [DEBUG] [org.gradle.cache.internal.DefaultFileLockManager] Releasing lock on daemon addresses registry.
2026-09-30T11:22:15.678+0530 [DEBUG] [org.gradle.cache.internal.DefaultFileLockManager] Waiting to acquire shared lock on daemon addresses registry.
2026-09-30T11:22:15.678+0530 [DEBUG] [org.gradle.cache.internal.DefaultFileLockManager] Lock acquired on daemon addresses registry.
2026-09-30T11:22:15.679+0530 [DEBUG] [org.gradle.cache.internal.DefaultFileLockManager] Releasing lock on daemon addresses registry.
2026-09-30T11:22:15.679+0530 [DEBUG] [org.gradle.cache.internal.DefaultFileLockManager] Waiting to acquire shared lock on daemon addresses registry.
2026-09-30T11:22:15.680+0530 [DEBUG] [org.gradle.cache.internal.DefaultFileLockManager] Lock acquired on daemon addresses registry.
2026-09-30T11:22:15.680+0530 [DEBUG] [org.gradle.cache.internal.DefaultFileLockManager] Releasing lock on daemon addresses registry.
2026-09-30T11:22:15.680+0530 [DEBUG] [org.gradle.cache.internal.DefaultFileLockManager] Waiting to acquire shared lock on daemon addresses registry.
2026-09-30T11:22:15.680+0530 [DEBUG] [org.gradle.cache.internal.DefaultFileLockManager] Lock acquired on daemon addresses registry.
2026-09-30T11:22:15.681+0530 [DEBUG] [org.gradle.cache.internal.DefaultFileLockManager] Releasing lock on daemon addresses registry.
2026-09-30T11:22:25.678+0530 [DEBUG] [org.gradle.cache.internal.DefaultFileLockManager] Waiting to acquire shared lock on daemon addresses registry.
2026-09-30T11:22:25.678+0530 [DEBUG] [org.gradle.cache.internal.DefaultFileLockManager] Lock acquired on daemon addresses registry.
2026-09-30T11:22:25.679+0530 [DEBUG] [org.gradle.cache.internal.DefaultFileLockManager] Releasing lock on daemon addresses registry.
2026-09-30T11:22:25.680+0530 [DEBUG] [org.gradle.cache.internal.DefaultFileLockManager] Waiting to acquire shared lock on daemon addresses registry.
2026-09-30T11:22:25.681+0530 [DEBUG] [org.gradle.cache.internal.DefaultFileLockManager] Lock acquired on daemon addresses registry.
2026-09-30T11:22:25.681+0530 [DEBUG] [org.gradle.cache.internal.DefaultFileLockManager] Releasing lock on daemon addresses registry.
2026-09-30T11:22:25.681+0530 [DEBUG] [org.gradle.cache.internal.DefaultFileLockManager] Waiting to acquire shared lock on daemon addresses registry.
2026-09-30T11:22:25.682+0530 [DEBUG] [org.gradle.cache.internal.DefaultFileLockManager] Lock acquired on daemon addresses registry.
2026-09-30T11:22:25.682+0530 [DEBUG] [org.gradle.cache.internal.DefaultFileLockManager] Releasing lock on daemon addresses registry.
2026-09-30T11:22:35.669+0530 [DEBUG] [org.gradle.cache.internal.DefaultFileLockManager] Waiting to acquire shared lock on daemon addresses registry.
2026-09-30T11:22:35.669+0530 [DEBUG] [org.gradle.cache.internal.DefaultFileLockManager] Lock acquired on daemon addresses registry.
2026-09-30T11:22:35.670+0530 [DEBUG] [org.gradle.cache.internal.DefaultFileLockManager] Releasing lock on daemon addresses registry.
2026-09-30T11:22:35.672+0530 [DEBUG] [org.gradle.cache.internal.DefaultFileLockManager] Waiting to acquire shared lock on daemon addresses registry.
2026-09-30T11:22:35.672+0530 [DEBUG] [org.gradle.cache.internal.DefaultFileLockManager] Lock acquired on daemon addresses registry.
2026-09-30T11:22:35.673+0530 [DEBUG] [org.gradle.cache.internal.DefaultFileLockManager] Releasing lock on daemon addresses registry.
2026-09-30T11:22:35.674+0530 [DEBUG] [org.gradle.cache.internal.DefaultFileLockManager] Waiting to acquire shared lock on daemon addresses registry.
2026-09-30T11:22:35.674+0530 [DEBUG] [org.gradle.cache.internal.DefaultFileLockManager] Lock acquired on daemon addresses registry.
2026-09-30T11:22:35.674+0530 [DEBUG] [org.gradle.cache.internal.DefaultFileLockManager] Releasing lock on daemon addresses registry.
2026-09-30T11:22:45.683+0530 [DEBUG] [org.gradle.cache.internal.DefaultFileLockManager] Waiting to acquire shared lock on daemon addresses registry.
2026-09-30T11:22:45.683+0530 [DEBUG] [org.gradle.cache.internal.DefaultFileLockManager] Lock acquired on daemon addresses registry.
2026-09-30T11:22:45.684+0530 [DEBUG] [org.gradle.cache.internal.DefaultFileLockManager] Releasing lock on daemon addresses registry.
2026-09-30T11:22:45.685+0530 [DEBUG] [org.gradle.cache.internal.DefaultFileLockManager] Waiting to acquire shared lock on daemon addresses registry.
2026-09-30T11:22:45.686+0530 [DEBUG] [org.gradle.cache.internal.DefaultFileLockManager] Lock acquired on daemon addresses registry.
2026-09-30T11:22:45.686+0530 [DEBUG] [org.gradle.cache.internal.DefaultFileLockManager] Releasing lock on daemon addresses registry.
2026-09-30T11:22:45.687+0530 [DEBUG] [org.gradle.cache.internal.DefaultFileLockManager] Waiting to acquire shared lock on daemon addresses registry.
2026-09-30T11:22:45.688+0530 [DEBUG] [org.gradle.cache.internal.DefaultFileLockManager] Lock acquired on daemon addresses registry.
2026-09-30T11:22:45.688+0530 [DEBUG] [org.gradle.cache.internal.DefaultFileLockManager] Releasing lock on daemon addresses registry.
2026-09-30T11:22:51.581+0530 [DEBUG] [org.gradle.internal.watch.vfs.impl.WatchingVirtualFileSystem] Handling VFS change MODIFIED D:\GRAPHINOVAS\AI Studio\GRAPHYNOVUS II SUDORA\sudoku-organizer\build.gradle.kts
2026-09-30T11:22:55.674+0530 [DEBUG] [org.gradle.cache.internal.DefaultFileLockManager] Waiting to acquire shared lock on daemon addresses registry.
2026-09-30T11:22:55.675+0530 [DEBUG] [org.gradle.cache.internal.DefaultFileLockManager] Lock acquired on daemon addresses registry.
2026-09-30T11:22:55.675+0530 [DEBUG] [org.gradle.cache.internal.DefaultFileLockManager] Releasing lock on daemon addresses registry.
2026-09-30T11:22:55.676+0530 [DEBUG] [org.gradle.cache.internal.DefaultFileLockManager] Waiting to acquire shared lock on daemon addresses registry.
2026-09-30T11:22:55.677+0530 [DEBUG] [org.gradle.cache.internal.DefaultFileLockManager] Lock acquired on daemon addresses registry.
2026-09-30T11:22:55.677+0530 [DEBUG] [org.gradle.cache.internal.DefaultFileLockManager] Releasing lock on daemon addresses registry.
2026-09-30T11:22:55.678+0530 [DEBUG] [org.gradle.cache.internal.DefaultFileLockManager] Waiting to acquire shared lock on daemon addresses registry.
2026-09-30T11:22:55.678+0530 [DEBUG] [org.gradle.cache.internal.DefaultFileLockManager] Lock acquired on daemon addresses registry.
2026-09-30T11:22:55.679+0530 [DEBUG] [org.gradle.cache.internal.DefaultFileLockManager] Releasing lock on daemon addresses registry.
2026-09-30T11:23:05.671+0530 [DEBUG] [org.gradle.cache.internal.DefaultFileLockManager] Waiting to acquire shared lock on daemon addresses registry.
2026-09-30T11:23:05.672+0530 [DEBUG] [org.gradle.cache.internal.DefaultFileLockManager] Lock acquired on daemon addresses registry.
2026-09-30T11:23:05.672+0530 [DEBUG] [org.gradle.cache.internal.DefaultFileLockManager] Releasing lock on daemon addresses registry.
2026-09-30T11:23:05.680+0530 [DEBUG] [org.gradle.cache.internal.DefaultFileLockManager] Waiting to acquire shared lock on daemon addresses registry.
2026-09-30T11:23:05.680+0530 [DEBUG] [org.gradle.cache.internal.DefaultFileLockManager] Lock acquired on daemon addresses registry.
2026-09-30T11:23:05.681+0530 [DEBUG] [org.gradle.cache.internal.DefaultFileLockManager] Releasing lock on daemon addresses registry.
2026-09-30T11:23:05.682+0530 [DEBUG] [org.gradle.cache.internal.DefaultFileLockManager] Waiting to acquire shared lock on daemon addresses registry.
2026-09-30T11:23:05.682+0530 [DEBUG] [org.gradle.cache.internal.DefaultFileLockManager] Lock acquired on daemon addresses registry.
2026-09-30T11:23:05.682+0530 [DEBUG] [org.gradle.cache.internal.DefaultFileLockManager] Releasing lock on daemon addresses registry.
2026-09-30T11:23:15.681+0530 [DEBUG] [org.gradle.cache.internal.DefaultFileLockManager] Waiting to acquire shared lock on daemon addresses registry.
2026-09-30T11:23:15.681+0530 [DEBUG] [org.gradle.cache.internal.DefaultFileLockManager] Lock acquired on daemon addresses registry.
2026-09-30T11:23:15.682+0530 [DEBUG] [org.gradle.cache.internal.DefaultFileLockManager] Releasing lock on daemon addresses registry.
2026-09-30T11:23:15.682+0530 [DEBUG] [org.gradle.cache.internal.DefaultFileLockManager] Waiting to acquire shared lock on daemon addresses registry.
2026-09-30T11:23:15.682+0530 [DEBUG] [org.gradle.cache.internal.DefaultFileLockManager] Lock acquired on daemon addresses registry.
2026-09-30T11:23:15.682+0530 [DEBUG] [org.gradle.cache.internal.DefaultFileLockManager] Releasing lock on daemon addresses registry.
2026-09-30T11:23:15.683+0530 [DEBUG] [org.gradle.cache.internal.DefaultFileLockManager] Waiting to acquire shared lock on daemon addresses registry.
2026-09-30T11:23:15.683+0530 [DEBUG] [org.gradle.cache.internal.DefaultFileLockManager] Lock acquired on daemon addresses registry.
2026-09-30T11:23:15.683+0530 [DEBUG] [org.gradle.cache.internal.DefaultFileLockManager] Releasing lock on daemon addresses registry.
2026-09-30T11:23:25.670+0530 [DEBUG] [org.gradle.cache.internal.DefaultFileLockManager] Waiting to acquire shared lock on daemon addresses registry.
2026-09-30T11:23:25.670+0530 [DEBUG] [org.gradle.cache.internal.DefaultFileLockManager] Lock acquired on daemon addresses registry.
2026-09-30T11:23:25.670+0530 [DEBUG] [org.gradle.cache.internal.DefaultFileLockManager] Releasing lock on daemon addresses registry.
2026-09-30T11:23:25.671+0530 [DEBUG] [org.gradle.cache.internal.DefaultFileLockManager] Waiting to acquire shared lock on daemon addresses registry.
2026-09-30T11:23:25.671+0530 [DEBUG] [org.gradle.cache.internal.DefaultFileLockManager] Lock acquired on daemon addresses registry.
2026-09-30T11:23:25.671+0530 [DEBUG] [org.gradle.cache.internal.DefaultFileLockManager] Releasing lock on daemon addresses registry.
2026-09-30T11:23:25.671+0530 [DEBUG] [org.gradle.cache.internal.DefaultFileLockManager] Waiting to acquire shared lock on daemon addresses registry.
2026-09-30T11:23:25.672+0530 [DEBUG] [org.gradle.cache.internal.DefaultFileLockManager] Lock acquired on daemon addresses registry.
2026-09-30T11:23:25.672+0530 [DEBUG] [org.gradle.cache.internal.DefaultFileLockManager] Releasing lock on daemon addresses registry.
2026-09-30T11:23:35.683+0530 [DEBUG] [org.gradle.cache.internal.DefaultFileLockManager] Waiting to acquire shared lock on daemon addresses registry.
2026-09-30T11:23:35.684+0530 [DEBUG] [org.gradle.cache.internal.DefaultFileLockManager] Lock acquired on daemon addresses registry.
2026-09-30T11:23:35.684+0530 [DEBUG] [org.gradle.cache.internal.DefaultFileLockManager] Releasing lock on daemon addresses registry.
2026-09-30T11:23:35.687+0530 [DEBUG] [org.gradle.cache.internal.DefaultFileLockManager] Waiting to acquire shared lock on daemon addresses registry.
2026-09-30T11:23:35.688+0530 [DEBUG] [org.gradle.cache.internal.DefaultFileLockManager] Lock acquired on daemon addresses registry.
2026-09-30T11:23:35.688+0530 [DEBUG] [org.gradle.cache.internal.DefaultFileLockManager] Releasing lock on daemon addresses registry.
2026-09-30T11:23:35.691+0530 [DEBUG] [org.gradle.cache.internal.DefaultFileLockManager] Waiting to acquire shared lock on daemon addresses registry.
2026-09-30T11:23:35.691+0530 [DEBUG] [org.gradle.cache.internal.DefaultFileLockManager] Lock acquired on daemon addresses registry.
2026-09-30T11:23:35.692+0530 [DEBUG] [org.gradle.cache.internal.DefaultFileLockManager] Releasing lock on daemon addresses registry.
2026-09-30T11:23:37.513+0530 [DEBUG] [org.gradle.internal.watch.vfs.impl.WatchingVirtualFileSystem] Handling VFS change MODIFIED D:\GRAPHINOVAS\AI Studio\GRAPHYNOVUS II SUDORA\sudoku-organizer\app\build.gradle.kts
2026-09-30T11:23:45.671+0530 [DEBUG] [org.gradle.cache.internal.DefaultFileLockManager] Waiting to acquire shared lock on daemon addresses registry.
2026-09-30T11:23:45.671+0530 [DEBUG] [org.gradle.cache.internal.DefaultFileLockManager] Lock acquired on daemon addresses registry.
2026-09-30T11:23:45.671+0530 [DEBUG] [org.gradle.cache.internal.DefaultFileLockManager] Releasing lock on daemon addresses registry.
2026-09-30T11:23:45.672+0530 [DEBUG] [org.gradle.cache.internal.DefaultFileLockManager] Waiting to acquire shared lock on daemon addresses registry.
2026-09-30T11:23:45.672+0530 [DEBUG] [org.gradle.cache.internal.DefaultFileLockManager] Lock acquired on daemon addresses registry.
2026-09-30T11:23:45.672+0530 [DEBUG] [org.gradle.cache.internal.DefaultFileLockManager] Releasing lock on daemon addresses registry.
2026-09-30T11:23:45.673+0530 [DEBUG] [org.gradle.cache.internal.DefaultFileLockManager] Waiting to acquire shared lock on daemon addresses registry.
2026-09-30T11:23:45.673+0530 [DEBUG] [org.gradle.cache.internal.DefaultFileLockManager] Lock acquired on daemon addresses registry.
2026-09-30T11:23:45.673+0530 [DEBUG] [org.gradle.cache.internal.DefaultFileLockManager] Releasing lock on daemon addresses registry.
2026-09-30T11:23:50.817+0530 [DEBUG] [org.gradle.internal.watch.registry.impl.DefaultFileWatcherProbeRegistry] Triggering watch probe for D:\GRAPHINOVAS\AI Studio\GRAPHYNOVUS II SUDORA\sudoku-organizer
2026-09-30T11:23:50.840+0530 [DEBUG] [org.gradle.internal.watch.vfs.impl.WatchingVirtualFileSystem] Handling VFS change REMOVED D:\GRAPHINOVAS\AI Studio\GRAPHYNOVUS II SUDORA\sudoku-organizer\.gradle\8.2\dependencies-accessors\a145af51ec6f77e1ff4b0669c9a0309d6c1626f7\classes\org\gradle\accessors\dm\LibrariesForLibs$AccompanistLibraryAccessors.class
2026-09-30T11:23:50.842+0530 [DEBUG] [org.gradle.internal.watch.vfs.impl.WatchingVirtualFileSystem] Handling VFS change REMOVED D:\GRAPHINOVAS\AI Studio\GRAPHYNOVUS II SUDORA\sudoku-organizer\.gradle\8.2\dependencies-accessors\a145af51ec6f77e1ff4b0669c9a0309d6c1626f7\classes\org\gradle\accessors\dm\LibrariesForLibs$AndroidPluginAccessors.class
2026-09-30T11:23:50.842+0530 [DEBUG] [org.gradle.internal.watch.vfs.impl.WatchingVirtualFileSystem] Handling VFS change REMOVED D:\GRAPHINOVAS\AI Studio\GRAPHYNOVUS II SUDORA\sudoku-organizer\.gradle\8.2\dependencies-accessors\a145af51ec6f77e1ff4b0669c9a0309d6c1626f7\classes\org\gradle\accessors\dm\LibrariesForLibs$AndroidxActivityLibraryAccessors.class
2026-09-30T11:23:50.842+0530 [DEBUG] [org.gradle.internal.watch.vfs.impl.WatchingVirtualFileSystem] Handling VFS change REMOVED D:\GRAPHINOVAS\AI Studio\GRAPHYNOVUS II SUDORA\sudoku-organizer\.gradle\8.2\dependencies-accessors\a145af51ec6f77e1ff4b0669c9a0309d6c1626f7\classes\org\gradle\accessors\dm\LibrariesForLibs$AndroidxCameraLibraryAccessors.class
2026-09-30T11:23:50.843+0530 [DEBUG] [org.gradle.internal.watch.vfs.impl.WatchingVirtualFileSystem] Handling VFS change REMOVED D:\GRAPHINOVAS\AI Studio\GRAPHYNOVUS II SUDORA\sudoku-organizer\.gradle\8.2\dependencies-accessors\a145af51ec6f77e1ff4b0669c9a0309d6c1626f7\classes\org\gradle\accessors\dm\LibrariesForLibs$AndroidxComposeLibraryAccessors.class
2026-09-30T11:23:50.843+0530 [DEBUG] [org.gradle.internal.watch.vfs.impl.WatchingVirtualFileSystem] Handling VFS change REMOVED D:\GRAPHINOVAS\AI Studio\GRAPHYNOVUS II SUDORA\sudoku-organizer\.gradle\8.2\dependencies-accessors\a145af51ec6f77e1ff4b0669c9a0309d6c1626f7\classes\org\gradle\accessors\dm\LibrariesForLibs$AndroidxComposeMaterialIconsLibraryAccessors.class
2026-09-30T11:23:50.843+0530 [DEBUG] [org.gradle.internal.watch.vfs.impl.WatchingVirtualFileSystem] Handling VFS change REMOVED D:\GRAPHINOVAS\AI Studio\GRAPHYNOVUS II SUDORA\sudoku-organizer\.gradle\8.2\dependencies-accessors\a145af51ec6f77e1ff4b0669c9a0309d6c1626f7\classes\org\gradle\accessors\dm\LibrariesForLibs$AndroidxComposeMaterialLibraryAccessors.class
2026-09-30T11:23:50.843+0530 [DEBUG] [org.gradle.internal.watch.vfs.impl.WatchingVirtualFileSystem] Handling VFS change REMOVED D:\GRAPHINOVAS\AI Studio\GRAPHYNOVUS II SUDORA\sudoku-organizer\.gradle\8.2\dependencies-accessors\a145af51ec6f77e1ff4b0669c9a0309d6c1626f7\classes\org\gradle\accessors\dm\LibrariesForLibs$AndroidxComposeUiLibraryAccessors.class
2026-09-30T11:23:50.843+0530 [DEBUG] [org.gradle.internal.watch.vfs.impl.WatchingVirtualFileSystem] Handling VFS change REMOVED D:\GRAPHINOVAS\AI Studio\GRAPHYNOVUS II SUDORA\sudoku-organizer\.gradle\8.2\dependencies-accessors\a145af51ec6f77e1ff4b0669c9a0309d6c1626f7\classes\org\gradle\accessors\dm\LibrariesForLibs$AndroidxComposeUiTestLibraryAccessors.class
2026-09-30T11:23:50.843+0530 [DEBUG] [org.gradle.internal.watch.vfs.impl.WatchingVirtualFileSystem] Handling VFS change REMOVED D:\GRAPHINOVAS\AI Studio\GRAPHYNOVUS II SUDORA\sudoku-organizer\.gradle\8.2\dependencies-accessors\a145af51ec6f77e1ff4b0669c9a0309d6c1626f7\classes\org\gradle\accessors\dm\LibrariesForLibs$AndroidxComposeUiTextLibraryAccessors.class
2026-09-30T11:23:50.843+0530 [DEBUG] [org.gradle.internal.watch.vfs.impl.WatchingVirtualFileSystem] Handling VFS change REMOVED D:\GRAPHINOVAS\AI Studio\GRAPHYNOVUS II SUDORA\sudoku-organizer\.gradle\8.2\dependencies-accessors\a145af51ec6f77e1ff4b0669c9a0309d6c1626f7\classes\org\gradle\accessors\dm\LibrariesForLibs$AndroidxComposeUiToolingLibraryAccessors.class
2026-09-30T11:23:50.843+0530 [DEBUG] [org.gradle.internal.watch.vfs.impl.WatchingVirtualFileSystem] Handling VFS change REMOVED D:\GRAPHINOVAS\AI Studio\GRAPHYNOVUS II SUDORA\sudoku-organizer\.gradle\8.2\dependencies-accessors\a145af51ec6f77e1ff4b0669c9a0309d6c1626f7\classes\org\gradle\accessors\dm\LibrariesForLibs$AndroidxCoreLibraryAccessors.class
2026-09-30T11:23:50.843+0530 [DEBUG] [org.gradle.internal.watch.vfs.impl.WatchingVirtualFileSystem] Handling VFS change REMOVED D:\GRAPHINOVAS\AI Studio\GRAPHYNOVUS II SUDORA\sudoku-organizer\.gradle\8.2\dependencies-accessors\a145af51ec6f77e1ff4b0669c9a0309d6c1626f7\classes\org\gradle\accessors\dm\LibrariesForLibs$AndroidxCredentialsLibraryAccessors.class
2026-09-30T11:23:50.843+0530 [DEBUG] [org.gradle.internal.watch.vfs.impl.WatchingVirtualFileSystem] Handling VFS change REMOVED D:\GRAPHINOVAS\AI Studio\GRAPHYNOVUS II SUDORA\sudoku-organizer\.gradle\8.2\dependencies-accessors\a145af51ec6f77e1ff4b0669c9a0309d6c1626f7\classes\org\gradle\accessors\dm\LibrariesForLibs$AndroidxCredentialsPlayLibraryAccessors.class
2026-09-30T11:23:50.844+0530 [DEBUG] [org.gradle.internal.watch.vfs.impl.WatchingVirtualFileSystem] Handling VFS change REMOVED D:\GRAPHINOVAS\AI Studio\GRAPHYNOVUS II SUDORA\sudoku-organizer\.gradle\8.2\dependencies-accessors\a145af51ec6f77e1ff4b0669c9a0309d6c1626f7\classes\org\gradle\accessors\dm\LibrariesForLibs$AndroidxDatastoreLibraryAccessors.class
2026-09-30T11:23:50.846+0530 [DEBUG] [org.gradle.internal.watch.vfs.impl.WatchingVirtualFileSystem] Handling VFS change REMOVED D:\GRAPHINOVAS\AI Studio\GRAPHYNOVUS II SUDORA\sudoku-organizer\.gradle\8.2\dependencies-accessors\a145af51ec6f77e1ff4b0669c9a0309d6c1626f7\classes\org\gradle\accessors\dm\LibrariesForLibs$AndroidxEspressoLibraryAccessors.class
2026-09-30T11:23:50.846+0530 [DEBUG] [org.gradle.internal.watch.vfs.impl.WatchingVirtualFileSystem] Handling VFS change REMOVED D:\GRAPHINOVAS\AI Studio\GRAPHYNOVUS II SUDORA\sudoku-organizer\.gradle\8.2\dependencies-accessors\a145af51ec6f77e1ff4b0669c9a0309d6c1626f7\classes\org\gradle\accessors\dm\LibrariesForLibs$AndroidxLibraryAccessors.class
2026-09-30T11:23:50.847+0530 [DEBUG] [org.gradle.internal.watch.vfs.impl.WatchingVirtualFileSystem] Handling VFS change REMOVED D:\GRAPHINOVAS\AI Studio\GRAPHYNOVUS II SUDORA\sudoku-organizer\.gradle\8.2\dependencies-accessors\a145af51ec6f77e1ff4b0669c9a0309d6c1626f7\classes\org\gradle\accessors\dm\LibrariesForLibs$AndroidxLifecycleLibraryAccessors.class
2026-09-30T11:23:50.848+0530 [DEBUG] [org.gradle.internal.watch.vfs.impl.WatchingVirtualFileSystem] Handling VFS change REMOVED D:\GRAPHINOVAS\AI Studio\GRAPHYNOVUS II SUDORA\sudoku-organizer\.gradle\8.2\dependencies-accessors\a145af51ec6f77e1ff4b0669c9a0309d6c1626f7\classes\org\gradle\accessors\dm\LibrariesForLibs$AndroidxLifecycleRuntimeLibraryAccessors.class
2026-09-30T11:23:50.849+0530 [DEBUG] [org.gradle.internal.watch.vfs.impl.WatchingVirtualFileSystem] Handling VFS change REMOVED D:\GRAPHINOVAS\AI Studio\GRAPHYNOVUS II SUDORA\sudoku-organizer\.gradle\8.2\dependencies-accessors\a145af51ec6f77e1ff4b0669c9a0309d6c1626f7\classes\org\gradle\accessors\dm\LibrariesForLibs$AndroidxLifecycleViewmodelLibraryAccessors.class
2026-09-30T11:23:50.849+0530 [DEBUG] [org.gradle.internal.watch.vfs.impl.WatchingVirtualFileSystem] Handling VFS change REMOVED D:\GRAPHINOVAS\AI Studio\GRAPHYNOVUS II SUDORA\sudoku-organizer\.gradle\8.2\dependencies-accessors\a145af51ec6f77e1ff4b0669c9a0309d6c1626f7\classes\org\gradle\accessors\dm\LibrariesForLibs$AndroidxNavigationLibraryAccessors.class
2026-09-30T11:23:50.850+0530 [DEBUG] [org.gradle.internal.watch.vfs.impl.WatchingVirtualFileSystem] Handling VFS change REMOVED D:\GRAPHINOVAS\AI Studio\GRAPHYNOVUS II SUDORA\sudoku-organizer\.gradle\8.2\dependencies-accessors\a145af51ec6f77e1ff4b0669c9a0309d6c1626f7\classes\org\gradle\accessors\dm\LibrariesForLibs$AndroidxRoomLibraryAccessors.class
2026-09-30T11:23:50.851+0530 [DEBUG] [org.gradle.internal.watch.vfs.impl.WatchingVirtualFileSystem] Handling VFS change REMOVED D:\GRAPHINOVAS\AI Studio\GRAPHYNOVUS II SUDORA\sudoku-organizer\.gradle\8.2\dependencies-accessors\a145af51ec6f77e1ff4b0669c9a0309d6c1626f7\classes\org\gradle\accessors\dm\LibrariesForLibs$BundleAccessors.class
2026-09-30T11:23:50.851+0530 [DEBUG] [org.gradle.internal.watch.vfs.impl.WatchingVirtualFileSystem] Handling VFS change REMOVED D:\GRAPHINOVAS\AI Studio\GRAPHYNOVUS II SUDORA\sudoku-organizer\.gradle\8.2\dependencies-accessors\a145af51ec6f77e1ff4b0669c9a0309d6c1626f7\classes\org\gradle\accessors\dm\LibrariesForLibs$CoilLibraryAccessors.class
2026-09-30T11:23:50.852+0530 [DEBUG] [org.gradle.internal.watch.vfs.impl.WatchingVirtualFileSystem] Handling VFS change REMOVED D:\GRAPHINOVAS\AI Studio\GRAPHYNOVUS II SUDORA\sudoku-organizer\.gradle\8.2\dependencies-accessors\a145af51ec6f77e1ff4b0669c9a0309d6c1626f7\classes\org\gradle\accessors\dm\LibrariesForLibs$ConverterLibraryAccessors.class
2026-09-30T11:23:50.852+0530 [DEBUG] [org.gradle.internal.watch.vfs.impl.WatchingVirtualFileSystem] Handling VFS change REMOVED D:\GRAPHINOVAS\AI Studio\GRAPHYNOVUS II SUDORA\sudoku-organizer\.gradle\8.2\dependencies-accessors\a145af51ec6f77e1ff4b0669c9a0309d6c1626f7\classes\org\gradle\accessors\dm\LibrariesForLibs$FirebaseAppcheckLibraryAccessors.class
2026-09-30T11:23:50.853+0530 [DEBUG] [org.gradle.internal.watch.vfs.impl.WatchingVirtualFileSystem] Handling VFS change REMOVED D:\GRAPHINOVAS\AI Studio\GRAPHYNOVUS II SUDORA\sudoku-organizer\.gradle\8.2\dependencies-accessors\a145af51ec6f77e1ff4b0669c9a0309d6c1626f7\classes\org\gradle\accessors\dm\LibrariesForLibs$FirebaseLibraryAccessors.class
2026-09-30T11:23:50.853+0530 [DEBUG] [org.gradle.internal.watch.vfs.impl.WatchingVirtualFileSystem] Handling VFS change REMOVED D:\GRAPHINOVAS\AI Studio\GRAPHYNOVUS II SUDORA\sudoku-organizer\.gradle\8.2\dependencies-accessors\a145af51ec6f77e1ff4b0669c9a0309d6c1626f7\classes\org\gradle\accessors\dm\LibrariesForLibs$GoogleDevtoolsPluginAccessors.class
2026-09-30T11:23:50.854+0530 [DEBUG] [org.gradle.internal.watch.vfs.impl.WatchingVirtualFileSystem] Handling VFS change REMOVED D:\GRAPHINOVAS\AI Studio\GRAPHYNOVUS II SUDORA\sudoku-organizer\.gradle\8.2\dependencies-accessors\a145af51ec6f77e1ff4b0669c9a0309d6c1626f7\classes\org\gradle\accessors\dm\LibrariesForLibs$GooglePluginAccessors.class
2026-09-30T11:23:50.854+0530 [DEBUG] [org.gradle.internal.watch.vfs.impl.WatchingVirtualFileSystem] Handling VFS change REMOVED D:\GRAPHINOVAS\AI Studio\GRAPHYNOVUS II SUDORA\sudoku-organizer\.gradle\8.2\dependencies-accessors\a145af51ec6f77e1ff4b0669c9a0309d6c1626f7\classes\org\gradle\accessors\dm\LibrariesForLibs$KotlinxCoroutinesLibraryAccessors.class
2026-09-30T11:23:50.855+0530 [DEBUG] [org.gradle.internal.watch.vfs.impl.WatchingVirtualFileSystem] Handling VFS change REMOVED D:\GRAPHINOVAS\AI Studio\GRAPHYNOVUS II SUDORA\sudoku-organizer\.gradle\8.2\dependencies-accessors\a145af51ec6f77e1ff4b0669c9a0309d6c1626f7\classes\org\gradle\accessors\dm\LibrariesForLibs$KotlinxLibraryAccessors.class
2026-09-30T11:23:50.856+0530 [DEBUG] [org.gradle.internal.watch.vfs.impl.WatchingVirtualFileSystem] Handling VFS change REMOVED D:\GRAPHINOVAS\AI Studio\GRAPHYNOVUS II SUDORA\sudoku-organizer\.gradle\8.2\dependencies-accessors\a145af51ec6f77e1ff4b0669c9a0309d6c1626f7\classes\org\gradle\accessors\dm\LibrariesForLibs$LoggingLibraryAccessors.class
2026-09-30T11:23:50.856+0530 [DEBUG] [org.gradle.internal.watch.vfs.impl.WatchingVirtualFileSystem] Handling VFS change REMOVED D:\GRAPHINOVAS\AI Studio\GRAPHYNOVUS II SUDORA\sudoku-organizer\.gradle\8.2\dependencies-accessors\a145af51ec6f77e1ff4b0669c9a0309d6c1626f7\classes\org\gradle\accessors\dm\LibrariesForLibs$MoshiKotlinLibraryAccessors.class
2026-09-30T11:23:50.857+0530 [DEBUG] [org.gradle.internal.watch.vfs.impl.WatchingVirtualFileSystem] Handling VFS change REMOVED D:\GRAPHINOVAS\AI Studio\GRAPHYNOVUS II SUDORA\sudoku-organizer\.gradle\8.2\dependencies-accessors\a145af51ec6f77e1ff4b0669c9a0309d6c1626f7\classes\org\gradle\accessors\dm\LibrariesForLibs$MoshiLibraryAccessors.class
2026-09-30T11:23:50.857+0530 [DEBUG] [org.gradle.internal.watch.vfs.impl.WatchingVirtualFileSystem] Handling VFS change REMOVED D:\GRAPHINOVAS\AI Studio\GRAPHYNOVUS II SUDORA\sudoku-organizer\.gradle\8.2\dependencies-accessors\a145af51ec6f77e1ff4b0669c9a0309d6c1626f7\classes\org\gradle\accessors\dm\LibrariesForLibs$PlayLibraryAccessors.class
2026-09-30T11:23:50.857+0530 [DEBUG] [org.gradle.internal.watch.vfs.impl.WatchingVirtualFileSystem] Handling VFS change REMOVED D:\GRAPHINOVAS\AI Studio\GRAPHYNOVUS II SUDORA\sudoku-organizer\.gradle\8.2\dependencies-accessors\a145af51ec6f77e1ff4b0669c9a0309d6c1626f7\classes\org\gradle\accessors\dm\LibrariesForLibs$PlayServicesLibraryAccessors.class
2026-09-30T11:23:50.858+0530 [DEBUG] [org.gradle.internal.watch.vfs.impl.WatchingVirtualFileSystem] Handling VFS change REMOVED D:\GRAPHINOVAS\AI Studio\GRAPHYNOVUS II SUDORA\sudoku-organizer\.gradle\8.2\dependencies-accessors\a145af51ec6f77e1ff4b0669c9a0309d6c1626f7\classes\org\gradle\accessors\dm\LibrariesForLibs$PluginAccessors.class
2026-09-30T11:23:50.858+0530 [DEBUG] [org.gradle.internal.watch.vfs.impl.WatchingVirtualFileSystem] Handling VFS change REMOVED D:\GRAPHINOVAS\AI Studio\GRAPHYNOVUS II SUDORA\sudoku-organizer\.gradle\8.2\dependencies-accessors\a145af51ec6f77e1ff4b0669c9a0309d6c1626f7\classes\org\gradle\accessors\dm\LibrariesForLibs$RoborazziJunitLibraryAccessors.class
2026-09-30T11:23:50.858+0530 [DEBUG] [org.gradle.internal.watch.vfs.impl.WatchingVirtualFileSystem] Handling VFS change REMOVED D:\GRAPHINOVAS\AI Studio\GRAPHYNOVUS II SUDORA\sudoku-organizer\.gradle\8.2\dependencies-accessors\a145af51ec6f77e1ff4b0669c9a0309d6c1626f7\classes\org\gradle\accessors\dm\LibrariesForLibs$RoborazziLibraryAccessors.class
2026-09-30T11:23:50.859+0530 [DEBUG] [org.gradle.internal.watch.vfs.impl.WatchingVirtualFileSystem] Handling VFS change REMOVED D:\GRAPHINOVAS\AI Studio\GRAPHYNOVUS II SUDORA\sudoku-organizer\.gradle\8.2\dependencies-accessors\a145af51ec6f77e1ff4b0669c9a0309d6c1626f7\classes\org\gradle\accessors\dm\LibrariesForLibs$VersionAccessors.class
2026-09-30T11:23:50.859+0530 [DEBUG] [org.gradle.internal.watch.vfs.impl.WatchingVirtualFileSystem] Handling VFS change REMOVED D:\GRAPHINOVAS\AI Studio\GRAPHYNOVUS II SUDORA\sudoku-organizer\.gradle\8.2\dependencies-accessors\a145af51ec6f77e1ff4b0669c9a0309d6c1626f7\classes\org\gradle\accessors\dm\LibrariesForLibs.class
2026-09-30T11:23:50.860+0530 [DEBUG] [org.gradle.internal.watch.vfs.impl.WatchingVirtualFileSystem] Handling VFS change REMOVED D:\GRAPHINOVAS\AI Studio\GRAPHYNOVUS II SUDORA\sudoku-organizer\.gradle\8.2\dependencies-accessors\a145af51ec6f77e1ff4b0669c9a0309d6c1626f7\classes\org\gradle\accessors\dm\LibrariesForLibsInPluginsBlock$AccompanistLibraryAccessors.class
2026-09-30T11:23:50.861+0530 [DEBUG] [org.gradle.internal.watch.vfs.impl.WatchingVirtualFileSystem] Handling VFS change REMOVED D:\GRAPHINOVAS\AI Studio\GRAPHYNOVUS II SUDORA\sudoku-organizer\.gradle\8.2\dependencies-accessors\a145af51ec6f77e1ff4b0669c9a0309d6c1626f7\classes\org\gradle\accessors\dm\LibrariesForLibsInPluginsBlock$AndroidPluginAccessors.class
2026-09-30T11:23:50.862+0530 [DEBUG] [org.gradle.internal.watch.vfs.impl.WatchingVirtualFileSystem] Handling VFS change REMOVED D:\GRAPHINOVAS\AI Studio\GRAPHYNOVUS II SUDORA\sudoku-organizer\.gradle\8.2\dependencies-accessors\a145af51ec6f77e1ff4b0669c9a0309d6c1626f7\classes\org\gradle\accessors\dm\LibrariesForLibsInPluginsBlock$AndroidxActivityLibraryAccessors.class
2026-09-30T11:23:50.863+0530 [DEBUG] [org.gradle.internal.watch.vfs.impl.WatchingVirtualFileSystem] Handling VFS change REMOVED D:\GRAPHINOVAS\AI Studio\GRAPHYNOVUS II SUDORA\sudoku-organizer\.gradle\8.2\dependencies-accessors\a145af51ec6f77e1ff4b0669c9a0309d6c1626f7\classes\org\gradle\accessors\dm\LibrariesForLibsInPluginsBlock$AndroidxCameraLibraryAccessors.class
2026-09-30T11:23:50.863+0530 [DEBUG] [org.gradle.internal.watch.vfs.impl.WatchingVirtualFileSystem] Handling VFS change REMOVED D:\GRAPHINOVAS\AI Studio\GRAPHYNOVUS II SUDORA\sudoku-organizer\.gradle\8.2\dependencies-accessors\a145af51ec6f77e1ff4b0669c9a0309d6c1626f7\classes\org\gradle\accessors\dm\LibrariesForLibsInPluginsBlock$AndroidxComposeLibraryAccessors.class
2026-09-30T11:23:50.865+0530 [DEBUG] [org.gradle.internal.watch.vfs.impl.WatchingVirtualFileSystem] Handling VFS change REMOVED D:\GRAPHINOVAS\AI Studio\GRAPHYNOVUS II SUDORA\sudoku-organizer\.gradle\8.2\dependencies-accessors\a145af51ec6f77e1ff4b0669c9a0309d6c1626f7\classes\org\gradle\accessors\dm\LibrariesForLibsInPluginsBlock$AndroidxComposeMaterialIconsLibraryAccessors.class
2026-09-30T11:23:50.866+0530 [DEBUG] [org.gradle.internal.watch.vfs.impl.WatchingVirtualFileSystem] Handling VFS change REMOVED D:\GRAPHINOVAS\AI Studio\GRAPHYNOVUS II SUDORA\sudoku-organizer\.gradle\8.2\dependencies-accessors\a145af51ec6f77e1ff4b0669c9a0309d6c1626f7\classes\org\gradle\accessors\dm\LibrariesForLibsInPluginsBlock$AndroidxComposeMaterialLibraryAccessors.class
2026-09-30T11:23:50.867+0530 [DEBUG] [org.gradle.internal.watch.vfs.impl.WatchingVirtualFileSystem] Handling VFS change REMOVED D:\GRAPHINOVAS\AI Studio\GRAPHYNOVUS II SUDORA\sudoku-organizer\.gradle\8.2\dependencies-accessors\a145af51ec6f77e1ff4b0669c9a0309d6c1626f7\classes\org\gradle\accessors\dm\LibrariesForLibsInPluginsBlock$AndroidxComposeUiLibraryAccessors.class
2026-09-30T11:23:50.867+0530 [DEBUG] [org.gradle.internal.watch.vfs.impl.WatchingVirtualFileSystem] Handling VFS change REMOVED D:\GRAPHINOVAS\AI Studio\GRAPHYNOVUS II SUDORA\sudoku-organizer\.gradle\8.2\dependencies-accessors\a145af51ec6f77e1ff4b0669c9a0309d6c1626f7\classes\org\gradle\accessors\dm\LibrariesForLibsInPluginsBlock$AndroidxComposeUiTestLibraryAccessors.class
2026-09-30T11:23:50.868+0530 [DEBUG] [org.gradle.internal.watch.vfs.impl.WatchingVirtualFileSystem] Handling VFS change REMOVED D:\GRAPHINOVAS\AI Studio\GRAPHYNOVUS II SUDORA\sudoku-organizer\.gradle\8.2\dependencies-accessors\a145af51ec6f77e1ff4b0669c9a0309d6c1626f7\classes\org\gradle\accessors\dm\LibrariesForLibsInPluginsBlock$AndroidxComposeUiTextLibraryAccessors.class
2026-09-30T11:23:50.869+0530 [DEBUG] [org.gradle.internal.watch.vfs.impl.WatchingVirtualFileSystem] Handling VFS change REMOVED D:\GRAPHINOVAS\AI Studio\GRAPHYNOVUS II SUDORA\sudoku-organizer\.gradle\8.2\dependencies-accessors\a145af51ec6f77e1ff4b0669c9a0309d6c1626f7\classes\org\gradle\accessors\dm\LibrariesForLibsInPluginsBlock$AndroidxComposeUiToolingLibraryAccessors.class
2026-09-30T11:23:50.869+0530 [DEBUG] [org.gradle.internal.watch.vfs.impl.WatchingVirtualFileSystem] Handling VFS change REMOVED D:\GRAPHINOVAS\AI Studio\GRAPHYNOVUS II SUDORA\sudoku-organizer\.gradle\8.2\dependencies-accessors\a145af51ec6f77e1ff4b0669c9a0309d6c1626f7\classes\org\gradle\accessors\dm\LibrariesForLibsInPluginsBlock$AndroidxCoreLibraryAccessors.class
2026-09-30T11:23:50.870+0530 [DEBUG] [org.gradle.internal.watch.vfs.impl.WatchingVirtualFileSystem] Handling VFS change REMOVED D:\GRAPHINOVAS\AI Studio\GRAPHYNOVUS II SUDORA\sudoku-organizer\.gradle\8.2\dependencies-accessors\a145af51ec6f77e1ff4b0669c9a0309d6c1626f7\classes\org\gradle\accessors\dm\LibrariesForLibsInPluginsBlock$AndroidxCredentialsLibraryAccessors.class
2026-09-30T11:23:50.871+0530 [DEBUG] [org.gradle.internal.watch.vfs.impl.WatchingVirtualFileSystem] Handling VFS change REMOVED D:\GRAPHINOVAS\AI Studio\GRAPHYNOVUS II SUDORA\sudoku-organizer\.gradle\8.2\dependencies-accessors\a145af51ec6f77e1ff4b0669c9a0309d6c1626f7\classes\org\gradle\accessors\dm\LibrariesForLibsInPluginsBlock$AndroidxCredentialsPlayLibraryAccessors.class
2026-09-30T11:23:50.871+0530 [DEBUG] [org.gradle.internal.watch.vfs.impl.WatchingVirtualFileSystem] Handling VFS change REMOVED D:\GRAPHINOVAS\AI Studio\GRAPHYNOVUS II SUDORA\sudoku-organizer\.gradle\8.2\dependencies-accessors\a145af51ec6f77e1ff4b0669c9a0309d6c1626f7\classes\org\gradle\accessors\dm\LibrariesForLibsInPluginsBlock$AndroidxDatastoreLibraryAccessors.class
2026-09-30T11:23:50.872+0530 [DEBUG] [org.gradle.internal.watch.vfs.impl.WatchingVirtualFileSystem] Handling VFS change REMOVED D:\GRAPHINOVAS\AI Studio\GRAPHYNOVUS II SUDORA\sudoku-organizer\.gradle\8.2\dependencies-accessors\a145af51ec6f77e1ff4b0669c9a0309d6c1626f7\classes\org\gradle\accessors\dm\LibrariesForLibsInPluginsBlock$AndroidxEspressoLibraryAccessors.class
2026-09-30T11:23:50.872+0530 [DEBUG] [org.gradle.internal.watch.vfs.impl.WatchingVirtualFileSystem] Handling VFS change REMOVED D:\GRAPHINOVAS\AI Studio\GRAPHYNOVUS II SUDORA\sudoku-organizer\.gradle\8.2\dependencies-accessors\a145af51ec6f77e1ff4b0669c9a0309d6c1626f7\classes\org\gradle\accessors\dm\LibrariesForLibsInPluginsBlock$AndroidxLibraryAccessors.class
2026-09-30T11:23:50.873+0530 [DEBUG] [org.gradle.internal.watch.vfs.impl.WatchingVirtualFileSystem] Handling VFS change REMOVED D:\GRAPHINOVAS\AI Studio\GRAPHYNOVUS II SUDORA\sudoku-organizer\.gradle\8.2\dependencies-accessors\a145af51ec6f77e1ff4b0669c9a0309d6c1626f7\classes\org\gradle\accessors\dm\LibrariesForLibsInPluginsBlock$AndroidxLifecycleLibraryAccessors.class
2026-09-30T11:23:50.873+0530 [DEBUG] [org.gradle.internal.watch.vfs.impl.WatchingVirtualFileSystem] Handling VFS change REMOVED D:\GRAPHINOVAS\AI Studio\GRAPHYNOVUS II SUDORA\sudoku-organizer\.gradle\8.2\dependencies-accessors\a145af51ec6f77e1ff4b0669c9a0309d6c1626f7\classes\org\gradle\accessors\dm\LibrariesForLibsInPluginsBlock$AndroidxLifecycleRuntimeLibraryAccessors.class
2026-09-30T11:23:50.874+0530 [DEBUG] [org.gradle.internal.watch.vfs.impl.WatchingVirtualFileSystem] Handling VFS change REMOVED D:\GRAPHINOVAS\AI Studio\GRAPHYNOVUS II SUDORA\sudoku-organizer\.gradle\8.2\dependencies-accessors\a145af51ec6f77e1ff4b0669c9a0309d6c1626f7\classes\org\gradle\accessors\dm\LibrariesForLibsInPluginsBlock$AndroidxLifecycleViewmodelLibraryAccessors.class
2026-09-30T11:23:50.874+0530 [DEBUG] [org.gradle.internal.watch.vfs.impl.WatchingVirtualFileSystem] Handling VFS change REMOVED D:\GRAPHINOVAS\AI Studio\GRAPHYNOVUS II SUDORA\sudoku-organizer\.gradle\8.2\dependencies-accessors\a145af51ec6f77e1ff4b0669c9a0309d6c1626f7\classes\org\gradle\accessors\dm\LibrariesForLibsInPluginsBlock$AndroidxNavigationLibraryAccessors.class
2026-09-30T11:23:50.875+0530 [DEBUG] [org.gradle.internal.watch.vfs.impl.WatchingVirtualFileSystem] Handling VFS change REMOVED D:\GRAPHINOVAS\AI Studio\GRAPHYNOVUS II SUDORA\sudoku-organizer\.gradle\8.2\dependencies-accessors\a145af51ec6f77e1ff4b0669c9a0309d6c1626f7\classes\org\gradle\accessors\dm\LibrariesForLibsInPluginsBlock$AndroidxRoomLibraryAccessors.class
2026-09-30T11:23:50.876+0530 [DEBUG] [org.gradle.internal.watch.vfs.impl.WatchingVirtualFileSystem] Handling VFS change REMOVED D:\GRAPHINOVAS\AI Studio\GRAPHYNOVUS II SUDORA\sudoku-organizer\.gradle\8.2\dependencies-accessors\a145af51ec6f77e1ff4b0669c9a0309d6c1626f7\classes\org\gradle\accessors\dm\LibrariesForLibsInPluginsBlock$BundleAccessors.class
2026-09-30T11:23:50.876+0530 [DEBUG] [org.gradle.internal.watch.vfs.impl.WatchingVirtualFileSystem] Handling VFS change REMOVED D:\GRAPHINOVAS\AI Studio\GRAPHYNOVUS II SUDORA\sudoku-organizer\.gradle\8.2\dependencies-accessors\a145af51ec6f77e1ff4b0669c9a0309d6c1626f7\classes\org\gradle\accessors\dm\LibrariesForLibsInPluginsBlock$CoilLibraryAccessors.class
2026-09-30T11:23:50.877+0530 [DEBUG] [org.gradle.internal.watch.vfs.impl.WatchingVirtualFileSystem] Handling VFS change REMOVED D:\GRAPHINOVAS\AI Studio\GRAPHYNOVUS II SUDORA\sudoku-organizer\.gradle\8.2\dependencies-accessors\a145af51ec6f77e1ff4b0669c9a0309d6c1626f7\classes\org\gradle\accessors\dm\LibrariesForLibsInPluginsBlock$ConverterLibraryAccessors.class
2026-09-30T11:23:50.878+0530 [DEBUG] [org.gradle.internal.watch.vfs.impl.WatchingVirtualFileSystem] Handling VFS change REMOVED D:\GRAPHINOVAS\AI Studio\GRAPHYNOVUS II SUDORA\sudoku-organizer\.gradle\8.2\dependencies-accessors\a145af51ec6f77e1ff4b0669c9a0309d6c1626f7\classes\org\gradle\accessors\dm\LibrariesForLibsInPluginsBlock$FirebaseAppcheckLibraryAccessors.class
2026-09-30T11:23:50.879+0530 [DEBUG] [org.gradle.internal.watch.vfs.impl.WatchingVirtualFileSystem] Handling VFS change REMOVED D:\GRAPHINOVAS\AI Studio\GRAPHYNOVUS II SUDORA\sudoku-organizer\.gradle\8.2\dependencies-accessors\a145af51ec6f77e1ff4b0669c9a0309d6c1626f7\classes\org\gradle\accessors\dm\LibrariesForLibsInPluginsBlock$FirebaseLibraryAccessors.class
2026-09-30T11:23:50.881+0530 [DEBUG] [org.gradle.internal.watch.vfs.impl.WatchingVirtualFileSystem] Handling VFS change REMOVED D:\GRAPHINOVAS\AI Studio\GRAPHYNOVUS II SUDORA\sudoku-organizer\.gradle\8.2\dependencies-accessors\a145af51ec6f77e1ff4b0669c9a0309d6c1626f7\classes\org\gradle\accessors\dm\LibrariesForLibsInPluginsBlock$GoogleDevtoolsPluginAccessors.class
2026-09-30T11:23:50.882+0530 [DEBUG] [org.gradle.internal.watch.vfs.impl.WatchingVirtualFileSystem] Handling VFS change REMOVED D:\GRAPHINOVAS\AI Studio\GRAPHYNOVUS II SUDORA\sudoku-organizer\.gradle\8.2\dependencies-accessors\a145af51ec6f77e1ff4b0669c9a0309d6c1626f7\classes\org\gradle\accessors\dm\LibrariesForLibsInPluginsBlock$GooglePluginAccessors.class
2026-09-30T11:23:50.882+0530 [DEBUG] [org.gradle.internal.watch.vfs.impl.WatchingVirtualFileSystem] Handling VFS change REMOVED D:\GRAPHINOVAS\AI Studio\GRAPHYNOVUS II SUDORA\sudoku-organizer\.gradle\8.2\dependencies-accessors\a145af51ec6f77e1ff4b0669c9a0309d6c1626f7\classes\org\gradle\accessors\dm\LibrariesForLibsInPluginsBlock$KotlinxCoroutinesLibraryAccessors.class
2026-09-30T11:23:50.883+0530 [DEBUG] [org.gradle.internal.watch.vfs.impl.WatchingVirtualFileSystem] Handling VFS change REMOVED D:\GRAPHINOVAS\AI Studio\GRAPHYNOVUS II SUDORA\sudoku-organizer\.gradle\8.2\dependencies-accessors\a145af51ec6f77e1ff4b0669c9a0309d6c1626f7\classes\org\gradle\accessors\dm\LibrariesForLibsInPluginsBlock$KotlinxLibraryAccessors.class
2026-09-30T11:23:50.883+0530 [DEBUG] [org.gradle.internal.watch.vfs.impl.WatchingVirtualFileSystem] Handling VFS change REMOVED D:\GRAPHINOVAS\AI Studio\GRAPHYNOVUS II SUDORA\sudoku-organizer\.gradle\8.2\dependencies-accessors\a145af51ec6f77e1ff4b0669c9a0309d6c1626f7\classes\org\gradle\accessors\dm\LibrariesForLibsInPluginsBlock$LoggingLibraryAccessors.class
2026-09-30T11:23:50.883+0530 [DEBUG] [org.gradle.internal.watch.vfs.impl.WatchingVirtualFileSystem] Handling VFS change REMOVED D:\GRAPHINOVAS\AI Studio\GRAPHYNOVUS II SUDORA\sudoku-organizer\.gradle\8.2\dependencies-accessors\a145af51ec6f77e1ff4b0669c9a0309d6c1626f7\classes\org\gradle\accessors\dm\LibrariesForLibsInPluginsBlock$MoshiKotlinLibraryAccessors.class
2026-09-30T11:23:50.884+0530 [DEBUG] [org.gradle.internal.watch.vfs.impl.WatchingVirtualFileSystem] Handling VFS change REMOVED D:\GRAPHINOVAS\AI Studio\GRAPHYNOVUS II SUDORA\sudoku-organizer\.gradle\8.2\dependencies-accessors\a145af51ec6f77e1ff4b0669c9a0309d6c1626f7\classes\org\gradle\accessors\dm\LibrariesForLibsInPluginsBlock$MoshiLibraryAccessors.class
2026-09-30T11:23:50.885+0530 [DEBUG] [org.gradle.internal.watch.vfs.impl.WatchingVirtualFileSystem] Handling VFS change REMOVED D:\GRAPHINOVAS\AI Studio\GRAPHYNOVUS II SUDORA\sudoku-organizer\.gradle\8.2\dependencies-accessors\a145af51ec6f77e1ff4b0669c9a0309d6c1626f7\classes\org\gradle\accessors\dm\LibrariesForLibsInPluginsBlock$PlayLibraryAccessors.class
2026-09-30T11:23:50.885+0530 [DEBUG] [org.gradle.internal.watch.vfs.impl.WatchingVirtualFileSystem] Handling VFS change REMOVED D:\GRAPHINOVAS\AI Studio\GRAPHYNOVUS II SUDORA\sudoku-organizer\.gradle\8.2\dependencies-accessors\a145af51ec6f77e1ff4b0669c9a0309d6c1626f7\classes\org\gradle\accessors\dm\LibrariesForLibsInPluginsBlock$PlayServicesLibraryAccessors.class
2026-09-30T11:23:50.886+0530 [DEBUG] [org.gradle.internal.watch.vfs.impl.WatchingVirtualFileSystem] Handling VFS change REMOVED D:\GRAPHINOVAS\AI Studio\GRAPHYNOVUS II SUDORA\sudoku-organizer\.gradle\8.2\dependencies-accessors\a145af51ec6f77e1ff4b0669c9a0309d6c1626f7\classes\org\gradle\accessors\dm\LibrariesForLibsInPluginsBlock$PluginAccessors.class
2026-09-30T11:23:50.886+0530 [DEBUG] [org.gradle.internal.watch.vfs.impl.WatchingVirtualFileSystem] Handling VFS change REMOVED D:\GRAPHINOVAS\AI Studio\GRAPHYNOVUS II SUDORA\sudoku-organizer\.gradle\8.2\dependencies-accessors\a145af51ec6f77e1ff4b0669c9a0309d6c1626f7\classes\org\gradle\accessors\dm\LibrariesForLibsInPluginsBlock$RoborazziJunitLibraryAccessors.class
2026-09-30T11:23:50.886+0530 [DEBUG] [org.gradle.internal.watch.vfs.impl.WatchingVirtualFileSystem] Handling VFS change REMOVED D:\GRAPHINOVAS\AI Studio\GRAPHYNOVUS II SUDORA\sudoku-organizer\.gradle\8.2\dependencies-accessors\a145af51ec6f77e1ff4b0669c9a0309d6c1626f7\classes\org\gradle\accessors\dm\LibrariesForLibsInPluginsBlock$RoborazziLibraryAccessors.class
2026-09-30T11:23:50.887+0530 [DEBUG] [org.gradle.internal.watch.vfs.impl.WatchingVirtualFileSystem] Handling VFS change REMOVED D:\GRAPHINOVAS\AI Studio\GRAPHYNOVUS II SUDORA\sudoku-organizer\.gradle\8.2\dependencies-accessors\a145af51ec6f77e1ff4b0669c9a0309d6c1626f7\classes\org\gradle\accessors\dm\LibrariesForLibsInPluginsBlock$VersionAccessors.class
2026-09-30T11:23:50.888+0530 [DEBUG] [org.gradle.internal.watch.vfs.impl.WatchingVirtualFileSystem] Handling VFS change REMOVED D:\GRAPHINOVAS\AI Studio\GRAPHYNOVUS II SUDORA\sudoku-organizer\.gradle\8.2\dependencies-accessors\a145af51ec6f77e1ff4b0669c9a0309d6c1626f7\classes\org\gradle\accessors\dm\LibrariesForLibsInPluginsBlock.class
2026-09-30T11:23:50.888+0530 [DEBUG] [org.gradle.internal.watch.vfs.impl.WatchingVirtualFileSystem] Handling VFS change REMOVED D:\GRAPHINOVAS\AI Studio\GRAPHYNOVUS II SUDORA\sudoku-organizer\.gradle\8.2\dependencies-accessors\a145af51ec6f77e1ff4b0669c9a0309d6c1626f7\classes\org\gradle\accessors\dm
2026-09-30T11:23:50.889+0530 [DEBUG] [org.gradle.internal.watch.vfs.impl.WatchingVirtualFileSystem] Handling VFS change REMOVED D:\GRAPHINOVAS\AI Studio\GRAPHYNOVUS II SUDORA\sudoku-organizer\.gradle\8.2\dependencies-accessors\a145af51ec6f77e1ff4b0669c9a0309d6c1626f7\classes\org\gradle\accessors
2026-09-30T11:23:50.890+0530 [DEBUG] [org.gradle.internal.watch.vfs.impl.WatchingVirtualFileSystem] Handling VFS change REMOVED D:\GRAPHINOVAS\AI Studio\GRAPHYNOVUS II SUDORA\sudoku-organizer\.gradle\8.2\dependencies-accessors\a145af51ec6f77e1ff4b0669c9a0309d6c1626f7\classes\org\gradle
2026-09-30T11:23:50.891+0530 [DEBUG] [org.gradle.internal.watch.vfs.impl.WatchingVirtualFileSystem] Handling VFS change REMOVED D:\GRAPHINOVAS\AI Studio\GRAPHYNOVUS II SUDORA\sudoku-organizer\.gradle\8.2\dependencies-accessors\a145af51ec6f77e1ff4b0669c9a0309d6c1626f7\classes\org
2026-09-30T11:23:50.893+0530 [DEBUG] [org.gradle.internal.watch.vfs.impl.WatchingVirtualFileSystem] Handling VFS change REMOVED D:\GRAPHINOVAS\AI Studio\GRAPHYNOVUS II SUDORA\sudoku-organizer\.gradle\8.2\dependencies-accessors\a145af51ec6f77e1ff4b0669c9a0309d6c1626f7\classes
2026-09-30T11:23:50.903+0530 [DEBUG] [org.gradle.internal.watch.vfs.impl.WatchingVirtualFileSystem] Handling VFS change REMOVED D:\GRAPHINOVAS\AI Studio\GRAPHYNOVUS II SUDORA\sudoku-organizer\.gradle\8.2\dependencies-accessors\a145af51ec6f77e1ff4b0669c9a0309d6c1626f7\sources\org\gradle\accessors\dm\LibrariesForLibs.java
2026-09-30T11:23:50.903+0530 [DEBUG] [org.gradle.internal.watch.vfs.impl.WatchingVirtualFileSystem] Handling VFS change REMOVED D:\GRAPHINOVAS\AI Studio\GRAPHYNOVUS II SUDORA\sudoku-organizer\.gradle\8.2\dependencies-accessors\a145af51ec6f77e1ff4b0669c9a0309d6c1626f7\sources\org\gradle\accessors\dm\LibrariesForLibsInPluginsBlock.java
2026-09-30T11:23:50.904+0530 [DEBUG] [org.gradle.internal.watch.vfs.impl.WatchingVirtualFileSystem] Handling VFS change REMOVED D:\GRAPHINOVAS\AI Studio\GRAPHYNOVUS II SUDORA\sudoku-organizer\.gradle\8.2\dependencies-accessors\a145af51ec6f77e1ff4b0669c9a0309d6c1626f7\sources\org\gradle\accessors\dm
2026-09-30T11:23:50.905+0530 [DEBUG] [org.gradle.internal.watch.vfs.impl.WatchingVirtualFileSystem] Handling VFS change REMOVED D:\GRAPHINOVAS\AI Studio\GRAPHYNOVUS II SUDORA\sudoku-organizer\.gradle\8.2\dependencies-accessors\a145af51ec6f77e1ff4b0669c9a0309d6c1626f7\sources\org\gradle\accessors
2026-09-30T11:23:50.907+0530 [DEBUG] [org.gradle.internal.watch.vfs.impl.WatchingVirtualFileSystem] Handling VFS change REMOVED D:\GRAPHINOVAS\AI Studio\GRAPHYNOVUS II SUDORA\sudoku-organizer\.gradle\8.2\dependencies-accessors\a145af51ec6f77e1ff4b0669c9a0309d6c1626f7\sources\org\gradle
2026-09-30T11:23:50.909+0530 [DEBUG] [org.gradle.internal.watch.vfs.impl.WatchingVirtualFileSystem] Handling VFS change REMOVED D:\GRAPHINOVAS\AI Studio\GRAPHYNOVUS II SUDORA\sudoku-organizer\.gradle\8.2\dependencies-accessors\a145af51ec6f77e1ff4b0669c9a0309d6c1626f7\sources\org
2026-09-30T11:23:50.912+0530 [DEBUG] [org.gradle.internal.watch.vfs.impl.WatchingVirtualFileSystem] Handling VFS change REMOVED D:\GRAPHINOVAS\AI Studio\GRAPHYNOVUS II SUDORA\sudoku-organizer\.gradle\8.2\dependencies-accessors\a145af51ec6f77e1ff4b0669c9a0309d6c1626f7\sources
2026-09-30T11:23:50.915+0530 [DEBUG] [org.gradle.internal.watch.vfs.impl.WatchingVirtualFileSystem] Handling VFS change REMOVED D:\GRAPHINOVAS\AI Studio\GRAPHYNOVUS II SUDORA\sudoku-organizer\.gradle\8.2\dependencies-accessors\a145af51ec6f77e1ff4b0669c9a0309d6c1626f7
2026-09-30T11:23:55.682+0530 [DEBUG] [org.gradle.cache.internal.DefaultFileLockManager] Waiting to acquire shared lock on daemon addresses registry.
2026-09-30T11:23:55.682+0530 [DEBUG] [org.gradle.cache.internal.DefaultFileLockManager] Lock acquired on daemon addresses registry.
2026-09-30T11:23:55.683+0530 [DEBUG] [org.gradle.cache.internal.DefaultFileLockManager] Releasing lock on daemon addresses registry.
2026-09-30T11:23:55.684+0530 [DEBUG] [org.gradle.cache.internal.DefaultFileLockManager] Waiting to acquire shared lock on daemon addresses registry.
2026-09-30T11:23:55.684+0530 [DEBUG] [org.gradle.cache.internal.DefaultFileLockManager] Lock acquired on daemon addresses registry.
2026-09-30T11:23:55.685+0530 [DEBUG] [org.gradle.cache.internal.DefaultFileLockManager] Releasing lock on daemon addresses registry.
2026-09-30T11:23:55.686+0530 [DEBUG] [org.gradle.cache.internal.DefaultFileLockManager] Waiting to acquire shared lock on daemon addresses registry.
2026-09-30T11:23:55.686+0530 [DEBUG] [org.gradle.cache.internal.DefaultFileLockManager] Lock acquired on daemon addresses registry.
2026-09-30T11:23:55.687+0530 [DEBUG] [org.gradle.cache.internal.DefaultFileLockManager] Releasing lock on daemon addresses registry.
2026-09-30T11:24:03.888+0530 [DEBUG] [org.gradle.internal.remote.internal.inet.TcpIncomingConnector] Accepted connection from /127.0.0.1:63317 to /127.0.0.1:63242.
2026-09-30T11:24:03.892+0530 [DEBUG] [org.gradle.internal.remote.internal.inet.TcpIncomingConnector] Accepted connection from /127.0.0.1:63318 to /127.0.0.1:63242.
2026-09-30T11:24:03.896+0530 [DEBUG] [org.gradle.launcher.daemon.server.SynchronizedDispatchConnection] thread 117: received class org.gradle.launcher.daemon.protocol.StopWhenIdle
2026-09-30T11:24:03.896+0530 [DEBUG] [org.gradle.launcher.daemon.server.DefaultDaemonConnection] thread 117: Received non-IO message from client: StopWhenIdle[id=55812ad3-1f39-4f12-83e4-3eb7208e89be]
2026-09-30T11:24:03.896+0530 [INFO] [org.gradle.launcher.daemon.server.DefaultIncomingConnectionHandler] Received command: StopWhenIdle[id=55812ad3-1f39-4f12-83e4-3eb7208e89be].
2026-09-30T11:24:03.896+0530 [DEBUG] [org.gradle.launcher.daemon.server.DefaultIncomingConnectionHandler] Starting executing command: StopWhenIdle[id=55812ad3-1f39-4f12-83e4-3eb7208e89be] with connection: socket connection from /127.0.0.1:63242 to /127.0.0.1:63318.
2026-09-30T11:24:03.896+0530 [DEBUG] [org.gradle.launcher.daemon.server.DaemonRegistryUpdater] Storing daemon stop event: stop command received
2026-09-30T11:24:03.896+0530 [DEBUG] [org.gradle.launcher.daemon.registry.PersistentDaemonRegistry] Storing daemon stop event with timestamp 1790747643897
2026-09-30T11:24:03.897+0530 [DEBUG] [org.gradle.cache.internal.DefaultFileLockManager] Waiting to acquire exclusive lock on daemon addresses registry.
2026-09-30T11:24:03.898+0530 [DEBUG] [org.gradle.cache.internal.DefaultFileLockManager] Lock acquired on daemon addresses registry.
2026-09-30T11:24:03.898+0530 [DEBUG] [org.gradle.launcher.daemon.server.SynchronizedDispatchConnection] thread 115: received class org.gradle.launcher.daemon.protocol.StopWhenIdle
2026-09-30T11:24:03.898+0530 [DEBUG] [org.gradle.launcher.daemon.server.DefaultDaemonConnection] thread 115: Received non-IO message from client: StopWhenIdle[id=938f7538-6e70-4a12-a3df-427e1f2bcc5b]
2026-09-30T11:24:03.898+0530 [INFO] [org.gradle.launcher.daemon.server.DefaultIncomingConnectionHandler] Received command: StopWhenIdle[id=938f7538-6e70-4a12-a3df-427e1f2bcc5b].
2026-09-30T11:24:03.898+0530 [DEBUG] [org.gradle.launcher.daemon.server.DefaultIncomingConnectionHandler] Starting executing command: StopWhenIdle[id=938f7538-6e70-4a12-a3df-427e1f2bcc5b] with connection: socket connection from /127.0.0.1:63242 to /127.0.0.1:63317.
2026-09-30T11:24:03.899+0530 [DEBUG] [org.gradle.cache.internal.DefaultFileLockManager] Releasing lock on daemon addresses registry.
2026-09-30T11:24:03.899+0530 [LIFECYCLE] [org.gradle.launcher.daemon.server.DaemonStateCoordinator] Daemon will be stopped at the end of the build stop command received
2026-09-30T11:24:03.900+0530 [DEBUG] [org.gradle.launcher.daemon.server.DaemonStateCoordinator] Marking daemon stopped due to stop command received. The daemon is running a build: false
2026-09-30T11:24:03.900+0530 [DEBUG] [org.gradle.launcher.daemon.server.DaemonRegistryUpdater] Storing daemon stop event: stop command received
2026-09-30T11:24:03.900+0530 [DEBUG] [org.gradle.launcher.daemon.server.DaemonStateCoordinator] daemon has stopped.
2026-09-30T11:24:03.900+0530 [DEBUG] [org.gradle.launcher.daemon.registry.PersistentDaemonRegistry] Storing daemon stop event with timestamp 1790747643901
2026-09-30T11:24:03.900+0530 [DEBUG] [org.gradle.launcher.daemon.server.SynchronizedDispatchConnection] thread 116: dispatching Success[value=null]
2026-09-30T11:24:03.900+0530 [DEBUG] [org.gradle.launcher.daemon.server.SynchronizedDispatchConnection] thread 117: received class org.gradle.launcher.daemon.protocol.Finished
2026-09-30T11:24:03.900+0530 [DEBUG] [org.gradle.launcher.daemon.server.DefaultDaemonConnection] thread 117: Received non-IO message from client: org.gradle.launcher.daemon.protocol.Finished@11eaa205
2026-09-30T11:24:03.900+0530 [DEBUG] [org.gradle.internal.remote.internal.inet.SocketConnection] Discarding EOFException: java.io.EOFException
2026-09-30T11:24:03.900+0530 [DEBUG] [org.gradle.launcher.daemon.server.SynchronizedDispatchConnection] thread 117: received null
2026-09-30T11:24:03.900+0530 [DEBUG] [org.gradle.launcher.daemon.server.DefaultDaemonConnection] thread 117: Received end-of-input from client.
2026-09-30T11:24:03.901+0530 [DEBUG] [org.gradle.launcher.daemon.server.DefaultIncomingConnectionHandler] Finishing executing command: StopWhenIdle[id=55812ad3-1f39-4f12-83e4-3eb7208e89be]
2026-09-30T11:24:03.901+0530 [DEBUG] [org.gradle.launcher.daemon.server.DefaultIncomingConnectionHandler] Received finished message: null
2026-09-30T11:24:03.901+0530 [DEBUG] [org.gradle.launcher.daemon.server.SynchronizedDispatchConnection] thread 116: stopping connection
2026-09-30T11:24:03.901+0530 [DEBUG] [org.gradle.cache.internal.DefaultFileLockManager] Waiting to acquire exclusive lock on daemon addresses registry.
2026-09-30T11:24:03.900+0530 [DEBUG] [org.gradle.launcher.daemon.server.Daemon] stop() called on daemon
2026-09-30T11:24:03.901+0530 [INFO] [org.gradle.launcher.daemon.server.Daemon] Stop requested. Daemon is removing its presence from the registry...
2026-09-30T11:24:03.901+0530 [DEBUG] [org.gradle.launcher.daemon.server.DaemonRegistryUpdater] Removing our presence to clients, eg. removing this address from the registry: [4b83dc4a-d1b1-40c7-b00f-b6082d3654ac port:63242, addresses:[localhost/127.0.0.1]]
2026-09-30T11:24:03.901+0530 [DEBUG] [org.gradle.launcher.daemon.server.SynchronizedDispatchConnection] thread 116: stopping connection
2026-09-30T11:24:03.901+0530 [DEBUG] [org.gradle.cache.internal.DefaultFileLockManager] Lock acquired on daemon addresses registry.
2026-09-30T11:24:03.903+0530 [DEBUG] [org.gradle.cache.internal.DefaultFileLockManager] Releasing lock on daemon addresses registry.
2026-09-30T11:24:03.903+0530 [DEBUG] [org.gradle.launcher.daemon.registry.PersistentDaemonRegistry] Removing daemon address: [4b83dc4a-d1b1-40c7-b00f-b6082d3654ac port:63242, addresses:[localhost/127.0.0.1]]
2026-09-30T11:24:03.903+0530 [DEBUG] [org.gradle.launcher.daemon.server.SynchronizedDispatchConnection] thread 114: dispatching Success[value=null]
2026-09-30T11:24:03.903+0530 [DEBUG] [org.gradle.launcher.daemon.server.DefaultIncomingConnectionHandler] Finishing executing command: StopWhenIdle[id=938f7538-6e70-4a12-a3df-427e1f2bcc5b]
2026-09-30T11:24:03.903+0530 [DEBUG] [org.gradle.launcher.daemon.server.SynchronizedDispatchConnection] thread 115: received class org.gradle.launcher.daemon.protocol.Finished
2026-09-30T11:24:03.903+0530 [DEBUG] [org.gradle.launcher.daemon.server.DefaultDaemonConnection] thread 115: Received non-IO message from client: org.gradle.launcher.daemon.protocol.Finished@144b0cb2
2026-09-30T11:24:03.904+0530 [DEBUG] [org.gradle.internal.remote.internal.inet.SocketConnection] Discarding EOFException: java.io.EOFException
2026-09-30T11:24:03.904+0530 [DEBUG] [org.gradle.launcher.daemon.server.SynchronizedDispatchConnection] thread 115: received null
2026-09-30T11:24:03.904+0530 [DEBUG] [org.gradle.launcher.daemon.server.DefaultDaemonConnection] thread 115: Received end-of-input from client.
2026-09-30T11:24:03.904+0530 [DEBUG] [org.gradle.launcher.daemon.server.DefaultIncomingConnectionHandler] Received finished message: null
2026-09-30T11:24:03.904+0530 [DEBUG] [org.gradle.launcher.daemon.server.SynchronizedDispatchConnection] thread 114: stopping connection
2026-09-30T11:24:03.905+0530 [DEBUG] [org.gradle.launcher.daemon.server.SynchronizedDispatchConnection] thread 114: stopping connection
2026-09-30T11:24:03.905+0530 [DEBUG] [org.gradle.cache.internal.DefaultFileLockManager] Waiting to acquire exclusive lock on daemon addresses registry.
2026-09-30T11:24:03.905+0530 [DEBUG] [org.gradle.cache.internal.DefaultFileLockManager] Lock acquired on daemon addresses registry.
2026-09-30T11:24:03.906+0530 [DEBUG] [org.gradle.cache.internal.DefaultFileLockManager] Releasing lock on daemon addresses registry.
2026-09-30T11:24:03.907+0530 [DEBUG] [org.gradle.launcher.daemon.server.DaemonRegistryUpdater] Address removed from registry.
2026-09-30T11:24:03.908+0530 [DEBUG] [org.gradle.cache.internal.LockOnDemandCrossProcessCacheAccess] Releasing file lock for jars (D:\GRAPHINOVAS\AI Studio\GRAPHYNOVUS II SUDORA\sudoku-organizer\gradle\caches\jars-9)
2026-09-30T11:24:03.908+0530 [DEBUG] [org.gradle.cache.internal.DefaultFileLockManager] Releasing lock on jars (D:\GRAPHINOVAS\AI Studio\GRAPHYNOVUS II SUDORA\sudoku-organizer\gradle\caches\jars-9).
2026-09-30T11:24:03.908+0530 [DEBUG] [org.gradle.cache.internal.DefaultPersistentDirectoryStore] jars (D:\GRAPHINOVAS\AI Studio\GRAPHYNOVUS II SUDORA\sudoku-organizer\gradle\caches\jars-9) has last been fully cleaned up 12 hours ago
2026-09-30T11:24:03.909+0530 [DEBUG] [org.gradle.cache.internal.DefaultPersistentDirectoryStore] Artifact transforms cache (D:\GRAPHINOVAS\AI Studio\GRAPHYNOVUS II SUDORA\sudoku-organizer\gradle\caches\transforms-3) has last been fully cleaned up 12 hours ago
2026-09-30T11:24:03.909+0530 [DEBUG] [org.gradle.cache.internal.DefaultCacheCoordinator] Cache Artifact transforms cache (D:\GRAPHINOVAS\AI Studio\GRAPHYNOVUS II SUDORA\sudoku-organizer\gradle\caches\transforms-3) was closed 0 times.
2026-09-30T11:24:03.910+0530 [DEBUG] [org.gradle.cache.internal.LockOnDemandCrossProcessCacheAccess] Releasing file lock for kotlin-dsl (D:\GRAPHINOVAS\AI Studio\GRAPHYNOVUS II SUDORA\sudoku-organizer\gradle\caches\8.2\kotlin-dsl)
2026-09-30T11:24:03.910+0530 [DEBUG] [org.gradle.cache.internal.btree.BTreePersistentIndexedCache] Closing cache executionHistory.bin (D:\GRAPHINOVAS\AI Studio\GRAPHYNOVUS II SUDORA\sudoku-organizer\gradle\caches\8.2\kotlin-dsl\executionHistory.bin)
2026-09-30T11:24:03.910+0530 [DEBUG] [org.gradle.cache.internal.DefaultFileLockManager] Releasing lock on kotlin-dsl (D:\GRAPHINOVAS\AI Studio\GRAPHYNOVUS II SUDORA\sudoku-organizer\gradle\caches\8.2\kotlin-dsl).
2026-09-30T11:24:03.911+0530 [DEBUG] [org.gradle.cache.internal.DefaultPersistentDirectoryStore] kotlin-dsl (D:\GRAPHINOVAS\AI Studio\GRAPHYNOVUS II SUDORA\sudoku-organizer\gradle\caches\8.2\kotlin-dsl) has last been fully cleaned up 12 hours ago
2026-09-30T11:24:03.912+0530 [DEBUG] [org.gradle.cache.internal.LockOnDemandCrossProcessCacheAccess] Releasing file lock for file content cache (D:\GRAPHINOVAS\AI Studio\GRAPHYNOVUS II SUDORA\sudoku-organizer\gradle\caches\8.2\fileContent)
2026-09-30T11:24:03.912+0530 [DEBUG] [org.gradle.cache.internal.DefaultFileLockManager] Releasing lock on file content cache (D:\GRAPHINOVAS\AI Studio\GRAPHYNOVUS II SUDORA\sudoku-organizer\gradle\caches\8.2\fileContent).
2026-09-30T11:24:03.912+0530 [DEBUG] [org.gradle.internal.watch.vfs.impl.WatchingVirtualFileSystem] Closing VFS, dropping state
2026-09-30T11:24:03.914+0530 [DEBUG] [org.gradle.cache.internal.LockOnDemandCrossProcessCacheAccess] Releasing file lock for Generated Gradle JARs cache (D:\GRAPHINOVAS\AI Studio\GRAPHYNOVUS II SUDORA\sudoku-organizer\gradle\caches\8.2\generated-gradle-jars)
2026-09-30T11:24:03.914+0530 [DEBUG] [org.gradle.cache.internal.DefaultFileLockManager] Releasing lock on Generated Gradle JARs cache (D:\GRAPHINOVAS\AI Studio\GRAPHYNOVUS II SUDORA\sudoku-organizer\gradle\caches\8.2\generated-gradle-jars).
2026-09-30T11:24:03.914+0530 [DEBUG] [org.gradle.internal.watch.registry.impl.DefaultFileWatcherRegistry] Finished listening to file system change events
2026-09-30T11:24:03.915+0530 [DEBUG] [org.gradle.cache.internal.LockOnDemandCrossProcessCacheAccess] Releasing file lock for artifact cache (D:\GRAPHINOVAS\AI Studio\GRAPHYNOVUS II SUDORA\sudoku-organizer\gradle\caches\modules-2)
2026-09-30T11:24:03.915+0530 [DEBUG] [org.gradle.cache.internal.btree.BTreePersistentIndexedCache] Closing cache module-artifact.bin (D:\GRAPHINOVAS\AI Studio\GRAPHYNOVUS II SUDORA\sudoku-organizer\gradle\caches\modules-2\metadata-2.106\module-artifact.bin)
2026-09-30T11:24:03.915+0530 [DEBUG] [org.gradle.cache.internal.btree.BTreePersistentIndexedCache] Closing cache resource-at-url.bin (D:\GRAPHINOVAS\AI Studio\GRAPHYNOVUS II SUDORA\sudoku-organizer\gradle\caches\modules-2\metadata-2.106\resource-at-url.bin)
2026-09-30T11:24:03.915+0530 [DEBUG] [org.gradle.cache.internal.btree.BTreePersistentIndexedCache] Closing cache module-metadata.bin (D:\GRAPHINOVAS\AI Studio\GRAPHYNOVUS II SUDORA\sudoku-organizer\gradle\caches\modules-2\metadata-2.106\module-metadata.bin)
2026-09-30T11:24:03.915+0530 [DEBUG] [org.gradle.cache.internal.DefaultFileLockManager] Releasing lock on artifact cache (D:\GRAPHINOVAS\AI Studio\GRAPHYNOVUS II SUDORA\sudoku-organizer\gradle\caches\modules-2).
2026-09-30T11:24:03.916+0530 [DEBUG] [org.gradle.cache.internal.DefaultPersistentDirectoryStore] artifact cache (D:\GRAPHINOVAS\AI Studio\GRAPHYNOVUS II SUDORA\sudoku-organizer\gradle\caches\modules-2) has last been fully cleaned up 12 hours ago
2026-09-30T11:24:03.916+0530 [DEBUG] [org.gradle.cache.internal.LockOnDemandCrossProcessCacheAccess] Releasing file lock for journal cache (D:\GRAPHINOVAS\AI Studio\GRAPHYNOVUS II SUDORA\sudoku-organizer\gradle\caches\journal-1)
2026-09-30T11:24:03.916+0530 [DEBUG] [org.gradle.cache.internal.btree.BTreePersistentIndexedCache] Closing cache file-access.bin (D:\GRAPHINOVAS\AI Studio\GRAPHYNOVUS II SUDORA\sudoku-organizer\gradle\caches\journal-1\file-access.bin)
2026-09-30T11:24:03.916+0530 [DEBUG] [org.gradle.cache.internal.DefaultFileLockManager] Releasing lock on journal cache (D:\GRAPHINOVAS\AI Studio\GRAPHYNOVUS II SUDORA\sudoku-organizer\gradle\caches\journal-1).
2026-09-30T11:24:03.917+0530 [DEBUG] [org.gradle.cache.internal.LockOnDemandCrossProcessCacheAccess] Releasing file lock for file hash cache (D:\GRAPHINOVAS\AI Studio\GRAPHYNOVUS II SUDORA\sudoku-organizer\gradle\caches\8.2\fileHashes)
2026-09-30T11:24:03.917+0530 [DEBUG] [org.gradle.cache.internal.btree.BTreePersistentIndexedCache] Closing cache fileHashes.bin (D:\GRAPHINOVAS\AI Studio\GRAPHYNOVUS II SUDORA\sudoku-organizer\gradle\caches\8.2\fileHashes\fileHashes.bin)
2026-09-30T11:24:03.918+0530 [DEBUG] [org.gradle.cache.internal.btree.BTreePersistentIndexedCache] Closing cache resourceHashesCache.bin (D:\GRAPHINOVAS\AI Studio\GRAPHYNOVUS II SUDORA\sudoku-organizer\gradle\caches\8.2\fileHashes\resourceHashesCache.bin)
2026-09-30T11:24:03.918+0530 [DEBUG] [org.gradle.cache.internal.DefaultFileLockManager] Releasing lock on file hash cache (D:\GRAPHINOVAS\AI Studio\GRAPHYNOVUS II SUDORA\sudoku-organizer\gradle\caches\8.2\fileHashes).
2026-09-30T11:24:03.918+0530 [DEBUG] [org.gradle.cache.internal.LockOnDemandCrossProcessCacheAccess] Releasing file lock for execution history cache (D:\GRAPHINOVAS\AI Studio\GRAPHYNOVUS II SUDORA\sudoku-organizer\gradle\caches\8.2\executionHistory)
2026-09-30T11:24:03.919+0530 [DEBUG] [org.gradle.cache.internal.DefaultFileLockManager] Releasing lock on execution history cache (D:\GRAPHINOVAS\AI Studio\GRAPHYNOVUS II SUDORA\sudoku-organizer\gradle\caches\8.2\executionHistory).
Daemon vm is shutting down... The daemon has exited normally or was terminated in response to a user interrupt.
2026-09-30T11:24:03.921+0530 [DEBUG] [org.gradle.launcher.daemon.registry.PersistentDaemonRegistry] Removing daemon address: [4b83dc4a-d1b1-40c7-b00f-b6082d3654ac port:63242, addresses:[localhost/127.0.0.1]]
2026-09-30T11:24:03.921+0530 [DEBUG] [org.gradle.cache.internal.DefaultFileLockManager] Waiting to acquire exclusive lock on daemon addresses registry.
2026-09-30T11:24:03.922+0530 [DEBUG] [org.gradle.cache.internal.DefaultFileLockManager] Lock acquired on daemon addresses registry.
2026-09-30T11:24:03.923+0530 [DEBUG] [org.gradle.cache.internal.DefaultFileLockManager] Releasing lock on daemon addresses registry.
