2026-09-30T10:47:08.419+0530 [DEBUG] [org.gradle.launcher.daemon.bootstrap.DaemonMain] Assuming the daemon was started with following jvm opts: [--add-opens=java.base/java.util=ALL-UNNAMED, --add-opens=java.base/java.lang=ALL-UNNAMED, --add-opens=java.base/java.lang.invoke=ALL-UNNAMED, --add-opens=java.prefs/java.util.prefs=ALL-UNNAMED, --add-opens=java.base/java.nio.charset=ALL-UNNAMED, --add-opens=java.base/java.net=ALL-UNNAMED, --add-opens=java.base/java.util.concurrent.atomic=ALL-UNNAMED, -Xmx4g, -Dfile.encoding=UTF-8, -Duser.country=IN, -Duser.language=en, -Duser.variant]
2026-09-30T10:47:09.190+0530 [DEBUG] [org.gradle.internal.nativeintegration.services.NativeServices] Native-platform posix files integration is not available. Continuing with fallback.
2026-09-30T10:47:09.226+0530 [INFO] [org.gradle.launcher.daemon.server.Daemon] start() called on daemon - DefaultDaemonContext[uid=fd82ef79-9507-4a8a-b959-cbf625482adf,javaHome=C:\Program Files\Java\jdk-18.0.2.1,daemonRegistryDir=D:\GRAPHINOVAS\AI Studio\GRAPHYNOVUS II SUDORA\sudoku-organizer\gradle\daemon,pid=16860,idleTimeout=10800000,priority=NORMAL,applyInstrumentationAgent=true,daemonOpts=--add-opens=java.base/java.util=ALL-UNNAMED,--add-opens=java.base/java.lang=ALL-UNNAMED,--add-opens=java.base/java.lang.invoke=ALL-UNNAMED,--add-opens=java.prefs/java.util.prefs=ALL-UNNAMED,--add-opens=java.base/java.nio.charset=ALL-UNNAMED,--add-opens=java.base/java.net=ALL-UNNAMED,--add-opens=java.base/java.util.concurrent.atomic=ALL-UNNAMED,-Xmx4g,-Dfile.encoding=UTF-8,-Duser.country=IN,-Duser.language=en,-Duser.variant]
2026-09-30T10:47:09.482+0530 [DEBUG] [org.gradle.internal.remote.internal.inet.InetAddresses] Adding IP addresses for network interface Software Loopback Interface 1
2026-09-30T10:47:09.489+0530 [DEBUG] [org.gradle.internal.remote.internal.inet.InetAddresses] Is this a loopback interface? true
2026-09-30T10:47:09.489+0530 [DEBUG] [org.gradle.internal.remote.internal.inet.InetAddresses] Adding loopback address /127.0.0.1
2026-09-30T10:47:09.490+0530 [DEBUG] [org.gradle.internal.remote.internal.inet.InetAddresses] Adding loopback address /0:0:0:0:0:0:0:1
2026-09-30T10:47:09.490+0530 [DEBUG] [org.gradle.internal.remote.internal.inet.InetAddresses] Adding IP addresses for network interface WAN Miniport (IKEv2)
2026-09-30T10:47:09.493+0530 [DEBUG] [org.gradle.internal.remote.internal.inet.InetAddresses] Is this a loopback interface? false
2026-09-30T10:47:09.493+0530 [DEBUG] [org.gradle.internal.remote.internal.inet.InetAddresses] Adding IP addresses for network interface Microsoft 6to4 Adapter
2026-09-30T10:47:09.496+0530 [DEBUG] [org.gradle.internal.remote.internal.inet.InetAddresses] Is this a loopback interface? false
2026-09-30T10:47:09.498+0530 [DEBUG] [org.gradle.internal.remote.internal.inet.InetAddresses] Adding IP addresses for network interface Realtek PCIe GbE Family Controller
2026-09-30T10:47:09.504+0530 [DEBUG] [org.gradle.internal.remote.internal.inet.InetAddresses] Is this a loopback interface? false
2026-09-30T10:47:09.505+0530 [DEBUG] [org.gradle.internal.remote.internal.inet.InetAddresses] Adding remote address /192.168.2.6
2026-09-30T10:47:09.508+0530 [DEBUG] [org.gradle.internal.remote.internal.inet.InetAddresses] Adding IP addresses for network interface PdaNet Broadband Adapter
2026-09-30T10:47:09.512+0530 [DEBUG] [org.gradle.internal.remote.internal.inet.InetAddresses] Is this a loopback interface? false
2026-09-30T10:47:09.512+0530 [DEBUG] [org.gradle.internal.remote.internal.inet.InetAddresses] Adding remote address /fe80:0:0:0:7d15:6122:12e4:280a%eth1
2026-09-30T10:47:09.513+0530 [DEBUG] [org.gradle.internal.remote.internal.inet.InetAddresses] Adding IP addresses for network interface Microsoft IP-HTTPS Platform Adapter
2026-09-30T10:47:09.515+0530 [DEBUG] [org.gradle.internal.remote.internal.inet.InetAddresses] Is this a loopback interface? false
2026-09-30T10:47:09.515+0530 [DEBUG] [org.gradle.internal.remote.internal.inet.InetAddresses] Adding IP addresses for network interface VirtualBox Host-Only Ethernet Adapter
2026-09-30T10:47:09.526+0530 [DEBUG] [org.gradle.internal.remote.internal.inet.InetAddresses] Is this a loopback interface? false
2026-09-30T10:47:09.528+0530 [DEBUG] [org.gradle.internal.remote.internal.inet.InetAddresses] Adding remote address /192.168.56.1
2026-09-30T10:47:09.529+0530 [DEBUG] [org.gradle.internal.remote.internal.inet.InetAddresses] Adding remote address /fe80:0:0:0:42f7:5e77:222e:a185%eth2
2026-09-30T10:47:09.530+0530 [DEBUG] [org.gradle.internal.remote.internal.inet.InetAddresses] Adding IP addresses for network interface WAN Miniport (Network Monitor)
2026-09-30T10:47:09.540+0530 [DEBUG] [org.gradle.internal.remote.internal.inet.InetAddresses] Is this a loopback interface? false
2026-09-30T10:47:09.540+0530 [DEBUG] [org.gradle.internal.remote.internal.inet.InetAddresses] Adding IP addresses for network interface Hyper-V Virtual Switch Extension Adapter
2026-09-30T10:47:09.544+0530 [DEBUG] [org.gradle.internal.remote.internal.inet.InetAddresses] Is this a loopback interface? false
2026-09-30T10:47:09.544+0530 [DEBUG] [org.gradle.internal.remote.internal.inet.InetAddresses] Adding IP addresses for network interface Microsoft Kernel Debug Network Adapter
2026-09-30T10:47:09.547+0530 [DEBUG] [org.gradle.internal.remote.internal.inet.InetAddresses] Is this a loopback interface? false
2026-09-30T10:47:09.547+0530 [DEBUG] [org.gradle.internal.remote.internal.inet.InetAddresses] Adding IP addresses for network interface WAN Miniport (IPv6)
2026-09-30T10:47:09.554+0530 [DEBUG] [org.gradle.internal.remote.internal.inet.InetAddresses] Is this a loopback interface? false
2026-09-30T10:47:09.555+0530 [DEBUG] [org.gradle.internal.remote.internal.inet.InetAddresses] Adding IP addresses for network interface WAN Miniport (IP)
2026-09-30T10:47:09.558+0530 [DEBUG] [org.gradle.internal.remote.internal.inet.InetAddresses] Is this a loopback interface? false
2026-09-30T10:47:09.559+0530 [DEBUG] [org.gradle.internal.remote.internal.inet.InetAddresses] Adding IP addresses for network interface WAN Miniport (PPPOE)
2026-09-30T10:47:09.561+0530 [DEBUG] [org.gradle.internal.remote.internal.inet.InetAddresses] Is this a loopback interface? false
2026-09-30T10:47:09.561+0530 [DEBUG] [org.gradle.internal.remote.internal.inet.InetAddresses] Adding IP addresses for network interface WAN Miniport (L2TP)
2026-09-30T10:47:09.568+0530 [DEBUG] [org.gradle.internal.remote.internal.inet.InetAddresses] Is this a loopback interface? false
2026-09-30T10:47:09.569+0530 [DEBUG] [org.gradle.internal.remote.internal.inet.InetAddresses] Adding IP addresses for network interface WAN Miniport (SSTP)
2026-09-30T10:47:09.581+0530 [DEBUG] [org.gradle.internal.remote.internal.inet.InetAddresses] Is this a loopback interface? false
2026-09-30T10:47:09.581+0530 [DEBUG] [org.gradle.internal.remote.internal.inet.InetAddresses] Adding IP addresses for network interface Hyper-V Virtual Switch Extension Adapter-Hyper-V Virtual Switch Extension Filter-0000
2026-09-30T10:47:09.593+0530 [DEBUG] [org.gradle.internal.remote.internal.inet.InetAddresses] Is this a loopback interface? false
2026-09-30T10:47:09.594+0530 [DEBUG] [org.gradle.internal.remote.internal.inet.InetAddresses] Adding IP addresses for network interface Microsoft Teredo Tunneling Adapter
2026-09-30T10:47:09.599+0530 [DEBUG] [org.gradle.internal.remote.internal.inet.InetAddresses] Is this a loopback interface? false
2026-09-30T10:47:09.599+0530 [DEBUG] [org.gradle.internal.remote.internal.inet.InetAddresses] Adding IP addresses for network interface Remote NDIS based Internet Sharing Device #2
2026-09-30T10:47:09.602+0530 [DEBUG] [org.gradle.internal.remote.internal.inet.InetAddresses] Is this a loopback interface? false
2026-09-30T10:47:09.603+0530 [DEBUG] [org.gradle.internal.remote.internal.inet.InetAddresses] Adding IP addresses for network interface VirtualBox Host-Only Ethernet Adapter
2026-09-30T10:47:09.605+0530 [DEBUG] [org.gradle.internal.remote.internal.inet.InetAddresses] Is this a loopback interface? false
2026-09-30T10:47:09.605+0530 [DEBUG] [org.gradle.internal.remote.internal.inet.InetAddresses] Adding IP addresses for network interface WAN Miniport (PPTP)
2026-09-30T10:47:09.614+0530 [DEBUG] [org.gradle.internal.remote.internal.inet.InetAddresses] Is this a loopback interface? false
2026-09-30T10:47:09.614+0530 [DEBUG] [org.gradle.internal.remote.internal.inet.InetAddresses] Adding IP addresses for network interface VirtualBox Host-Only Ethernet Adapter-WFP Native MAC Layer LightWeight Filter-0000
2026-09-30T10:47:09.618+0530 [DEBUG] [org.gradle.internal.remote.internal.inet.InetAddresses] Is this a loopback interface? false
2026-09-30T10:47:09.619+0530 [DEBUG] [org.gradle.internal.remote.internal.inet.InetAddresses] Adding IP addresses for network interface VirtualBox Host-Only Ethernet Adapter-QoS Packet Scheduler-0000
2026-09-30T10:47:09.624+0530 [DEBUG] [org.gradle.internal.remote.internal.inet.InetAddresses] Is this a loopback interface? false
2026-09-30T10:47:09.624+0530 [DEBUG] [org.gradle.internal.remote.internal.inet.InetAddresses] Adding IP addresses for network interface VirtualBox Host-Only Ethernet Adapter-WFP 802.3 MAC Layer LightWeight Filter-0000
2026-09-30T10:47:09.626+0530 [DEBUG] [org.gradle.internal.remote.internal.inet.InetAddresses] Is this a loopback interface? false
2026-09-30T10:47:09.626+0530 [DEBUG] [org.gradle.internal.remote.internal.inet.InetAddresses] Adding IP addresses for network interface PdaNet Broadband Adapter-WFP Native MAC Layer LightWeight Filter-0000
2026-09-30T10:47:09.629+0530 [DEBUG] [org.gradle.internal.remote.internal.inet.InetAddresses] Is this a loopback interface? false
2026-09-30T10:47:09.629+0530 [DEBUG] [org.gradle.internal.remote.internal.inet.InetAddresses] Adding IP addresses for network interface PdaNet Broadband Adapter-VirtualBox NDIS Light-Weight Filter-0000
2026-09-30T10:47:09.631+0530 [DEBUG] [org.gradle.internal.remote.internal.inet.InetAddresses] Is this a loopback interface? false
2026-09-30T10:47:09.631+0530 [DEBUG] [org.gradle.internal.remote.internal.inet.InetAddresses] Adding IP addresses for network interface PdaNet Broadband Adapter-QoS Packet Scheduler-0000
2026-09-30T10:47:09.640+0530 [DEBUG] [org.gradle.internal.remote.internal.inet.InetAddresses] Is this a loopback interface? false
2026-09-30T10:47:09.640+0530 [DEBUG] [org.gradle.internal.remote.internal.inet.InetAddresses] Adding IP addresses for network interface PdaNet Broadband Adapter-WFP 802.3 MAC Layer LightWeight Filter-0000
2026-09-30T10:47:09.646+0530 [DEBUG] [org.gradle.internal.remote.internal.inet.InetAddresses] Is this a loopback interface? false
2026-09-30T10:47:09.647+0530 [DEBUG] [org.gradle.internal.remote.internal.inet.InetAddresses] Adding IP addresses for network interface WAN Miniport (IP)-WFP Native MAC Layer LightWeight Filter-0000
2026-09-30T10:47:09.654+0530 [DEBUG] [org.gradle.internal.remote.internal.inet.InetAddresses] Is this a loopback interface? false
2026-09-30T10:47:09.655+0530 [DEBUG] [org.gradle.internal.remote.internal.inet.InetAddresses] Adding IP addresses for network interface Realtek PCIe GbE Family Controller-WFP Native MAC Layer LightWeight Filter-0000
2026-09-30T10:47:09.661+0530 [DEBUG] [org.gradle.internal.remote.internal.inet.InetAddresses] Is this a loopback interface? false
2026-09-30T10:47:09.662+0530 [DEBUG] [org.gradle.internal.remote.internal.inet.InetAddresses] Adding IP addresses for network interface Realtek PCIe GbE Family Controller-VirtualBox NDIS Light-Weight Filter-0000
2026-09-30T10:47:09.668+0530 [DEBUG] [org.gradle.internal.remote.internal.inet.InetAddresses] Is this a loopback interface? false
2026-09-30T10:47:09.668+0530 [DEBUG] [org.gradle.internal.remote.internal.inet.InetAddresses] Adding IP addresses for network interface Realtek PCIe GbE Family Controller-QoS Packet Scheduler-0000
2026-09-30T10:47:09.671+0530 [DEBUG] [org.gradle.internal.remote.internal.inet.InetAddresses] Is this a loopback interface? false
2026-09-30T10:47:09.671+0530 [DEBUG] [org.gradle.internal.remote.internal.inet.InetAddresses] Adding IP addresses for network interface Realtek PCIe GbE Family Controller-WFP 802.3 MAC Layer LightWeight Filter-0000
2026-09-30T10:47:09.673+0530 [DEBUG] [org.gradle.internal.remote.internal.inet.InetAddresses] Is this a loopback interface? false
2026-09-30T10:47:09.673+0530 [DEBUG] [org.gradle.internal.remote.internal.inet.InetAddresses] Adding IP addresses for network interface WAN Miniport (IP)-QoS Packet Scheduler-0000
2026-09-30T10:47:09.675+0530 [DEBUG] [org.gradle.internal.remote.internal.inet.InetAddresses] Is this a loopback interface? false
2026-09-30T10:47:09.676+0530 [DEBUG] [org.gradle.internal.remote.internal.inet.InetAddresses] Adding IP addresses for network interface WAN Miniport (IPv6)-WFP Native MAC Layer LightWeight Filter-0000
2026-09-30T10:47:09.680+0530 [DEBUG] [org.gradle.internal.remote.internal.inet.InetAddresses] Is this a loopback interface? false
2026-09-30T10:47:09.681+0530 [DEBUG] [org.gradle.internal.remote.internal.inet.InetAddresses] Adding IP addresses for network interface WAN Miniport (IPv6)-QoS Packet Scheduler-0000
2026-09-30T10:47:09.684+0530 [DEBUG] [org.gradle.internal.remote.internal.inet.InetAddresses] Is this a loopback interface? false
2026-09-30T10:47:09.685+0530 [DEBUG] [org.gradle.internal.remote.internal.inet.InetAddresses] Adding IP addresses for network interface WAN Miniport (Network Monitor)-WFP Native MAC Layer LightWeight Filter-0000
2026-09-30T10:47:09.689+0530 [DEBUG] [org.gradle.internal.remote.internal.inet.InetAddresses] Is this a loopback interface? false
2026-09-30T10:47:09.690+0530 [DEBUG] [org.gradle.internal.remote.internal.inet.InetAddresses] Adding IP addresses for network interface WAN Miniport (Network Monitor)-QoS Packet Scheduler-0000
2026-09-30T10:47:09.692+0530 [DEBUG] [org.gradle.internal.remote.internal.inet.InetAddresses] Is this a loopback interface? false
2026-09-30T10:47:09.692+0530 [DEBUG] [org.gradle.internal.remote.internal.inet.InetAddresses] Adding IP addresses for network interface Hyper-V Virtual Ethernet Adapter
2026-09-30T10:47:09.695+0530 [DEBUG] [org.gradle.internal.remote.internal.inet.InetAddresses] Is this a loopback interface? false
2026-09-30T10:47:09.695+0530 [DEBUG] [org.gradle.internal.remote.internal.inet.InetAddresses] Adding remote address /172.21.240.1
2026-09-30T10:47:09.695+0530 [DEBUG] [org.gradle.internal.remote.internal.inet.InetAddresses] Adding remote address /fe80:0:0:0:dd8d:e0ea:508f:b9c4%eth28
2026-09-30T10:47:09.695+0530 [DEBUG] [org.gradle.internal.remote.internal.inet.InetAddresses] Adding IP addresses for network interface Hyper-V Virtual Ethernet Adapter-WFP Native MAC Layer LightWeight Filter-0000
2026-09-30T10:47:09.697+0530 [DEBUG] [org.gradle.internal.remote.internal.inet.InetAddresses] Is this a loopback interface? false
2026-09-30T10:47:09.697+0530 [DEBUG] [org.gradle.internal.remote.internal.inet.InetAddresses] Adding IP addresses for network interface Hyper-V Virtual Ethernet Adapter-VirtualBox NDIS Light-Weight Filter-0000
2026-09-30T10:47:09.714+0530 [DEBUG] [org.gradle.internal.remote.internal.inet.InetAddresses] Is this a loopback interface? false
2026-09-30T10:47:09.715+0530 [DEBUG] [org.gradle.internal.remote.internal.inet.InetAddresses] Adding IP addresses for network interface Hyper-V Virtual Ethernet Adapter-QoS Packet Scheduler-0000
2026-09-30T10:47:09.727+0530 [DEBUG] [org.gradle.internal.remote.internal.inet.InetAddresses] Is this a loopback interface? false
2026-09-30T10:47:09.728+0530 [DEBUG] [org.gradle.internal.remote.internal.inet.InetAddresses] Adding IP addresses for network interface Hyper-V Virtual Ethernet Adapter-WFP 802.3 MAC Layer LightWeight Filter-0000
2026-09-30T10:47:09.731+0530 [DEBUG] [org.gradle.internal.remote.internal.inet.InetAddresses] Is this a loopback interface? false
2026-09-30T10:47:09.740+0530 [DEBUG] [org.gradle.internal.remote.internal.inet.TcpIncomingConnector] Listening on [bd6b4a7c-c501-4f7b-ad6e-79287e214da3 port:62610, addresses:[localhost/127.0.0.1]].
2026-09-30T10:47:09.809+0530 [DEBUG] [org.gradle.launcher.daemon.server.Daemon] Daemon starting at: Wed Sep 30 10:47:09 IST 2026, with address: [bd6b4a7c-c501-4f7b-ad6e-79287e214da3 port:62610, addresses:[localhost/127.0.0.1]]
2026-09-30T10:47:09.809+0530 [INFO] [org.gradle.launcher.daemon.server.DaemonRegistryUpdater] Advertising the daemon address to the clients: [bd6b4a7c-c501-4f7b-ad6e-79287e214da3 port:62610, addresses:[localhost/127.0.0.1]]
2026-09-30T10:47:09.810+0530 [DEBUG] [org.gradle.launcher.daemon.server.DaemonRegistryUpdater] Advertised daemon context: DefaultDaemonContext[uid=fd82ef79-9507-4a8a-b959-cbf625482adf,javaHome=C:\Program Files\Java\jdk-18.0.2.1,daemonRegistryDir=D:\GRAPHINOVAS\AI Studio\GRAPHYNOVUS II SUDORA\sudoku-organizer\gradle\daemon,pid=16860,idleTimeout=10800000,priority=NORMAL,applyInstrumentationAgent=true,daemonOpts=--add-opens=java.base/java.util=ALL-UNNAMED,--add-opens=java.base/java.lang=ALL-UNNAMED,--add-opens=java.base/java.lang.invoke=ALL-UNNAMED,--add-opens=java.prefs/java.util.prefs=ALL-UNNAMED,--add-opens=java.base/java.nio.charset=ALL-UNNAMED,--add-opens=java.base/java.net=ALL-UNNAMED,--add-opens=java.base/java.util.concurrent.atomic=ALL-UNNAMED,-Xmx4g,-Dfile.encoding=UTF-8,-Duser.country=IN,-Duser.language=en,-Duser.variant]
2026-09-30T10:47:09.811+0530 [DEBUG] [org.gradle.launcher.daemon.registry.PersistentDaemonRegistry] Storing daemon address: [bd6b4a7c-c501-4f7b-ad6e-79287e214da3 port:62610, addresses:[localhost/127.0.0.1]], context: DefaultDaemonContext[uid=fd82ef79-9507-4a8a-b959-cbf625482adf,javaHome=C:\Program Files\Java\jdk-18.0.2.1,daemonRegistryDir=D:\GRAPHINOVAS\AI Studio\GRAPHYNOVUS II SUDORA\sudoku-organizer\gradle\daemon,pid=16860,idleTimeout=10800000,priority=NORMAL,applyInstrumentationAgent=true,daemonOpts=--add-opens=java.base/java.util=ALL-UNNAMED,--add-opens=java.base/java.lang=ALL-UNNAMED,--add-opens=java.base/java.lang.invoke=ALL-UNNAMED,--add-opens=java.prefs/java.util.prefs=ALL-UNNAMED,--add-opens=java.base/java.nio.charset=ALL-UNNAMED,--add-opens=java.base/java.net=ALL-UNNAMED,--add-opens=java.base/java.util.concurrent.atomic=ALL-UNNAMED,-Xmx4g,-Dfile.encoding=UTF-8,-Duser.country=IN,-Duser.language=en,-Duser.variant]
2026-09-30T10:47:09.831+0530 [DEBUG] [org.gradle.cache.internal.DefaultFileLockManager] Waiting to acquire exclusive lock on daemon addresses registry.
2026-09-30T10:47:09.841+0530 [DEBUG] [org.gradle.cache.internal.DefaultFileLockManager] Lock acquired on daemon addresses registry.
2026-09-30T10:47:09.851+0530 [DEBUG] [org.gradle.cache.internal.DefaultFileLockManager] Releasing lock on daemon addresses registry.
2026-09-30T10:47:09.852+0530 [LIFECYCLE] [org.gradle.launcher.daemon.server.Daemon] Daemon server started.
2026-09-30T10:47:09.857+0530 [DEBUG] [org.gradle.launcher.daemon.bootstrap.DaemonStartupCommunication] Completed writing the daemon greeting. Closing streams...
2026-09-30T10:47:09.871+0530 [DEBUG] [org.gradle.internal.remote.internal.inet.TcpIncomingConnector] Accepted connection from /127.0.0.1:62611 to /127.0.0.1:62610.
2026-09-30T10:47:09.951+0530 [DEBUG] [org.gradle.launcher.daemon.server.Daemon] stopOnExpiration() called on daemon
2026-09-30T10:47:09.957+0530 [DEBUG] [org.gradle.launcher.daemon.server.Daemon] awaitExpiration() called on daemon
2026-09-30T10:47:09.980+0530 [DEBUG] [org.gradle.launcher.daemon.server.DaemonStateCoordinator] daemon is running. Sleeping until state changes.
2026-09-30T10:47:10.206+0530 [DEBUG] [org.gradle.launcher.daemon.server.SynchronizedDispatchConnection] thread 21: received class org.gradle.launcher.daemon.protocol.Build
2026-09-30T10:47:10.206+0530 [DEBUG] [org.gradle.launcher.daemon.server.DefaultDaemonConnection] thread 21: Received non-IO message from client: Build{id=2369d091-87e3-41c6-b621-0040253ccc8f, currentDir=D:\GRAPHINOVAS\AI Studio\GRAPHYNOVUS II SUDORA\sudoku-organizer}
2026-09-30T10:47:10.207+0530 [INFO] [org.gradle.launcher.daemon.server.DefaultIncomingConnectionHandler] Received command: Build{id=2369d091-87e3-41c6-b621-0040253ccc8f, currentDir=D:\GRAPHINOVAS\AI Studio\GRAPHYNOVUS II SUDORA\sudoku-organizer}.
2026-09-30T10:47:10.208+0530 [DEBUG] [org.gradle.launcher.daemon.server.DefaultIncomingConnectionHandler] Starting executing command: Build{id=2369d091-87e3-41c6-b621-0040253ccc8f, currentDir=D:\GRAPHINOVAS\AI Studio\GRAPHYNOVUS II SUDORA\sudoku-organizer} with connection: socket connection from /127.0.0.1:62610 to /127.0.0.1:62611.
2026-09-30T10:47:10.210+0530 [DEBUG] [org.gradle.launcher.daemon.server.DaemonStateCoordinator] Command execution: started DaemonCommandExecution[command = Build{id=2369d091-87e3-41c6-b621-0040253ccc8f, currentDir=D:\GRAPHINOVAS\AI Studio\GRAPHYNOVUS II SUDORA\sudoku-organizer}, connection = DefaultDaemonConnection: socket connection from /127.0.0.1:62610 to /127.0.0.1:62611] after 0.0 minutes of idle
2026-09-30T10:47:10.210+0530 [INFO] [org.gradle.launcher.daemon.server.DaemonRegistryUpdater] Marking the daemon as busy, address: [bd6b4a7c-c501-4f7b-ad6e-79287e214da3 port:62610, addresses:[localhost/127.0.0.1]]
2026-09-30T10:47:10.210+0530 [DEBUG] [org.gradle.launcher.daemon.registry.PersistentDaemonRegistry] Marking busy by address: [bd6b4a7c-c501-4f7b-ad6e-79287e214da3 port:62610, addresses:[localhost/127.0.0.1]]
2026-09-30T10:47:10.212+0530 [DEBUG] [org.gradle.cache.internal.DefaultFileLockManager] Waiting to acquire exclusive lock on daemon addresses registry.
2026-09-30T10:47:10.213+0530 [DEBUG] [org.gradle.cache.internal.DefaultFileLockManager] Lock acquired on daemon addresses registry.
2026-09-30T10:47:10.214+0530 [DEBUG] [org.gradle.cache.internal.DefaultFileLockManager] Releasing lock on daemon addresses registry.
2026-09-30T10:47:10.214+0530 [DEBUG] [org.gradle.launcher.daemon.server.DaemonStateCoordinator] resetting idle timer
2026-09-30T10:47:10.215+0530 [DEBUG] [org.gradle.launcher.daemon.server.DaemonStateCoordinator] daemon is running. Sleeping until state changes.
2026-09-30T10:47:10.216+0530 [INFO] [org.gradle.launcher.daemon.server.exec.StartBuildOrRespondWithBusy] Daemon is about to start building Build{id=2369d091-87e3-41c6-b621-0040253ccc8f, currentDir=D:\GRAPHINOVAS\AI Studio\GRAPHYNOVUS II SUDORA\sudoku-organizer}. Dispatching build started information...
2026-09-30T10:47:10.216+0530 [DEBUG] [org.gradle.launcher.daemon.server.SynchronizedDispatchConnection] thread 23: dispatching org.gradle.launcher.daemon.protocol.BuildStarted@16de5bfb
2026-09-30T10:47:10.223+0530 [DEBUG] [org.gradle.launcher.daemon.server.exec.EstablishBuildEnvironment] Configuring env variables: [USERDOMAIN_ROAMINGPROFILE, PROCESSOR_LEVEL, SESSIONNAME, ALLUSERSPROFILE, INTEL_DEV_REDIST, PROCESSOR_ARCHITECTURE, MIC_LD_LIBRARY_PATH, ANDROID_HOME, PSModulePath, SystemDrive, USERNAME, ProgramFiles(x86), FPS_BROWSER_USER_PROFILE_STRING, PATHEXT, DriverData, ProgramData, ProgramW6432, HOMEPATH, PROCESSOR_IDENTIFIER, GRALDLE_HOME, ProgramFiles, PUBLIC, windir, GlobalVariableMeritTracSecureDesktop, =::, OPENSSL_CONF, LOCALAPPDATA, ChocolateyLastPathUpdate, USERDOMAIN, LOGONSERVER, WIX, FPS_BROWSER_APP_PROFILE_STRING, JAVA_HOME, OneDrive, APPDATA, ChocolateyInstall, VBOX_MSI_INSTALL_PATH, CommonProgramFiles, Path, OS, COMPUTERNAME, PROCESSOR_REVISION, CommonProgramW6432, ComSpec, TEMP, SystemRoot, HOMEDRIVE, USERPROFILE, TMP, CommonProgramFiles(x86), NUMBER_OF_PROCESSORS, IDEA_INITIAL_DIRECTORY]
2026-09-30T10:47:10.263+0530 [DEBUG] [org.gradle.launcher.daemon.server.exec.LogToClient] About to start relaying all logs to the client via the connection.
2026-09-30T10:47:10.264+0530 [INFO] [org.gradle.launcher.daemon.server.exec.LogToClient] The client will now receive all logging from the daemon (pid: 16860). The daemon log file: D:\GRAPHINOVAS\AI Studio\GRAPHYNOVUS II SUDORA\sudoku-organizer\gradle\daemon\8.2\daemon-16860.out.log
2026-09-30T10:47:10.269+0530 [INFO] [org.gradle.launcher.daemon.server.exec.LogAndCheckHealth] Starting build in new daemon [memory: 4 GiB]
2026-09-30T10:47:10.276+0530 [DEBUG] [org.gradle.launcher.daemon.server.exec.ExecuteBuild] The daemon has started executing the build.
2026-09-30T10:47:10.278+0530 [DEBUG] [org.gradle.launcher.daemon.server.exec.ExecuteBuild] Executing build with daemon context: DefaultDaemonContext[uid=fd82ef79-9507-4a8a-b959-cbf625482adf,javaHome=C:\Program Files\Java\jdk-18.0.2.1,daemonRegistryDir=D:\GRAPHINOVAS\AI Studio\GRAPHYNOVUS II SUDORA\sudoku-organizer\gradle\daemon,pid=16860,idleTimeout=10800000,priority=NORMAL,applyInstrumentationAgent=true,daemonOpts=--add-opens=java.base/java.util=ALL-UNNAMED,--add-opens=java.base/java.lang=ALL-UNNAMED,--add-opens=java.base/java.lang.invoke=ALL-UNNAMED,--add-opens=java.prefs/java.util.prefs=ALL-UNNAMED,--add-opens=java.base/java.nio.charset=ALL-UNNAMED,--add-opens=java.base/java.net=ALL-UNNAMED,--add-opens=java.base/java.util.concurrent.atomic=ALL-UNNAMED,-Xmx4g,-Dfile.encoding=UTF-8,-Duser.country=IN,-Duser.language=en,-Duser.variant]

Deprecated Gradle features were used in this build, making it incompatible with Gradle 9.0.

You can use '--warning-mode all' to show the individual deprecation warnings and determine if they come from your own scripts or plugins.

For more on this, please refer to https://docs.gradle.org/8.2/userguide/command_line_interface.html#sec:command_line_warnings in the Gradle documentation.

BUILD SUCCESSFUL in 48s
2026-09-30T10:47:42.209+0530 [DEBUG] [org.gradle.launcher.daemon.server.exec.ExecuteBuild] The daemon has finished executing the build.
2026-09-30T10:47:42.227+0530 [DEBUG] [org.gradle.launcher.daemon.server.DaemonStateCoordinator] daemon is running. Sleeping until state changes.
2026-09-30T10:47:42.227+0530 [DEBUG] [org.gradle.launcher.daemon.server.DaemonStateCoordinator] Command execution: finished waiting for DaemonCommandExecution[command = Build{id=2369d091-87e3-41c6-b621-0040253ccc8f, currentDir=D:\GRAPHINOVAS\AI Studio\GRAPHYNOVUS II SUDORA\sudoku-organizer}, connection = DefaultDaemonConnection: socket connection from /127.0.0.1:62610 to /127.0.0.1:62611]. Result org.gradle.launcher.daemon.server.DaemonStateCoordinator@3899ed8f with state Busy
2026-09-30T10:47:42.227+0530 [DEBUG] [org.gradle.launcher.daemon.server.DaemonStateCoordinator] Command execution: completed DaemonCommandExecution[command = Build{id=2369d091-87e3-41c6-b621-0040253ccc8f, currentDir=D:\GRAPHINOVAS\AI Studio\GRAPHYNOVUS II SUDORA\sudoku-organizer}, connection = DefaultDaemonConnection: socket connection from /127.0.0.1:62610 to /127.0.0.1:62611]
2026-09-30T10:47:42.228+0530 [DEBUG] [org.gradle.launcher.daemon.server.DaemonStateCoordinator] resetting idle timer
2026-09-30T10:47:42.228+0530 [INFO] [org.gradle.launcher.daemon.server.DaemonRegistryUpdater] Marking the daemon as idle, address: [bd6b4a7c-c501-4f7b-ad6e-79287e214da3 port:62610, addresses:[localhost/127.0.0.1]]
2026-09-30T10:47:42.228+0530 [DEBUG] [org.gradle.launcher.daemon.registry.PersistentDaemonRegistry] Marking busy by address: [bd6b4a7c-c501-4f7b-ad6e-79287e214da3 port:62610, addresses:[localhost/127.0.0.1]]
2026-09-30T10:47:42.229+0530 [DEBUG] [org.gradle.cache.internal.DefaultFileLockManager] Waiting to acquire exclusive lock on daemon addresses registry.
2026-09-30T10:47:42.229+0530 [DEBUG] [org.gradle.cache.internal.DefaultFileLockManager] Lock acquired on daemon addresses registry.
2026-09-30T10:47:42.230+0530 [DEBUG] [org.gradle.cache.internal.DefaultFileLockManager] Releasing lock on daemon addresses registry.
2026-09-30T10:47:42.231+0530 [DEBUG] [org.gradle.launcher.daemon.server.DaemonStateCoordinator] daemon is running. Sleeping until state changes.
2026-09-30T10:47:42.231+0530 [DEBUG] [org.gradle.launcher.daemon.server.exec.ReturnResult] Daemon is dispatching the build result: Success[value=org.gradle.launcher.exec.BuildActionResult@79be8a5e]
2026-09-30T10:47:42.231+0530 [DEBUG] [org.gradle.launcher.daemon.server.SynchronizedDispatchConnection] thread 19: dispatching Success[value=org.gradle.launcher.exec.BuildActionResult@79be8a5e]
2026-09-30T10:47:42.232+0530 [DEBUG] [org.gradle.launcher.daemon.server.DefaultIncomingConnectionHandler] Finishing executing command: Build{id=2369d091-87e3-41c6-b621-0040253ccc8f, currentDir=D:\GRAPHINOVAS\AI Studio\GRAPHYNOVUS II SUDORA\sudoku-organizer}
2026-09-30T10:47:42.233+0530 [DEBUG] [org.gradle.launcher.daemon.server.SynchronizedDispatchConnection] thread 21: received class org.gradle.launcher.daemon.protocol.Finished
2026-09-30T10:47:42.234+0530 [DEBUG] [org.gradle.launcher.daemon.server.DefaultDaemonConnection] thread 21: Received non-IO message from client: org.gradle.launcher.daemon.protocol.Finished@74d5f976
2026-09-30T10:47:42.234+0530 [DEBUG] [org.gradle.internal.remote.internal.inet.SocketConnection] Discarding EOFException: java.io.EOFException
2026-09-30T10:47:42.235+0530 [DEBUG] [org.gradle.launcher.daemon.server.SynchronizedDispatchConnection] thread 21: received null
2026-09-30T10:47:42.235+0530 [DEBUG] [org.gradle.launcher.daemon.server.DefaultDaemonConnection] thread 21: Received end-of-input from client.
2026-09-30T10:47:42.235+0530 [DEBUG] [org.gradle.launcher.daemon.server.DefaultIncomingConnectionHandler] Received finished message: null
2026-09-30T10:47:42.236+0530 [DEBUG] [org.gradle.launcher.daemon.server.SynchronizedDispatchConnection] thread 19: stopping connection
2026-09-30T10:47:42.237+0530 [DEBUG] [org.gradle.launcher.daemon.server.SynchronizedDispatchConnection] thread 19: stopping connection
2026-09-30T10:47:49.986+0530 [DEBUG] [org.gradle.cache.internal.DefaultFileLockManager] Waiting to acquire shared lock on daemon addresses registry.
2026-09-30T10:47:49.986+0530 [DEBUG] [org.gradle.cache.internal.DefaultFileLockManager] Lock acquired on daemon addresses registry.
2026-09-30T10:47:49.986+0530 [DEBUG] [org.gradle.cache.internal.DefaultFileLockManager] Releasing lock on daemon addresses registry.
2026-09-30T10:47:49.988+0530 [DEBUG] [org.gradle.cache.internal.DefaultFileLockManager] Waiting to acquire shared lock on daemon addresses registry.
2026-09-30T10:47:49.988+0530 [DEBUG] [org.gradle.cache.internal.DefaultFileLockManager] Lock acquired on daemon addresses registry.
2026-09-30T10:47:49.988+0530 [DEBUG] [org.gradle.cache.internal.DefaultFileLockManager] Releasing lock on daemon addresses registry.
2026-09-30T10:47:56.517+0530 [DEBUG] [org.gradle.internal.remote.internal.inet.TcpIncomingConnector] Accepted connection from /127.0.0.1:62645 to /127.0.0.1:62610.
2026-09-30T10:47:56.606+0530 [DEBUG] [org.gradle.launcher.daemon.server.SynchronizedDispatchConnection] thread 95: received class org.gradle.launcher.daemon.protocol.Build
2026-09-30T10:47:56.607+0530 [DEBUG] [org.gradle.launcher.daemon.server.DefaultDaemonConnection] thread 95: Received non-IO message from client: Build{id=8c39244b-0db8-433c-a7fb-2904907499aa, currentDir=D:\GRAPHINOVAS\AI Studio\GRAPHYNOVUS II SUDORA\sudoku-organizer}
2026-09-30T10:47:56.610+0530 [INFO] [org.gradle.launcher.daemon.server.DefaultIncomingConnectionHandler] Received command: Build{id=8c39244b-0db8-433c-a7fb-2904907499aa, currentDir=D:\GRAPHINOVAS\AI Studio\GRAPHYNOVUS II SUDORA\sudoku-organizer}.
2026-09-30T10:47:56.611+0530 [DEBUG] [org.gradle.launcher.daemon.server.DefaultIncomingConnectionHandler] Starting executing command: Build{id=8c39244b-0db8-433c-a7fb-2904907499aa, currentDir=D:\GRAPHINOVAS\AI Studio\GRAPHYNOVUS II SUDORA\sudoku-organizer} with connection: socket connection from /127.0.0.1:62610 to /127.0.0.1:62645.
2026-09-30T10:47:56.612+0530 [DEBUG] [org.gradle.launcher.daemon.server.DaemonStateCoordinator] Command execution: started DaemonCommandExecution[command = Build{id=8c39244b-0db8-433c-a7fb-2904907499aa, currentDir=D:\GRAPHINOVAS\AI Studio\GRAPHYNOVUS II SUDORA\sudoku-organizer}, connection = DefaultDaemonConnection: socket connection from /127.0.0.1:62610 to /127.0.0.1:62645] after 0.0 minutes of idle
2026-09-30T10:47:56.612+0530 [INFO] [org.gradle.launcher.daemon.server.DaemonRegistryUpdater] Marking the daemon as busy, address: [bd6b4a7c-c501-4f7b-ad6e-79287e214da3 port:62610, addresses:[localhost/127.0.0.1]]
2026-09-30T10:47:56.612+0530 [DEBUG] [org.gradle.launcher.daemon.registry.PersistentDaemonRegistry] Marking busy by address: [bd6b4a7c-c501-4f7b-ad6e-79287e214da3 port:62610, addresses:[localhost/127.0.0.1]]
2026-09-30T10:47:56.614+0530 [DEBUG] [org.gradle.cache.internal.DefaultFileLockManager] Waiting to acquire exclusive lock on daemon addresses registry.
2026-09-30T10:47:56.615+0530 [DEBUG] [org.gradle.cache.internal.DefaultFileLockManager] Lock acquired on daemon addresses registry.
2026-09-30T10:47:56.616+0530 [DEBUG] [org.gradle.cache.internal.DefaultFileLockManager] Releasing lock on daemon addresses registry.
2026-09-30T10:47:56.621+0530 [DEBUG] [org.gradle.launcher.daemon.server.DaemonStateCoordinator] resetting idle timer
2026-09-30T10:47:56.621+0530 [DEBUG] [org.gradle.launcher.daemon.server.DaemonStateCoordinator] daemon is running. Sleeping until state changes.
2026-09-30T10:47:56.621+0530 [INFO] [org.gradle.launcher.daemon.server.exec.StartBuildOrRespondWithBusy] Daemon is about to start building Build{id=8c39244b-0db8-433c-a7fb-2904907499aa, currentDir=D:\GRAPHINOVAS\AI Studio\GRAPHYNOVUS II SUDORA\sudoku-organizer}. Dispatching build started information...
2026-09-30T10:47:56.622+0530 [DEBUG] [org.gradle.launcher.daemon.server.SynchronizedDispatchConnection] thread 23: dispatching org.gradle.launcher.daemon.protocol.BuildStarted@521dbbc0
2026-09-30T10:47:56.622+0530 [DEBUG] [org.gradle.launcher.daemon.server.exec.EstablishBuildEnvironment] Configuring env variables: [USERDOMAIN_ROAMINGPROFILE, PROCESSOR_LEVEL, SESSIONNAME, ALLUSERSPROFILE, INTEL_DEV_REDIST, PROCESSOR_ARCHITECTURE, MIC_LD_LIBRARY_PATH, ANDROID_HOME, PSModulePath, SystemDrive, USERNAME, ProgramFiles(x86), FPS_BROWSER_USER_PROFILE_STRING, PATHEXT, DriverData, ProgramData, ProgramW6432, HOMEPATH, PROCESSOR_IDENTIFIER, GRALDLE_HOME, ProgramFiles, PUBLIC, windir, GlobalVariableMeritTracSecureDesktop, =::, OPENSSL_CONF, LOCALAPPDATA, ChocolateyLastPathUpdate, USERDOMAIN, LOGONSERVER, WIX, FPS_BROWSER_APP_PROFILE_STRING, JAVA_HOME, OneDrive, APPDATA, ChocolateyInstall, VBOX_MSI_INSTALL_PATH, CommonProgramFiles, Path, OS, COMPUTERNAME, PROCESSOR_REVISION, CommonProgramW6432, ComSpec, TEMP, SystemRoot, HOMEDRIVE, USERPROFILE, TMP, CommonProgramFiles(x86), NUMBER_OF_PROCESSORS, IDEA_INITIAL_DIRECTORY]
2026-09-30T10:47:56.628+0530 [DEBUG] [org.gradle.launcher.daemon.server.exec.LogToClient] About to start relaying all logs to the client via the connection.
2026-09-30T10:47:56.629+0530 [INFO] [org.gradle.launcher.daemon.server.exec.LogToClient] The client will now receive all logging from the daemon (pid: 16860). The daemon log file: D:\GRAPHINOVAS\AI Studio\GRAPHYNOVUS II SUDORA\sudoku-organizer\gradle\daemon\8.2\daemon-16860.out.log
2026-09-30T10:47:56.699+0530 [INFO] [org.gradle.launcher.daemon.server.exec.LogAndCheckHealth] Starting 2nd build in daemon [uptime: 47.965 secs, performance: 99%, GC rate: 0.00/s, heap usage: 0% of 4 GiB]
2026-09-30T10:47:56.700+0530 [DEBUG] [org.gradle.launcher.daemon.server.exec.ExecuteBuild] The daemon has started executing the build.
2026-09-30T10:47:56.701+0530 [DEBUG] [org.gradle.launcher.daemon.server.exec.ExecuteBuild] Executing build with daemon context: DefaultDaemonContext[uid=fd82ef79-9507-4a8a-b959-cbf625482adf,javaHome=C:\Program Files\Java\jdk-18.0.2.1,daemonRegistryDir=D:\GRAPHINOVAS\AI Studio\GRAPHYNOVUS II SUDORA\sudoku-organizer\gradle\daemon,pid=16860,idleTimeout=10800000,priority=NORMAL,applyInstrumentationAgent=true,daemonOpts=--add-opens=java.base/java.util=ALL-UNNAMED,--add-opens=java.base/java.lang=ALL-UNNAMED,--add-opens=java.base/java.lang.invoke=ALL-UNNAMED,--add-opens=java.prefs/java.util.prefs=ALL-UNNAMED,--add-opens=java.base/java.nio.charset=ALL-UNNAMED,--add-opens=java.base/java.net=ALL-UNNAMED,--add-opens=java.base/java.util.concurrent.atomic=ALL-UNNAMED,-Xmx4g,-Dfile.encoding=UTF-8,-Duser.country=IN,-Duser.language=en,-Duser.variant]
Reusing configuration cache.

FAILURE: Build failed with an exception.

* What went wrong:
Execution failed for task ':app:kspDebugKotlin'.
> Inconsistent JVM-target compatibility detected for tasks 'compileDebugJavaWithJavac' (11) and 'kspDebugKotlin' (18).
  
  Consider using JVM Toolchain: https://kotl.in/gradle/jvm/toolchain
  Learn more about JVM-target validation: https://kotl.in/gradle/jvm/target-validation 

* Try:
> Run with --info or --debug option to get more log output.
> Run with --scan to get full insights.
> Get more help at https://help.gradle.org.

* Exception is:
org.gradle.api.tasks.TaskExecutionException: Execution failed for task ':app:kspDebugKotlin'.
	at org.gradle.api.internal.tasks.execution.ExecuteActionsTaskExecuter.lambda$executeIfValid$1(ExecuteActionsTaskExecuter.java:149)
	at org.gradle.internal.Try$Failure.ifSuccessfulOrElse(Try.java:282)
	at org.gradle.api.internal.tasks.execution.ExecuteActionsTaskExecuter.executeIfValid(ExecuteActionsTaskExecuter.java:147)
	at org.gradle.api.internal.tasks.execution.ExecuteActionsTaskExecuter.execute(ExecuteActionsTaskExecuter.java:135)
	at org.gradle.api.internal.tasks.execution.FinalizePropertiesTaskExecuter.execute(FinalizePropertiesTaskExecuter.java:46)
	at org.gradle.api.internal.tasks.execution.ResolveTaskExecutionModeExecuter.execute(ResolveTaskExecutionModeExecuter.java:51)
	at org.gradle.api.internal.tasks.execution.SkipTaskWithNoActionsExecuter.execute(SkipTaskWithNoActionsExecuter.java:57)
	at org.gradle.api.internal.tasks.execution.SkipOnlyIfTaskExecuter.execute(SkipOnlyIfTaskExecuter.java:74)
	at org.gradle.api.internal.tasks.execution.CatchExceptionTaskExecuter.execute(CatchExceptionTaskExecuter.java:36)
	at org.gradle.api.internal.tasks.execution.EventFiringTaskExecuter$1.executeTask(EventFiringTaskExecuter.java:77)
	at org.gradle.api.internal.tasks.execution.EventFiringTaskExecuter$1.call(EventFiringTaskExecuter.java:55)
	at org.gradle.api.internal.tasks.execution.EventFiringTaskExecuter$1.call(EventFiringTaskExecuter.java:52)
	at org.gradle.internal.operations.DefaultBuildOperationRunner$CallableBuildOperationWorker.execute(DefaultBuildOperationRunner.java:204)
	at org.gradle.internal.operations.DefaultBuildOperationRunner$CallableBuildOperationWorker.execute(DefaultBuildOperationRunner.java:199)
	at org.gradle.internal.operations.DefaultBuildOperationRunner$2.execute(DefaultBuildOperationRunner.java:66)
	at org.gradle.internal.operations.DefaultBuildOperationRunner$2.execute(DefaultBuildOperationRunner.java:59)
	at org.gradle.internal.operations.DefaultBuildOperationRunner.execute(DefaultBuildOperationRunner.java:157)
	at org.gradle.internal.operations.DefaultBuildOperationRunner.execute(DefaultBuildOperationRunner.java:59)
	at org.gradle.internal.operations.DefaultBuildOperationRunner.call(DefaultBuildOperationRunner.java:53)
	at org.gradle.internal.operations.DefaultBuildOperationExecutor.call(DefaultBuildOperationExecutor.java:73)
	at org.gradle.api.internal.tasks.execution.EventFiringTaskExecuter.execute(EventFiringTaskExecuter.java:52)
	at org.gradle.execution.plan.LocalTaskNodeExecutor.execute(LocalTaskNodeExecutor.java:42)
	at org.gradle.execution.taskgraph.DefaultTaskExecutionGraph$InvokeNodeExecutorsAction.execute(DefaultTaskExecutionGraph.java:337)
	at org.gradle.execution.taskgraph.DefaultTaskExecutionGraph$InvokeNodeExecutorsAction.execute(DefaultTaskExecutionGraph.java:324)
	at org.gradle.execution.taskgraph.DefaultTaskExecutionGraph$BuildOperationAwareExecutionAction.execute(DefaultTaskExecutionGraph.java:317)
	at org.gradle.execution.taskgraph.DefaultTaskExecutionGraph$BuildOperationAwareExecutionAction.execute(DefaultTaskExecutionGraph.java:303)
	at org.gradle.execution.plan.DefaultPlanExecutor$ExecutorWorker.execute(DefaultPlanExecutor.java:463)
	at org.gradle.execution.plan.DefaultPlanExecutor$ExecutorWorker.run(DefaultPlanExecutor.java:380)
	at org.gradle.internal.concurrent.ExecutorPolicy$CatchAndRecordFailures.onExecute(ExecutorPolicy.java:64)
	at org.gradle.internal.concurrent.AbstractManagedExecutor$1.run(AbstractManagedExecutor.java:47)
Caused by: org.gradle.api.InvalidUserCodeException: Inconsistent JVM-target compatibility detected for tasks 'compileDebugJavaWithJavac' (11) and 'kspDebugKotlin' (18).

Consider using JVM Toolchain: https://kotl.in/gradle/jvm/toolchain
Learn more about JVM-target validation: https://kotl.in/gradle/jvm/target-validation 
	at org.jetbrains.kotlin.gradle.plugin.diagnostics.RenderReportedDiagnosticsKt.createAnExceptionForFatalDiagnostic(renderReportedDiagnostics.kt:44)
	at org.jetbrains.kotlin.gradle.plugin.diagnostics.RenderReportedDiagnosticsKt.renderReportedDiagnostic(renderReportedDiagnostics.kt:32)
	at org.jetbrains.kotlin.gradle.plugin.diagnostics.KotlinToolingDiagnosticsCollector.report(KotlinToolingDiagnosticsCollector.kt:41)
	at org.jetbrains.kotlin.gradle.plugin.diagnostics.UsesKotlinToolingDiagnostics$DefaultImpls.reportDiagnostic(UsesKotlinToolingDiagnostics.kt:20)
	at org.jetbrains.kotlin.gradle.tasks.AbstractKotlinCompile.reportDiagnostic(AbstractKotlinCompile.kt:48)
	at org.jetbrains.kotlin.gradle.tasks.KotlinCompile.validateKotlinAndJavaHasSameTargetCompatibility(KotlinCompile.kt:378)
	at org.jetbrains.kotlin.gradle.tasks.KotlinCompile.callCompilerAsync$kotlin_gradle_plugin_common(KotlinCompile.kt:310)
	at com.google.devtools.ksp.gradle.KspTaskJvm.callCompilerAsync$kotlin_gradle_plugin_common(KotlinFactories.kt:227)
	at org.jetbrains.kotlin.gradle.tasks.KotlinCompile.callCompilerAsync$kotlin_gradle_plugin_common(KotlinCompile.kt:56)
	at org.jetbrains.kotlin.gradle.tasks.AbstractKotlinCompile.executeImpl(AbstractKotlinCompile.kt:324)
	at org.jetbrains.kotlin.gradle.tasks.AbstractKotlinCompile.execute(AbstractKotlinCompile.kt:274)
	at java.base/jdk.internal.reflect.DirectMethodHandleAccessor.invoke(DirectMethodHandleAccessor.java:104)
	at org.gradle.internal.reflect.JavaMethod.invoke(JavaMethod.java:125)
	at org.gradle.api.internal.project.taskfactory.IncrementalTaskAction.doExecute(IncrementalTaskAction.java:45)
	at org.gradle.api.internal.project.taskfactory.StandardTaskAction.execute(StandardTaskAction.java:51)
	at org.gradle.api.internal.project.taskfactory.IncrementalTaskAction.execute(IncrementalTaskAction.java:26)
	at org.gradle.api.internal.project.taskfactory.StandardTaskAction.execute(StandardTaskAction.java:29)
	at org.gradle.api.internal.tasks.execution.TaskExecution$3.run(TaskExecution.java:248)
	at org.gradle.internal.operations.DefaultBuildOperationRunner$1.execute(DefaultBuildOperationRunner.java:29)
	at org.gradle.internal.operations.DefaultBuildOperationRunner$1.execute(DefaultBuildOperationRunner.java:26)
	at org.gradle.internal.operations.DefaultBuildOperationRunner$2.execute(DefaultBuildOperationRunner.java:66)
	at org.gradle.internal.operations.DefaultBuildOperationRunner$2.execute(DefaultBuildOperationRunner.java:59)
	at org.gradle.internal.operations.DefaultBuildOperationRunner.execute(DefaultBuildOperationRunner.java:157)
	at org.gradle.internal.operations.DefaultBuildOperationRunner.execute(DefaultBuildOperationRunner.java:59)
	at org.gradle.internal.operations.DefaultBuildOperationRunner.run(DefaultBuildOperationRunner.java:47)
	at org.gradle.internal.operations.DefaultBuildOperationExecutor.run(DefaultBuildOperationExecutor.java:68)
	at org.gradle.api.internal.tasks.execution.TaskExecution.executeAction(TaskExecution.java:233)
	at org.gradle.api.internal.tasks.execution.TaskExecution.executeActions(TaskExecution.java:216)
	at org.gradle.api.internal.tasks.execution.TaskExecution.executeWithPreviousOutputFiles(TaskExecution.java:199)
	at org.gradle.api.internal.tasks.execution.TaskExecution.execute(TaskExecution.java:166)
	at org.gradle.internal.execution.steps.ExecuteStep.executeInternal(ExecuteStep.java:105)
	at org.gradle.internal.execution.steps.ExecuteStep.access$000(ExecuteStep.java:44)
	at org.gradle.internal.execution.steps.ExecuteStep$1.call(ExecuteStep.java:59)
	at org.gradle.internal.execution.steps.ExecuteStep$1.call(ExecuteStep.java:56)
	at org.gradle.internal.operations.DefaultBuildOperationRunner$CallableBuildOperationWorker.execute(DefaultBuildOperationRunner.java:204)
	at org.gradle.internal.operations.DefaultBuildOperationRunner$CallableBuildOperationWorker.execute(DefaultBuildOperationRunner.java:199)
	at org.gradle.internal.operations.DefaultBuildOperationRunner$2.execute(DefaultBuildOperationRunner.java:66)
	at org.gradle.internal.operations.DefaultBuildOperationRunner$2.execute(DefaultBuildOperationRunner.java:59)
	at org.gradle.internal.operations.DefaultBuildOperationRunner.execute(DefaultBuildOperationRunner.java:157)
	at org.gradle.internal.operations.DefaultBuildOperationRunner.execute(DefaultBuildOperationRunner.java:59)
	at org.gradle.internal.operations.DefaultBuildOperationRunner.call(DefaultBuildOperationRunner.java:53)
	at org.gradle.internal.operations.DefaultBuildOperationExecutor.call(DefaultBuildOperationExecutor.java:73)
	at org.gradle.internal.execution.steps.ExecuteStep.execute(ExecuteStep.java:56)
	at org.gradle.internal.execution.steps.ExecuteStep.execute(ExecuteStep.java:44)
	at org.gradle.internal.execution.steps.RemovePreviousOutputsStep.execute(RemovePreviousOutputsStep.java:67)
	at org.gradle.internal.execution.steps.RemovePreviousOutputsStep.execute(RemovePreviousOutputsStep.java:37)
	at org.gradle.internal.execution.steps.CancelExecutionStep.execute(CancelExecutionStep.java:41)
	at org.gradle.internal.execution.steps.TimeoutStep.executeWithoutTimeout(TimeoutStep.java:74)
	at org.gradle.internal.execution.steps.TimeoutStep.execute(TimeoutStep.java:55)
	at org.gradle.internal.execution.steps.CreateOutputsStep.execute(CreateOutputsStep.java:50)
	at org.gradle.internal.execution.steps.CreateOutputsStep.execute(CreateOutputsStep.java:28)
	at org.gradle.internal.execution.steps.CaptureStateAfterExecutionStep.executeDelegateBroadcastingChanges(CaptureStateAfterExecutionStep.java:100)
	at org.gradle.internal.execution.steps.CaptureStateAfterExecutionStep.execute(CaptureStateAfterExecutionStep.java:72)
	at org.gradle.internal.execution.steps.CaptureStateAfterExecutionStep.execute(CaptureStateAfterExecutionStep.java:50)
	at org.gradle.internal.execution.steps.ResolveInputChangesStep.execute(ResolveInputChangesStep.java:40)
	at org.gradle.internal.execution.steps.ResolveInputChangesStep.execute(ResolveInputChangesStep.java:29)
	at org.gradle.internal.execution.steps.BuildCacheStep.executeWithoutCache(BuildCacheStep.java:179)
	at org.gradle.internal.execution.steps.BuildCacheStep.executeAndStoreInCache(BuildCacheStep.java:139)
	at org.gradle.internal.execution.steps.BuildCacheStep.lambda$executeWithCache$4(BuildCacheStep.java:106)
	at org.gradle.internal.execution.steps.BuildCacheStep.lambda$executeWithCache$5(BuildCacheStep.java:106)
	at org.gradle.internal.Try$Success.map(Try.java:164)
	at org.gradle.internal.execution.steps.BuildCacheStep.executeWithCache(BuildCacheStep.java:80)
	at org.gradle.internal.execution.steps.BuildCacheStep.lambda$execute$0(BuildCacheStep.java:69)
	at org.gradle.internal.Either$Left.fold(Either.java:115)
	at org.gradle.internal.execution.caching.CachingState.fold(CachingState.java:59)
	at org.gradle.internal.execution.steps.BuildCacheStep.execute(BuildCacheStep.java:68)
	at org.gradle.internal.execution.steps.BuildCacheStep.execute(BuildCacheStep.java:46)
	at org.gradle.internal.execution.steps.StoreExecutionStateStep.execute(StoreExecutionStateStep.java:36)
	at org.gradle.internal.execution.steps.StoreExecutionStateStep.execute(StoreExecutionStateStep.java:25)
	at org.gradle.internal.execution.steps.RecordOutputsStep.execute(RecordOutputsStep.java:36)
	at org.gradle.internal.execution.steps.RecordOutputsStep.execute(RecordOutputsStep.java:22)
	at org.gradle.internal.execution.steps.SkipUpToDateStep.executeBecause(SkipUpToDateStep.java:91)
	at org.gradle.internal.execution.steps.SkipUpToDateStep.lambda$execute$2(SkipUpToDateStep.java:55)
	at org.gradle.internal.execution.steps.SkipUpToDateStep.execute(SkipUpToDateStep.java:55)
	at org.gradle.internal.execution.steps.SkipUpToDateStep.execute(SkipUpToDateStep.java:37)
	at org.gradle.internal.execution.steps.ResolveChangesStep.execute(ResolveChangesStep.java:65)
	at org.gradle.internal.execution.steps.ResolveChangesStep.execute(ResolveChangesStep.java:36)
	at org.gradle.internal.execution.steps.legacy.MarkSnapshottingInputsFinishedStep.execute(MarkSnapshottingInputsFinishedStep.java:37)
	at org.gradle.internal.execution.steps.legacy.MarkSnapshottingInputsFinishedStep.execute(MarkSnapshottingInputsFinishedStep.java:27)
	at org.gradle.internal.execution.steps.ResolveCachingStateStep.execute(ResolveCachingStateStep.java:77)
	at org.gradle.internal.execution.steps.ResolveCachingStateStep.execute(ResolveCachingStateStep.java:38)
	at org.gradle.internal.execution.steps.ValidateStep.execute(ValidateStep.java:94)
	at org.gradle.internal.execution.steps.ValidateStep.execute(ValidateStep.java:49)
	at org.gradle.internal.execution.steps.CaptureStateBeforeExecutionStep.execute(CaptureStateBeforeExecutionStep.java:71)
	at org.gradle.internal.execution.steps.CaptureStateBeforeExecutionStep.execute(CaptureStateBeforeExecutionStep.java:45)
	at org.gradle.internal.execution.steps.SkipEmptyWorkStep.executeWithNonEmptySources(SkipEmptyWorkStep.java:177)
	at org.gradle.internal.execution.steps.SkipEmptyWorkStep.execute(SkipEmptyWorkStep.java:86)
	at org.gradle.internal.execution.steps.SkipEmptyWorkStep.execute(SkipEmptyWorkStep.java:53)
	at org.gradle.internal.execution.steps.RemoveUntrackedExecutionStateStep.execute(RemoveUntrackedExecutionStateStep.java:32)
	at org.gradle.internal.execution.steps.RemoveUntrackedExecutionStateStep.execute(RemoveUntrackedExecutionStateStep.java:21)
	at org.gradle.internal.execution.steps.legacy.MarkSnapshottingInputsStartedStep.execute(MarkSnapshottingInputsStartedStep.java:38)
	at org.gradle.internal.execution.steps.LoadPreviousExecutionStateStep.execute(LoadPreviousExecutionStateStep.java:36)
	at org.gradle.internal.execution.steps.LoadPreviousExecutionStateStep.execute(LoadPreviousExecutionStateStep.java:23)
	at org.gradle.internal.execution.steps.CleanupStaleOutputsStep.execute(CleanupStaleOutputsStep.java:75)
	at org.gradle.internal.execution.steps.CleanupStaleOutputsStep.execute(CleanupStaleOutputsStep.java:41)
	at org.gradle.internal.execution.steps.AssignWorkspaceStep.lambda$execute$0(AssignWorkspaceStep.java:32)
	at org.gradle.api.internal.tasks.execution.TaskExecution$4.withWorkspace(TaskExecution.java:293)
	at org.gradle.internal.execution.steps.AssignWorkspaceStep.execute(AssignWorkspaceStep.java:30)
	at org.gradle.internal.execution.steps.AssignWorkspaceStep.execute(AssignWorkspaceStep.java:21)
	at org.gradle.internal.execution.steps.IdentityCacheStep.execute(IdentityCacheStep.java:37)
	at org.gradle.internal.execution.steps.IdentityCacheStep.execute(IdentityCacheStep.java:27)
	at org.gradle.internal.execution.steps.IdentifyStep.execute(IdentifyStep.java:47)
	at org.gradle.internal.execution.steps.IdentifyStep.execute(IdentifyStep.java:34)
	at org.gradle.internal.execution.impl.DefaultExecutionEngine$1.execute(DefaultExecutionEngine.java:64)
	at org.gradle.api.internal.tasks.execution.ExecuteActionsTaskExecuter.executeIfValid(ExecuteActionsTaskExecuter.java:146)
	at org.gradle.api.internal.tasks.execution.ExecuteActionsTaskExecuter.execute(ExecuteActionsTaskExecuter.java:135)
	at org.gradle.api.internal.tasks.execution.FinalizePropertiesTaskExecuter.execute(FinalizePropertiesTaskExecuter.java:46)
	at org.gradle.api.internal.tasks.execution.ResolveTaskExecutionModeExecuter.execute(ResolveTaskExecutionModeExecuter.java:51)
	at org.gradle.api.internal.tasks.execution.SkipTaskWithNoActionsExecuter.execute(SkipTaskWithNoActionsExecuter.java:57)
	at org.gradle.api.internal.tasks.execution.SkipOnlyIfTaskExecuter.execute(SkipOnlyIfTaskExecuter.java:74)
	at org.gradle.api.internal.tasks.execution.CatchExceptionTaskExecuter.execute(CatchExceptionTaskExecuter.java:36)
	at org.gradle.api.internal.tasks.execution.EventFiringTaskExecuter$1.executeTask(EventFiringTaskExecuter.java:77)
	at org.gradle.api.internal.tasks.execution.EventFiringTaskExecuter$1.call(EventFiringTaskExecuter.java:55)
	at org.gradle.api.internal.tasks.execution.EventFiringTaskExecuter$1.call(EventFiringTaskExecuter.java:52)
	at org.gradle.internal.operations.DefaultBuildOperationRunner$CallableBuildOperationWorker.execute(DefaultBuildOperationRunner.java:204)
	at org.gradle.internal.operations.DefaultBuildOperationRunner$CallableBuildOperationWorker.execute(DefaultBuildOperationRunner.java:199)
	at org.gradle.internal.operations.DefaultBuildOperationRunner$2.execute(DefaultBuildOperationRunner.java:66)
	at org.gradle.internal.operations.DefaultBuildOperationRunner$2.execute(DefaultBuildOperationRunner.java:59)
	at org.gradle.internal.operations.DefaultBuildOperationRunner.execute(DefaultBuildOperationRunner.java:157)
	at org.gradle.internal.operations.DefaultBuildOperationRunner.execute(DefaultBuildOperationRunner.java:59)
	at org.gradle.internal.operations.DefaultBuildOperationRunner.call(DefaultBuildOperationRunner.java:53)
	at org.gradle.internal.operations.DefaultBuildOperationExecutor.call(DefaultBuildOperationExecutor.java:73)
	at org.gradle.api.internal.tasks.execution.EventFiringTaskExecuter.execute(EventFiringTaskExecuter.java:52)
	at org.gradle.execution.plan.LocalTaskNodeExecutor.execute(LocalTaskNodeExecutor.java:42)
	at org.gradle.execution.taskgraph.DefaultTaskExecutionGraph$InvokeNodeExecutorsAction.execute(DefaultTaskExecutionGraph.java:337)
	at org.gradle.execution.taskgraph.DefaultTaskExecutionGraph$InvokeNodeExecutorsAction.execute(DefaultTaskExecutionGraph.java:324)
	at org.gradle.execution.taskgraph.DefaultTaskExecutionGraph$BuildOperationAwareExecutionAction.execute(DefaultTaskExecutionGraph.java:317)
	at org.gradle.execution.taskgraph.DefaultTaskExecutionGraph$BuildOperationAwareExecutionAction.execute(DefaultTaskExecutionGraph.java:303)
	at org.gradle.execution.plan.DefaultPlanExecutor$ExecutorWorker.execute(DefaultPlanExecutor.java:463)
	at org.gradle.execution.plan.DefaultPlanExecutor$ExecutorWorker.run(DefaultPlanExecutor.java:380)
	at org.gradle.internal.concurrent.ExecutorPolicy$CatchAndRecordFailures.onExecute(ExecutorPolicy.java:64)
	at org.gradle.internal.concurrent.AbstractManagedExecutor$1.run(AbstractManagedExecutor.java:47)


BUILD FAILED in 14s
31 actionable tasks: 2 executed, 29 up-to-date
Configuration cache entry reused.
2026-09-30T10:48:11.176+0530 [DEBUG] [org.gradle.launcher.daemon.server.exec.ExecuteBuild] The daemon has finished executing the build.
2026-09-30T10:48:11.219+0530 [DEBUG] [org.gradle.launcher.daemon.server.DaemonStateCoordinator] daemon is running. Sleeping until state changes.
2026-09-30T10:48:11.219+0530 [DEBUG] [org.gradle.launcher.daemon.server.DaemonStateCoordinator] Command execution: finished waiting for DaemonCommandExecution[command = Build{id=8c39244b-0db8-433c-a7fb-2904907499aa, currentDir=D:\GRAPHINOVAS\AI Studio\GRAPHYNOVUS II SUDORA\sudoku-organizer}, connection = DefaultDaemonConnection: socket connection from /127.0.0.1:62610 to /127.0.0.1:62645]. Result org.gradle.launcher.daemon.server.DaemonStateCoordinator@3899ed8f with state Busy
2026-09-30T10:48:11.219+0530 [DEBUG] [org.gradle.launcher.daemon.server.DaemonStateCoordinator] Command execution: completed DaemonCommandExecution[command = Build{id=8c39244b-0db8-433c-a7fb-2904907499aa, currentDir=D:\GRAPHINOVAS\AI Studio\GRAPHYNOVUS II SUDORA\sudoku-organizer}, connection = DefaultDaemonConnection: socket connection from /127.0.0.1:62610 to /127.0.0.1:62645]
2026-09-30T10:48:11.219+0530 [DEBUG] [org.gradle.launcher.daemon.server.DaemonStateCoordinator] resetting idle timer
2026-09-30T10:48:11.219+0530 [INFO] [org.gradle.launcher.daemon.server.DaemonRegistryUpdater] Marking the daemon as idle, address: [bd6b4a7c-c501-4f7b-ad6e-79287e214da3 port:62610, addresses:[localhost/127.0.0.1]]
2026-09-30T10:48:11.220+0530 [DEBUG] [org.gradle.launcher.daemon.registry.PersistentDaemonRegistry] Marking busy by address: [bd6b4a7c-c501-4f7b-ad6e-79287e214da3 port:62610, addresses:[localhost/127.0.0.1]]
2026-09-30T10:48:11.220+0530 [DEBUG] [org.gradle.cache.internal.DefaultFileLockManager] Waiting to acquire exclusive lock on daemon addresses registry.
2026-09-30T10:48:11.221+0530 [DEBUG] [org.gradle.cache.internal.DefaultFileLockManager] Lock acquired on daemon addresses registry.
2026-09-30T10:48:11.222+0530 [DEBUG] [org.gradle.cache.internal.DefaultFileLockManager] Releasing lock on daemon addresses registry.
2026-09-30T10:48:11.223+0530 [DEBUG] [org.gradle.launcher.daemon.server.DaemonStateCoordinator] daemon is running. Sleeping until state changes.
2026-09-30T10:48:11.223+0530 [DEBUG] [org.gradle.launcher.daemon.server.exec.ReturnResult] Daemon is dispatching the build result: Success[value=org.gradle.launcher.exec.BuildActionResult@3e880058]
2026-09-30T10:48:11.223+0530 [DEBUG] [org.gradle.launcher.daemon.server.SynchronizedDispatchConnection] thread 19: dispatching Success[value=org.gradle.launcher.exec.BuildActionResult@3e880058]
2026-09-30T10:48:11.235+0530 [DEBUG] [org.gradle.launcher.daemon.server.SynchronizedDispatchConnection] thread 95: received class org.gradle.launcher.daemon.protocol.Finished
2026-09-30T10:48:11.236+0530 [DEBUG] [org.gradle.launcher.daemon.server.DefaultDaemonConnection] thread 95: Received non-IO message from client: org.gradle.launcher.daemon.protocol.Finished@10d074bb
2026-09-30T10:48:11.238+0530 [DEBUG] [org.gradle.internal.remote.internal.inet.SocketConnection] Discarding EOFException: java.io.EOFException
2026-09-30T10:48:11.238+0530 [DEBUG] [org.gradle.launcher.daemon.server.SynchronizedDispatchConnection] thread 95: received null
2026-09-30T10:48:11.239+0530 [DEBUG] [org.gradle.launcher.daemon.server.DefaultDaemonConnection] thread 95: Received end-of-input from client.
2026-09-30T10:48:11.263+0530 [DEBUG] [org.gradle.launcher.daemon.server.DefaultIncomingConnectionHandler] Finishing executing command: Build{id=8c39244b-0db8-433c-a7fb-2904907499aa, currentDir=D:\GRAPHINOVAS\AI Studio\GRAPHYNOVUS II SUDORA\sudoku-organizer}
2026-09-30T10:48:11.263+0530 [DEBUG] [org.gradle.launcher.daemon.server.DefaultIncomingConnectionHandler] Received finished message: null
2026-09-30T10:48:11.263+0530 [DEBUG] [org.gradle.launcher.daemon.server.SynchronizedDispatchConnection] thread 19: stopping connection
2026-09-30T10:48:11.264+0530 [DEBUG] [org.gradle.launcher.daemon.server.SynchronizedDispatchConnection] thread 19: stopping connection
2026-09-30T10:48:20.068+0530 [DEBUG] [org.gradle.cache.internal.DefaultFileLockManager] Waiting to acquire shared lock on daemon addresses registry.
2026-09-30T10:48:20.069+0530 [DEBUG] [org.gradle.cache.internal.DefaultFileLockManager] Lock acquired on daemon addresses registry.
2026-09-30T10:48:20.070+0530 [DEBUG] [org.gradle.cache.internal.DefaultFileLockManager] Releasing lock on daemon addresses registry.
2026-09-30T10:48:20.071+0530 [DEBUG] [org.gradle.cache.internal.DefaultFileLockManager] Waiting to acquire shared lock on daemon addresses registry.
2026-09-30T10:48:20.071+0530 [DEBUG] [org.gradle.cache.internal.DefaultFileLockManager] Lock acquired on daemon addresses registry.
2026-09-30T10:48:20.072+0530 [DEBUG] [org.gradle.cache.internal.DefaultFileLockManager] Releasing lock on daemon addresses registry.
2026-09-30T10:48:29.987+0530 [DEBUG] [org.gradle.cache.internal.DefaultFileLockManager] Waiting to acquire shared lock on daemon addresses registry.
2026-09-30T10:48:29.988+0530 [DEBUG] [org.gradle.cache.internal.DefaultFileLockManager] Lock acquired on daemon addresses registry.
2026-09-30T10:48:29.989+0530 [DEBUG] [org.gradle.cache.internal.DefaultFileLockManager] Releasing lock on daemon addresses registry.
2026-09-30T10:48:29.990+0530 [DEBUG] [org.gradle.cache.internal.DefaultFileLockManager] Waiting to acquire shared lock on daemon addresses registry.
2026-09-30T10:48:29.990+0530 [DEBUG] [org.gradle.cache.internal.DefaultFileLockManager] Lock acquired on daemon addresses registry.
2026-09-30T10:48:29.990+0530 [DEBUG] [org.gradle.cache.internal.DefaultFileLockManager] Releasing lock on daemon addresses registry.
2026-09-30T10:48:29.991+0530 [DEBUG] [org.gradle.cache.internal.DefaultFileLockManager] Waiting to acquire shared lock on daemon addresses registry.
2026-09-30T10:48:29.991+0530 [DEBUG] [org.gradle.cache.internal.DefaultFileLockManager] Lock acquired on daemon addresses registry.
2026-09-30T10:48:29.991+0530 [DEBUG] [org.gradle.cache.internal.DefaultFileLockManager] Releasing lock on daemon addresses registry.
2026-09-30T10:48:39.961+0530 [DEBUG] [org.gradle.cache.internal.DefaultFileLockManager] Waiting to acquire shared lock on daemon addresses registry.
2026-09-30T10:48:39.961+0530 [DEBUG] [org.gradle.cache.internal.DefaultFileLockManager] Lock acquired on daemon addresses registry.
2026-09-30T10:48:39.961+0530 [DEBUG] [org.gradle.cache.internal.DefaultFileLockManager] Releasing lock on daemon addresses registry.
2026-09-30T10:48:39.962+0530 [DEBUG] [org.gradle.cache.internal.DefaultFileLockManager] Waiting to acquire shared lock on daemon addresses registry.
2026-09-30T10:48:39.962+0530 [DEBUG] [org.gradle.cache.internal.DefaultFileLockManager] Lock acquired on daemon addresses registry.
2026-09-30T10:48:39.963+0530 [DEBUG] [org.gradle.cache.internal.DefaultFileLockManager] Releasing lock on daemon addresses registry.
2026-09-30T10:48:39.963+0530 [DEBUG] [org.gradle.cache.internal.DefaultFileLockManager] Waiting to acquire shared lock on daemon addresses registry.
2026-09-30T10:48:39.963+0530 [DEBUG] [org.gradle.cache.internal.DefaultFileLockManager] Lock acquired on daemon addresses registry.
2026-09-30T10:48:39.963+0530 [DEBUG] [org.gradle.cache.internal.DefaultFileLockManager] Releasing lock on daemon addresses registry.
2026-09-30T10:48:50.064+0530 [DEBUG] [org.gradle.cache.internal.DefaultFileLockManager] Waiting to acquire shared lock on daemon addresses registry.
2026-09-30T10:48:50.067+0530 [DEBUG] [org.gradle.cache.internal.DefaultFileLockManager] Lock acquired on daemon addresses registry.
2026-09-30T10:48:50.079+0530 [DEBUG] [org.gradle.cache.internal.DefaultFileLockManager] Releasing lock on daemon addresses registry.
2026-09-30T10:48:50.080+0530 [DEBUG] [org.gradle.cache.internal.DefaultFileLockManager] Waiting to acquire shared lock on daemon addresses registry.
2026-09-30T10:48:50.083+0530 [DEBUG] [org.gradle.cache.internal.DefaultFileLockManager] Lock acquired on daemon addresses registry.
2026-09-30T10:48:50.107+0530 [DEBUG] [org.gradle.cache.internal.DefaultFileLockManager] Releasing lock on daemon addresses registry.
2026-09-30T10:48:50.110+0530 [DEBUG] [org.gradle.cache.internal.DefaultFileLockManager] Waiting to acquire shared lock on daemon addresses registry.
2026-09-30T10:48:50.115+0530 [DEBUG] [org.gradle.cache.internal.DefaultFileLockManager] Lock acquired on daemon addresses registry.
2026-09-30T10:48:50.119+0530 [DEBUG] [org.gradle.cache.internal.DefaultFileLockManager] Releasing lock on daemon addresses registry.
2026-09-30T10:48:59.964+0530 [DEBUG] [org.gradle.cache.internal.DefaultFileLockManager] Waiting to acquire shared lock on daemon addresses registry.
2026-09-30T10:48:59.964+0530 [DEBUG] [org.gradle.cache.internal.DefaultFileLockManager] Lock acquired on daemon addresses registry.
2026-09-30T10:48:59.964+0530 [DEBUG] [org.gradle.cache.internal.DefaultFileLockManager] Releasing lock on daemon addresses registry.
2026-09-30T10:48:59.965+0530 [DEBUG] [org.gradle.cache.internal.DefaultFileLockManager] Waiting to acquire shared lock on daemon addresses registry.
2026-09-30T10:48:59.965+0530 [DEBUG] [org.gradle.cache.internal.DefaultFileLockManager] Lock acquired on daemon addresses registry.
2026-09-30T10:48:59.966+0530 [DEBUG] [org.gradle.cache.internal.DefaultFileLockManager] Releasing lock on daemon addresses registry.
2026-09-30T10:48:59.967+0530 [DEBUG] [org.gradle.cache.internal.DefaultFileLockManager] Waiting to acquire shared lock on daemon addresses registry.
2026-09-30T10:48:59.967+0530 [DEBUG] [org.gradle.cache.internal.DefaultFileLockManager] Lock acquired on daemon addresses registry.
2026-09-30T10:48:59.968+0530 [DEBUG] [org.gradle.cache.internal.DefaultFileLockManager] Releasing lock on daemon addresses registry.
2026-09-30T10:49:09.965+0530 [DEBUG] [org.gradle.cache.internal.DefaultFileLockManager] Waiting to acquire shared lock on daemon addresses registry.
2026-09-30T10:49:09.965+0530 [DEBUG] [org.gradle.cache.internal.DefaultFileLockManager] Lock acquired on daemon addresses registry.
2026-09-30T10:49:09.965+0530 [DEBUG] [org.gradle.cache.internal.DefaultFileLockManager] Releasing lock on daemon addresses registry.
2026-09-30T10:49:09.966+0530 [DEBUG] [org.gradle.cache.internal.DefaultFileLockManager] Waiting to acquire shared lock on daemon addresses registry.
2026-09-30T10:49:09.966+0530 [DEBUG] [org.gradle.cache.internal.DefaultFileLockManager] Lock acquired on daemon addresses registry.
2026-09-30T10:49:09.966+0530 [DEBUG] [org.gradle.cache.internal.DefaultFileLockManager] Releasing lock on daemon addresses registry.
2026-09-30T10:49:09.967+0530 [DEBUG] [org.gradle.cache.internal.DefaultFileLockManager] Waiting to acquire shared lock on daemon addresses registry.
2026-09-30T10:49:09.968+0530 [DEBUG] [org.gradle.cache.internal.DefaultFileLockManager] Lock acquired on daemon addresses registry.
2026-09-30T10:49:09.969+0530 [DEBUG] [org.gradle.cache.internal.DefaultFileLockManager] Releasing lock on daemon addresses registry.
2026-09-30T10:49:19.959+0530 [DEBUG] [org.gradle.cache.internal.DefaultFileLockManager] Waiting to acquire shared lock on daemon addresses registry.
2026-09-30T10:49:19.960+0530 [DEBUG] [org.gradle.cache.internal.DefaultFileLockManager] Lock acquired on daemon addresses registry.
2026-09-30T10:49:19.960+0530 [DEBUG] [org.gradle.cache.internal.DefaultFileLockManager] Releasing lock on daemon addresses registry.
2026-09-30T10:49:19.961+0530 [DEBUG] [org.gradle.cache.internal.DefaultFileLockManager] Waiting to acquire shared lock on daemon addresses registry.
2026-09-30T10:49:19.961+0530 [DEBUG] [org.gradle.cache.internal.DefaultFileLockManager] Lock acquired on daemon addresses registry.
2026-09-30T10:49:19.961+0530 [DEBUG] [org.gradle.cache.internal.DefaultFileLockManager] Releasing lock on daemon addresses registry.
2026-09-30T10:49:19.962+0530 [DEBUG] [org.gradle.cache.internal.DefaultFileLockManager] Waiting to acquire shared lock on daemon addresses registry.
2026-09-30T10:49:19.962+0530 [DEBUG] [org.gradle.cache.internal.DefaultFileLockManager] Lock acquired on daemon addresses registry.
2026-09-30T10:49:19.963+0530 [DEBUG] [org.gradle.cache.internal.DefaultFileLockManager] Releasing lock on daemon addresses registry.
2026-09-30T10:49:29.962+0530 [DEBUG] [org.gradle.cache.internal.DefaultFileLockManager] Waiting to acquire shared lock on daemon addresses registry.
2026-09-30T10:49:29.962+0530 [DEBUG] [org.gradle.cache.internal.DefaultFileLockManager] Lock acquired on daemon addresses registry.
2026-09-30T10:49:29.962+0530 [DEBUG] [org.gradle.cache.internal.DefaultFileLockManager] Releasing lock on daemon addresses registry.
2026-09-30T10:49:29.963+0530 [DEBUG] [org.gradle.cache.internal.DefaultFileLockManager] Waiting to acquire shared lock on daemon addresses registry.
2026-09-30T10:49:29.963+0530 [DEBUG] [org.gradle.cache.internal.DefaultFileLockManager] Lock acquired on daemon addresses registry.
2026-09-30T10:49:29.963+0530 [DEBUG] [org.gradle.cache.internal.DefaultFileLockManager] Releasing lock on daemon addresses registry.
2026-09-30T10:49:29.964+0530 [DEBUG] [org.gradle.cache.internal.DefaultFileLockManager] Waiting to acquire shared lock on daemon addresses registry.
2026-09-30T10:49:29.964+0530 [DEBUG] [org.gradle.cache.internal.DefaultFileLockManager] Lock acquired on daemon addresses registry.
2026-09-30T10:49:29.964+0530 [DEBUG] [org.gradle.cache.internal.DefaultFileLockManager] Releasing lock on daemon addresses registry.
2026-09-30T10:49:36.827+0530 [DEBUG] [org.gradle.internal.remote.internal.inet.TcpIncomingConnector] Accepted connection from /127.0.0.1:62718 to /127.0.0.1:62610.
2026-09-30T10:49:36.870+0530 [DEBUG] [org.gradle.launcher.daemon.server.SynchronizedDispatchConnection] thread 152: received class org.gradle.launcher.daemon.protocol.Build
2026-09-30T10:49:36.870+0530 [DEBUG] [org.gradle.launcher.daemon.server.DefaultDaemonConnection] thread 152: Received non-IO message from client: Build{id=f6b75ae5-d66a-429a-982c-de244fb48d0a, currentDir=D:\GRAPHINOVAS\AI Studio\GRAPHYNOVUS II SUDORA\sudoku-organizer}
2026-09-30T10:49:36.870+0530 [INFO] [org.gradle.launcher.daemon.server.DefaultIncomingConnectionHandler] Received command: Build{id=f6b75ae5-d66a-429a-982c-de244fb48d0a, currentDir=D:\GRAPHINOVAS\AI Studio\GRAPHYNOVUS II SUDORA\sudoku-organizer}.
2026-09-30T10:49:36.870+0530 [DEBUG] [org.gradle.launcher.daemon.server.DefaultIncomingConnectionHandler] Starting executing command: Build{id=f6b75ae5-d66a-429a-982c-de244fb48d0a, currentDir=D:\GRAPHINOVAS\AI Studio\GRAPHYNOVUS II SUDORA\sudoku-organizer} with connection: socket connection from /127.0.0.1:62610 to /127.0.0.1:62718.
2026-09-30T10:49:36.870+0530 [DEBUG] [org.gradle.launcher.daemon.server.DaemonStateCoordinator] Command execution: started DaemonCommandExecution[command = Build{id=f6b75ae5-d66a-429a-982c-de244fb48d0a, currentDir=D:\GRAPHINOVAS\AI Studio\GRAPHYNOVUS II SUDORA\sudoku-organizer}, connection = DefaultDaemonConnection: socket connection from /127.0.0.1:62610 to /127.0.0.1:62718] after 1.0 minutes of idle
2026-09-30T10:49:36.871+0530 [INFO] [org.gradle.launcher.daemon.server.DaemonRegistryUpdater] Marking the daemon as busy, address: [bd6b4a7c-c501-4f7b-ad6e-79287e214da3 port:62610, addresses:[localhost/127.0.0.1]]
2026-09-30T10:49:36.871+0530 [DEBUG] [org.gradle.launcher.daemon.registry.PersistentDaemonRegistry] Marking busy by address: [bd6b4a7c-c501-4f7b-ad6e-79287e214da3 port:62610, addresses:[localhost/127.0.0.1]]
2026-09-30T10:49:36.873+0530 [DEBUG] [org.gradle.cache.internal.DefaultFileLockManager] Waiting to acquire exclusive lock on daemon addresses registry.
2026-09-30T10:49:36.876+0530 [DEBUG] [org.gradle.cache.internal.DefaultFileLockManager] Lock acquired on daemon addresses registry.
2026-09-30T10:49:36.881+0530 [DEBUG] [org.gradle.cache.internal.DefaultFileLockManager] Releasing lock on daemon addresses registry.
2026-09-30T10:49:36.882+0530 [DEBUG] [org.gradle.launcher.daemon.server.DaemonStateCoordinator] resetting idle timer
2026-09-30T10:49:36.882+0530 [DEBUG] [org.gradle.launcher.daemon.server.DaemonStateCoordinator] daemon is running. Sleeping until state changes.
2026-09-30T10:49:36.885+0530 [INFO] [org.gradle.launcher.daemon.server.exec.StartBuildOrRespondWithBusy] Daemon is about to start building Build{id=f6b75ae5-d66a-429a-982c-de244fb48d0a, currentDir=D:\GRAPHINOVAS\AI Studio\GRAPHYNOVUS II SUDORA\sudoku-organizer}. Dispatching build started information...
2026-09-30T10:49:36.885+0530 [DEBUG] [org.gradle.launcher.daemon.server.SynchronizedDispatchConnection] thread 154: dispatching org.gradle.launcher.daemon.protocol.BuildStarted@333c8ba7
2026-09-30T10:49:36.886+0530 [DEBUG] [org.gradle.launcher.daemon.server.exec.EstablishBuildEnvironment] Configuring env variables: [USERDOMAIN_ROAMINGPROFILE, PROCESSOR_LEVEL, SESSIONNAME, ALLUSERSPROFILE, INTEL_DEV_REDIST, PROCESSOR_ARCHITECTURE, MIC_LD_LIBRARY_PATH, ANDROID_HOME, PSModulePath, SystemDrive, USERNAME, ProgramFiles(x86), FPS_BROWSER_USER_PROFILE_STRING, PATHEXT, DriverData, ProgramData, ProgramW6432, HOMEPATH, PROCESSOR_IDENTIFIER, GRALDLE_HOME, ProgramFiles, PUBLIC, windir, GlobalVariableMeritTracSecureDesktop, =::, OPENSSL_CONF, LOCALAPPDATA, ChocolateyLastPathUpdate, USERDOMAIN, LOGONSERVER, WIX, FPS_BROWSER_APP_PROFILE_STRING, JAVA_HOME, OneDrive, APPDATA, ChocolateyInstall, VBOX_MSI_INSTALL_PATH, CommonProgramFiles, Path, OS, COMPUTERNAME, PROCESSOR_REVISION, CommonProgramW6432, ComSpec, TEMP, SystemRoot, HOMEDRIVE, USERPROFILE, TMP, CommonProgramFiles(x86), NUMBER_OF_PROCESSORS, IDEA_INITIAL_DIRECTORY]
2026-09-30T10:49:36.887+0530 [DEBUG] [org.gradle.launcher.daemon.server.SynchronizedDispatchConnection] thread 152: received class org.gradle.launcher.daemon.protocol.CloseInput
2026-09-30T10:49:36.887+0530 [DEBUG] [org.gradle.launcher.daemon.server.DefaultDaemonConnection] thread 152: Received IO message from client: org.gradle.launcher.daemon.protocol.CloseInput@7335ce06
2026-09-30T10:49:36.888+0530 [DEBUG] [org.gradle.launcher.daemon.server.exec.LogToClient] About to start relaying all logs to the client via the connection.
2026-09-30T10:49:36.893+0530 [INFO] [org.gradle.launcher.daemon.server.exec.LogToClient] The client will now receive all logging from the daemon (pid: 16860). The daemon log file: D:\GRAPHINOVAS\AI Studio\GRAPHYNOVUS II SUDORA\sudoku-organizer\gradle\daemon\8.2\daemon-16860.out.log
2026-09-30T10:49:36.894+0530 [INFO] [org.gradle.launcher.daemon.server.exec.LogAndCheckHealth] Starting 3rd build in daemon [uptime: 2 mins 28.229 secs, performance: 100%, GC rate: 0.00/s, heap usage: 0% of 4 GiB]
2026-09-30T10:49:36.894+0530 [DEBUG] [org.gradle.launcher.daemon.server.exec.ExecuteBuild] The daemon has started executing the build.
2026-09-30T10:49:36.894+0530 [DEBUG] [org.gradle.launcher.daemon.server.exec.ExecuteBuild] Executing build with daemon context: DefaultDaemonContext[uid=fd82ef79-9507-4a8a-b959-cbf625482adf,javaHome=C:\Program Files\Java\jdk-18.0.2.1,daemonRegistryDir=D:\GRAPHINOVAS\AI Studio\GRAPHYNOVUS II SUDORA\sudoku-organizer\gradle\daemon,pid=16860,idleTimeout=10800000,priority=NORMAL,applyInstrumentationAgent=true,daemonOpts=--add-opens=java.base/java.util=ALL-UNNAMED,--add-opens=java.base/java.lang=ALL-UNNAMED,--add-opens=java.base/java.lang.invoke=ALL-UNNAMED,--add-opens=java.prefs/java.util.prefs=ALL-UNNAMED,--add-opens=java.base/java.nio.charset=ALL-UNNAMED,--add-opens=java.base/java.net=ALL-UNNAMED,--add-opens=java.base/java.util.concurrent.atomic=ALL-UNNAMED,-Xmx4g,-Dfile.encoding=UTF-8,-Duser.country=IN,-Duser.language=en,-Duser.variant]
2026-09-30T10:49:36.894+0530 [INFO] [org.gradle.launcher.daemon.server.exec.ForwardClientInput] Closing daemon's stdin at end of input.
2026-09-30T10:49:36.895+0530 [INFO] [org.gradle.launcher.daemon.server.exec.ForwardClientInput] The daemon will no longer process any standard input.

Deprecated Gradle features were used in this build, making it incompatible with Gradle 9.0.

You can use '--warning-mode all' to show the individual deprecation warnings and determine if they come from your own scripts or plugins.

For more on this, please refer to https://docs.gradle.org/8.2/userguide/command_line_interface.html#sec:command_line_warnings in the Gradle documentation.

BUILD SUCCESSFUL in 3s
2026-09-30T10:49:40.363+0530 [DEBUG] [org.gradle.launcher.daemon.server.exec.ExecuteBuild] The daemon has finished executing the build.
2026-09-30T10:49:40.380+0530 [DEBUG] [org.gradle.launcher.daemon.server.DaemonStateCoordinator] daemon is running. Sleeping until state changes.
2026-09-30T10:49:40.380+0530 [DEBUG] [org.gradle.launcher.daemon.server.DaemonStateCoordinator] Command execution: finished waiting for DaemonCommandExecution[command = Build{id=f6b75ae5-d66a-429a-982c-de244fb48d0a, currentDir=D:\GRAPHINOVAS\AI Studio\GRAPHYNOVUS II SUDORA\sudoku-organizer}, connection = DefaultDaemonConnection: socket connection from /127.0.0.1:62610 to /127.0.0.1:62718]. Result org.gradle.launcher.daemon.server.DaemonStateCoordinator@3899ed8f with state Busy
2026-09-30T10:49:40.380+0530 [DEBUG] [org.gradle.launcher.daemon.server.DaemonStateCoordinator] Command execution: completed DaemonCommandExecution[command = Build{id=f6b75ae5-d66a-429a-982c-de244fb48d0a, currentDir=D:\GRAPHINOVAS\AI Studio\GRAPHYNOVUS II SUDORA\sudoku-organizer}, connection = DefaultDaemonConnection: socket connection from /127.0.0.1:62610 to /127.0.0.1:62718]
2026-09-30T10:49:40.380+0530 [DEBUG] [org.gradle.launcher.daemon.server.DaemonStateCoordinator] resetting idle timer
2026-09-30T10:49:40.381+0530 [INFO] [org.gradle.launcher.daemon.server.DaemonRegistryUpdater] Marking the daemon as idle, address: [bd6b4a7c-c501-4f7b-ad6e-79287e214da3 port:62610, addresses:[localhost/127.0.0.1]]
2026-09-30T10:49:40.381+0530 [DEBUG] [org.gradle.launcher.daemon.registry.PersistentDaemonRegistry] Marking busy by address: [bd6b4a7c-c501-4f7b-ad6e-79287e214da3 port:62610, addresses:[localhost/127.0.0.1]]
2026-09-30T10:49:40.381+0530 [DEBUG] [org.gradle.cache.internal.DefaultFileLockManager] Waiting to acquire exclusive lock on daemon addresses registry.
2026-09-30T10:49:40.382+0530 [DEBUG] [org.gradle.cache.internal.DefaultFileLockManager] Lock acquired on daemon addresses registry.
2026-09-30T10:49:40.384+0530 [DEBUG] [org.gradle.cache.internal.DefaultFileLockManager] Releasing lock on daemon addresses registry.
2026-09-30T10:49:40.385+0530 [DEBUG] [org.gradle.launcher.daemon.server.DaemonStateCoordinator] daemon is running. Sleeping until state changes.
2026-09-30T10:49:40.385+0530 [DEBUG] [org.gradle.launcher.daemon.server.exec.ReturnResult] Daemon is dispatching the build result: Success[value=org.gradle.launcher.exec.BuildActionResult@16cfa8b3]
2026-09-30T10:49:40.385+0530 [DEBUG] [org.gradle.launcher.daemon.server.SynchronizedDispatchConnection] thread 151: dispatching Success[value=org.gradle.launcher.exec.BuildActionResult@16cfa8b3]
2026-09-30T10:49:40.387+0530 [DEBUG] [org.gradle.launcher.daemon.server.SynchronizedDispatchConnection] thread 152: received class org.gradle.launcher.daemon.protocol.Finished
2026-09-30T10:49:40.387+0530 [DEBUG] [org.gradle.launcher.daemon.server.DefaultDaemonConnection] thread 152: Received non-IO message from client: org.gradle.launcher.daemon.protocol.Finished@7df22e10
2026-09-30T10:49:40.387+0530 [DEBUG] [org.gradle.internal.remote.internal.inet.SocketConnection] Discarding EOFException: java.io.EOFException
2026-09-30T10:49:40.387+0530 [DEBUG] [org.gradle.launcher.daemon.server.SynchronizedDispatchConnection] thread 152: received null
2026-09-30T10:49:40.387+0530 [DEBUG] [org.gradle.launcher.daemon.server.DefaultDaemonConnection] thread 152: Received end-of-input from client.
2026-09-30T10:49:40.390+0530 [DEBUG] [org.gradle.launcher.daemon.server.DefaultIncomingConnectionHandler] Finishing executing command: Build{id=f6b75ae5-d66a-429a-982c-de244fb48d0a, currentDir=D:\GRAPHINOVAS\AI Studio\GRAPHYNOVUS II SUDORA\sudoku-organizer}
2026-09-30T10:49:40.390+0530 [DEBUG] [org.gradle.launcher.daemon.server.DefaultIncomingConnectionHandler] Received finished message: null
2026-09-30T10:49:40.390+0530 [DEBUG] [org.gradle.launcher.daemon.server.SynchronizedDispatchConnection] thread 151: stopping connection
2026-09-30T10:49:40.392+0530 [DEBUG] [org.gradle.launcher.daemon.server.SynchronizedDispatchConnection] thread 151: stopping connection
2026-09-30T10:49:49.964+0530 [DEBUG] [org.gradle.cache.internal.DefaultFileLockManager] Waiting to acquire shared lock on daemon addresses registry.
2026-09-30T10:49:49.964+0530 [DEBUG] [org.gradle.cache.internal.DefaultFileLockManager] Lock acquired on daemon addresses registry.
2026-09-30T10:49:49.964+0530 [DEBUG] [org.gradle.cache.internal.DefaultFileLockManager] Releasing lock on daemon addresses registry.
2026-09-30T10:49:49.965+0530 [DEBUG] [org.gradle.cache.internal.DefaultFileLockManager] Waiting to acquire shared lock on daemon addresses registry.
2026-09-30T10:49:49.965+0530 [DEBUG] [org.gradle.cache.internal.DefaultFileLockManager] Lock acquired on daemon addresses registry.
2026-09-30T10:49:49.966+0530 [DEBUG] [org.gradle.cache.internal.DefaultFileLockManager] Releasing lock on daemon addresses registry.
2026-09-30T10:49:59.962+0530 [DEBUG] [org.gradle.cache.internal.DefaultFileLockManager] Waiting to acquire shared lock on daemon addresses registry.
2026-09-30T10:49:59.963+0530 [DEBUG] [org.gradle.cache.internal.DefaultFileLockManager] Lock acquired on daemon addresses registry.
2026-09-30T10:49:59.963+0530 [DEBUG] [org.gradle.cache.internal.DefaultFileLockManager] Releasing lock on daemon addresses registry.
2026-09-30T10:49:59.964+0530 [DEBUG] [org.gradle.cache.internal.DefaultFileLockManager] Waiting to acquire shared lock on daemon addresses registry.
2026-09-30T10:49:59.964+0530 [DEBUG] [org.gradle.cache.internal.DefaultFileLockManager] Lock acquired on daemon addresses registry.
2026-09-30T10:49:59.964+0530 [DEBUG] [org.gradle.cache.internal.DefaultFileLockManager] Releasing lock on daemon addresses registry.
2026-09-30T10:49:59.964+0530 [DEBUG] [org.gradle.cache.internal.DefaultFileLockManager] Waiting to acquire shared lock on daemon addresses registry.
2026-09-30T10:49:59.964+0530 [DEBUG] [org.gradle.cache.internal.DefaultFileLockManager] Lock acquired on daemon addresses registry.
2026-09-30T10:49:59.965+0530 [DEBUG] [org.gradle.cache.internal.DefaultFileLockManager] Releasing lock on daemon addresses registry.
2026-09-30T10:50:09.966+0530 [DEBUG] [org.gradle.cache.internal.DefaultFileLockManager] Waiting to acquire shared lock on daemon addresses registry.
2026-09-30T10:50:09.966+0530 [DEBUG] [org.gradle.cache.internal.DefaultFileLockManager] Lock acquired on daemon addresses registry.
2026-09-30T10:50:09.966+0530 [DEBUG] [org.gradle.cache.internal.DefaultFileLockManager] Releasing lock on daemon addresses registry.
2026-09-30T10:50:09.967+0530 [DEBUG] [org.gradle.cache.internal.DefaultFileLockManager] Waiting to acquire shared lock on daemon addresses registry.
2026-09-30T10:50:09.967+0530 [DEBUG] [org.gradle.cache.internal.DefaultFileLockManager] Lock acquired on daemon addresses registry.
2026-09-30T10:50:09.967+0530 [DEBUG] [org.gradle.cache.internal.DefaultFileLockManager] Releasing lock on daemon addresses registry.
2026-09-30T10:50:09.968+0530 [DEBUG] [org.gradle.cache.internal.DefaultFileLockManager] Waiting to acquire shared lock on daemon addresses registry.
2026-09-30T10:50:09.968+0530 [DEBUG] [org.gradle.cache.internal.DefaultFileLockManager] Lock acquired on daemon addresses registry.
2026-09-30T10:50:09.968+0530 [DEBUG] [org.gradle.cache.internal.DefaultFileLockManager] Releasing lock on daemon addresses registry.
2026-09-30T10:50:19.966+0530 [DEBUG] [org.gradle.cache.internal.DefaultFileLockManager] Waiting to acquire shared lock on daemon addresses registry.
2026-09-30T10:50:19.966+0530 [DEBUG] [org.gradle.cache.internal.DefaultFileLockManager] Lock acquired on daemon addresses registry.
2026-09-30T10:50:19.966+0530 [DEBUG] [org.gradle.cache.internal.DefaultFileLockManager] Releasing lock on daemon addresses registry.
2026-09-30T10:50:19.967+0530 [DEBUG] [org.gradle.cache.internal.DefaultFileLockManager] Waiting to acquire shared lock on daemon addresses registry.
2026-09-30T10:50:19.967+0530 [DEBUG] [org.gradle.cache.internal.DefaultFileLockManager] Lock acquired on daemon addresses registry.
2026-09-30T10:50:19.967+0530 [DEBUG] [org.gradle.cache.internal.DefaultFileLockManager] Releasing lock on daemon addresses registry.
2026-09-30T10:50:19.968+0530 [DEBUG] [org.gradle.cache.internal.DefaultFileLockManager] Waiting to acquire shared lock on daemon addresses registry.
2026-09-30T10:50:19.968+0530 [DEBUG] [org.gradle.cache.internal.DefaultFileLockManager] Lock acquired on daemon addresses registry.
2026-09-30T10:50:19.968+0530 [DEBUG] [org.gradle.cache.internal.DefaultFileLockManager] Releasing lock on daemon addresses registry.
2026-09-30T10:50:29.971+0530 [DEBUG] [org.gradle.cache.internal.DefaultFileLockManager] Waiting to acquire shared lock on daemon addresses registry.
2026-09-30T10:50:29.971+0530 [DEBUG] [org.gradle.cache.internal.DefaultFileLockManager] Lock acquired on daemon addresses registry.
2026-09-30T10:50:29.971+0530 [DEBUG] [org.gradle.cache.internal.DefaultFileLockManager] Releasing lock on daemon addresses registry.
2026-09-30T10:50:29.972+0530 [DEBUG] [org.gradle.cache.internal.DefaultFileLockManager] Waiting to acquire shared lock on daemon addresses registry.
2026-09-30T10:50:29.972+0530 [DEBUG] [org.gradle.cache.internal.DefaultFileLockManager] Lock acquired on daemon addresses registry.
2026-09-30T10:50:29.972+0530 [DEBUG] [org.gradle.cache.internal.DefaultFileLockManager] Releasing lock on daemon addresses registry.
2026-09-30T10:50:29.973+0530 [DEBUG] [org.gradle.cache.internal.DefaultFileLockManager] Waiting to acquire shared lock on daemon addresses registry.
2026-09-30T10:50:29.973+0530 [DEBUG] [org.gradle.cache.internal.DefaultFileLockManager] Lock acquired on daemon addresses registry.
2026-09-30T10:50:29.973+0530 [DEBUG] [org.gradle.cache.internal.DefaultFileLockManager] Releasing lock on daemon addresses registry.
2026-09-30T10:50:39.968+0530 [DEBUG] [org.gradle.cache.internal.DefaultFileLockManager] Waiting to acquire shared lock on daemon addresses registry.
2026-09-30T10:50:39.969+0530 [DEBUG] [org.gradle.cache.internal.DefaultFileLockManager] Lock acquired on daemon addresses registry.
2026-09-30T10:50:39.969+0530 [DEBUG] [org.gradle.cache.internal.DefaultFileLockManager] Releasing lock on daemon addresses registry.
2026-09-30T10:50:39.970+0530 [DEBUG] [org.gradle.cache.internal.DefaultFileLockManager] Waiting to acquire shared lock on daemon addresses registry.
2026-09-30T10:50:39.970+0530 [DEBUG] [org.gradle.cache.internal.DefaultFileLockManager] Lock acquired on daemon addresses registry.
2026-09-30T10:50:39.971+0530 [DEBUG] [org.gradle.cache.internal.DefaultFileLockManager] Releasing lock on daemon addresses registry.
2026-09-30T10:50:39.971+0530 [DEBUG] [org.gradle.cache.internal.DefaultFileLockManager] Waiting to acquire shared lock on daemon addresses registry.
2026-09-30T10:50:39.972+0530 [DEBUG] [org.gradle.cache.internal.DefaultFileLockManager] Lock acquired on daemon addresses registry.
2026-09-30T10:50:39.972+0530 [DEBUG] [org.gradle.cache.internal.DefaultFileLockManager] Releasing lock on daemon addresses registry.
2026-09-30T10:50:41.319+0530 [DEBUG] [org.gradle.internal.watch.vfs.impl.WatchingVirtualFileSystem] Handling VFS change MODIFIED D:\GRAPHINOVAS\AI Studio\GRAPHYNOVUS II SUDORA\sudoku-organizer\app\build.gradle.kts
2026-09-30T10:50:41.454+0530 [DEBUG] [org.gradle.internal.remote.internal.inet.TcpIncomingConnector] Accepted connection from /127.0.0.1:62765 to /127.0.0.1:62610.
2026-09-30T10:50:41.466+0530 [DEBUG] [org.gradle.launcher.daemon.server.SynchronizedDispatchConnection] thread 215: received class org.gradle.launcher.daemon.protocol.InvalidateVirtualFileSystem
2026-09-30T10:50:41.466+0530 [DEBUG] [org.gradle.launcher.daemon.server.DefaultDaemonConnection] thread 215: Received non-IO message from client: InvalidateVirtualFileSystem[id=460741c2-cbf7-42f0-8ef4-12097a88d972]
2026-09-30T10:50:41.466+0530 [INFO] [org.gradle.launcher.daemon.server.DefaultIncomingConnectionHandler] Received command: InvalidateVirtualFileSystem[id=460741c2-cbf7-42f0-8ef4-12097a88d972].
2026-09-30T10:50:41.466+0530 [DEBUG] [org.gradle.launcher.daemon.server.DefaultIncomingConnectionHandler] Starting executing command: InvalidateVirtualFileSystem[id=460741c2-cbf7-42f0-8ef4-12097a88d972] with connection: socket connection from /127.0.0.1:62610 to /127.0.0.1:62765.
2026-09-30T10:50:41.467+0530 [INFO] [org.gradle.launcher.daemon.server.api.HandleInvalidateVirtualFileSystem] Invalidating [D:\GRAPHINOVAS\AI Studio\GRAPHYNOVUS II SUDORA\sudoku-organizer\app\build.gradle.kts]
2026-09-30T10:50:41.468+0530 [DEBUG] [org.gradle.internal.vfs.impl.AbstractVirtualFileSystem] Invalidating VFS paths: [D:\GRAPHINOVAS\AI Studio\GRAPHYNOVUS II SUDORA\sudoku-organizer\app\build.gradle.kts]
2026-09-30T10:50:41.468+0530 [DEBUG] [org.gradle.launcher.daemon.server.SynchronizedDispatchConnection] thread 214: dispatching Success[value=null]
2026-09-30T10:50:41.468+0530 [DEBUG] [org.gradle.launcher.daemon.server.SynchronizedDispatchConnection] thread 215: received class org.gradle.launcher.daemon.protocol.Finished
2026-09-30T10:50:41.469+0530 [DEBUG] [org.gradle.launcher.daemon.server.DefaultDaemonConnection] thread 215: Received non-IO message from client: org.gradle.launcher.daemon.protocol.Finished@53ab8d7e
2026-09-30T10:50:41.469+0530 [DEBUG] [org.gradle.launcher.daemon.server.DefaultIncomingConnectionHandler] Finishing executing command: InvalidateVirtualFileSystem[id=460741c2-cbf7-42f0-8ef4-12097a88d972]
2026-09-30T10:50:41.469+0530 [DEBUG] [org.gradle.launcher.daemon.server.DefaultIncomingConnectionHandler] Received finished message: org.gradle.launcher.daemon.protocol.Finished@53ab8d7e
2026-09-30T10:50:41.469+0530 [DEBUG] [org.gradle.launcher.daemon.server.SynchronizedDispatchConnection] thread 214: stopping connection
2026-09-30T10:50:41.469+0530 [DEBUG] [org.gradle.internal.remote.internal.inet.SocketConnection] Discarding EOFException: java.io.EOFException
2026-09-30T10:50:41.469+0530 [DEBUG] [org.gradle.launcher.daemon.server.SynchronizedDispatchConnection] thread 215: received null
2026-09-30T10:50:41.469+0530 [DEBUG] [org.gradle.launcher.daemon.server.DefaultDaemonConnection] thread 215: Received end-of-input from client.
2026-09-30T10:50:41.470+0530 [DEBUG] [org.gradle.launcher.daemon.server.SynchronizedDispatchConnection] thread 214: stopping connection
2026-09-30T10:50:41.512+0530 [DEBUG] [org.gradle.internal.remote.internal.inet.TcpIncomingConnector] Accepted connection from /127.0.0.1:62768 to /127.0.0.1:62610.
2026-09-30T10:50:41.525+0530 [DEBUG] [org.gradle.launcher.daemon.server.SynchronizedDispatchConnection] thread 216: received class org.gradle.launcher.daemon.protocol.Build
2026-09-30T10:50:41.531+0530 [DEBUG] [org.gradle.launcher.daemon.server.DefaultDaemonConnection] thread 216: Received non-IO message from client: Build{id=71664bfb-aee5-43e5-876d-38c14110bddd, currentDir=D:\GRAPHINOVAS\AI Studio\GRAPHYNOVUS II SUDORA\sudoku-organizer}
2026-09-30T10:50:41.531+0530 [INFO] [org.gradle.launcher.daemon.server.DefaultIncomingConnectionHandler] Received command: Build{id=71664bfb-aee5-43e5-876d-38c14110bddd, currentDir=D:\GRAPHINOVAS\AI Studio\GRAPHYNOVUS II SUDORA\sudoku-organizer}.
2026-09-30T10:50:41.531+0530 [DEBUG] [org.gradle.launcher.daemon.server.DefaultIncomingConnectionHandler] Starting executing command: Build{id=71664bfb-aee5-43e5-876d-38c14110bddd, currentDir=D:\GRAPHINOVAS\AI Studio\GRAPHYNOVUS II SUDORA\sudoku-organizer} with connection: socket connection from /127.0.0.1:62610 to /127.0.0.1:62768.
2026-09-30T10:50:41.532+0530 [DEBUG] [org.gradle.launcher.daemon.server.DaemonStateCoordinator] Command execution: started DaemonCommandExecution[command = Build{id=71664bfb-aee5-43e5-876d-38c14110bddd, currentDir=D:\GRAPHINOVAS\AI Studio\GRAPHYNOVUS II SUDORA\sudoku-organizer}, connection = DefaultDaemonConnection: socket connection from /127.0.0.1:62610 to /127.0.0.1:62768] after 1.0 minutes of idle
2026-09-30T10:50:41.533+0530 [INFO] [org.gradle.launcher.daemon.server.DaemonRegistryUpdater] Marking the daemon as busy, address: [bd6b4a7c-c501-4f7b-ad6e-79287e214da3 port:62610, addresses:[localhost/127.0.0.1]]
2026-09-30T10:50:41.533+0530 [DEBUG] [org.gradle.launcher.daemon.registry.PersistentDaemonRegistry] Marking busy by address: [bd6b4a7c-c501-4f7b-ad6e-79287e214da3 port:62610, addresses:[localhost/127.0.0.1]]
2026-09-30T10:50:41.533+0530 [DEBUG] [org.gradle.cache.internal.DefaultFileLockManager] Waiting to acquire exclusive lock on daemon addresses registry.
2026-09-30T10:50:41.538+0530 [DEBUG] [org.gradle.cache.internal.DefaultFileLockManager] Lock acquired on daemon addresses registry.
2026-09-30T10:50:41.553+0530 [DEBUG] [org.gradle.cache.internal.DefaultFileLockManager] Releasing lock on daemon addresses registry.
2026-09-30T10:50:41.556+0530 [DEBUG] [org.gradle.launcher.daemon.server.DaemonStateCoordinator] resetting idle timer
2026-09-30T10:50:41.558+0530 [DEBUG] [org.gradle.launcher.daemon.server.DaemonStateCoordinator] daemon is running. Sleeping until state changes.
2026-09-30T10:50:41.559+0530 [INFO] [org.gradle.launcher.daemon.server.exec.StartBuildOrRespondWithBusy] Daemon is about to start building Build{id=71664bfb-aee5-43e5-876d-38c14110bddd, currentDir=D:\GRAPHINOVAS\AI Studio\GRAPHYNOVUS II SUDORA\sudoku-organizer}. Dispatching build started information...
2026-09-30T10:50:41.559+0530 [DEBUG] [org.gradle.launcher.daemon.server.SynchronizedDispatchConnection] thread 218: dispatching org.gradle.launcher.daemon.protocol.BuildStarted@2da11881
2026-09-30T10:50:41.561+0530 [DEBUG] [org.gradle.launcher.daemon.server.exec.EstablishBuildEnvironment] Configuring env variables: [USERDOMAIN_ROAMINGPROFILE, PROCESSOR_LEVEL, SESSIONNAME, ALLUSERSPROFILE, INTEL_DEV_REDIST, PROCESSOR_ARCHITECTURE, MIC_LD_LIBRARY_PATH, ANDROID_HOME, PSModulePath, SystemDrive, USERNAME, ProgramFiles(x86), FPS_BROWSER_USER_PROFILE_STRING, PATHEXT, DriverData, ProgramData, ProgramW6432, HOMEPATH, PROCESSOR_IDENTIFIER, GRALDLE_HOME, ProgramFiles, PUBLIC, windir, GlobalVariableMeritTracSecureDesktop, =::, OPENSSL_CONF, LOCALAPPDATA, ChocolateyLastPathUpdate, USERDOMAIN, LOGONSERVER, WIX, FPS_BROWSER_APP_PROFILE_STRING, JAVA_HOME, OneDrive, APPDATA, ChocolateyInstall, VBOX_MSI_INSTALL_PATH, CommonProgramFiles, Path, OS, COMPUTERNAME, PROCESSOR_REVISION, CommonProgramW6432, ComSpec, TEMP, SystemRoot, HOMEDRIVE, USERPROFILE, TMP, CommonProgramFiles(x86), NUMBER_OF_PROCESSORS, IDEA_INITIAL_DIRECTORY]
2026-09-30T10:50:41.562+0530 [DEBUG] [org.gradle.launcher.daemon.server.exec.LogToClient] About to start relaying all logs to the client via the connection.
2026-09-30T10:50:41.562+0530 [INFO] [org.gradle.launcher.daemon.server.exec.LogToClient] The client will now receive all logging from the daemon (pid: 16860). The daemon log file: D:\GRAPHINOVAS\AI Studio\GRAPHYNOVUS II SUDORA\sudoku-organizer\gradle\daemon\8.2\daemon-16860.out.log
2026-09-30T10:50:41.563+0530 [INFO] [org.gradle.launcher.daemon.server.exec.LogAndCheckHealth] Starting 4th build in daemon [uptime: 3 mins 32.899 secs, performance: 100%, GC rate: 0.00/s, heap usage: 0% of 4 GiB]
2026-09-30T10:50:41.563+0530 [DEBUG] [org.gradle.launcher.daemon.server.exec.ExecuteBuild] The daemon has started executing the build.
2026-09-30T10:50:41.564+0530 [DEBUG] [org.gradle.launcher.daemon.server.exec.ExecuteBuild] Executing build with daemon context: DefaultDaemonContext[uid=fd82ef79-9507-4a8a-b959-cbf625482adf,javaHome=C:\Program Files\Java\jdk-18.0.2.1,daemonRegistryDir=D:\GRAPHINOVAS\AI Studio\GRAPHYNOVUS II SUDORA\sudoku-organizer\gradle\daemon,pid=16860,idleTimeout=10800000,priority=NORMAL,applyInstrumentationAgent=true,daemonOpts=--add-opens=java.base/java.util=ALL-UNNAMED,--add-opens=java.base/java.lang=ALL-UNNAMED,--add-opens=java.base/java.lang.invoke=ALL-UNNAMED,--add-opens=java.prefs/java.util.prefs=ALL-UNNAMED,--add-opens=java.base/java.nio.charset=ALL-UNNAMED,--add-opens=java.base/java.net=ALL-UNNAMED,--add-opens=java.base/java.util.concurrent.atomic=ALL-UNNAMED,-Xmx4g,-Dfile.encoding=UTF-8,-Duser.country=IN,-Duser.language=en,-Duser.variant]

Deprecated Gradle features were used in this build, making it incompatible with Gradle 9.0.

You can use '--warning-mode all' to show the individual deprecation warnings and determine if they come from your own scripts or plugins.

For more on this, please refer to https://docs.gradle.org/8.2/userguide/command_line_interface.html#sec:command_line_warnings in the Gradle documentation.

BUILD SUCCESSFUL in 25s
2026-09-30T10:51:06.570+0530 [DEBUG] [org.gradle.cache.internal.LockOnDemandCrossProcessCacheAccess] Lock on artifact cache (D:\GRAPHINOVAS\AI Studio\GRAPHYNOVUS II SUDORA\sudoku-organizer\gradle\caches\modules-2) requested by another process - releasing lock.
2026-09-30T10:51:06.570+0530 [DEBUG] [org.gradle.cache.internal.LockOnDemandCrossProcessCacheAccess] Releasing file lock for artifact cache (D:\GRAPHINOVAS\AI Studio\GRAPHYNOVUS II SUDORA\sudoku-organizer\gradle\caches\modules-2)
2026-09-30T10:51:06.570+0530 [DEBUG] [org.gradle.cache.internal.DefaultFileLockManager] Releasing lock on artifact cache (D:\GRAPHINOVAS\AI Studio\GRAPHYNOVUS II SUDORA\sudoku-organizer\gradle\caches\modules-2).
2026-09-30T10:51:06.571+0530 [DEBUG] [org.gradle.cache.internal.locklistener.FileLockCommunicator] Confirming lock release to Gradle process at port 53066 for lock with id -6101215439991908676.
2026-09-30T10:51:06.571+0530 [DEBUG] [org.gradle.cache.internal.locklistener.FileLockCommunicator] Confirming lock release to Gradle process at port 53066 for lock with id -6101215439991908676.
2026-09-30T10:51:06.588+0530 [DEBUG] [org.gradle.launcher.daemon.server.exec.ExecuteBuild] The daemon has finished executing the build.
2026-09-30T10:51:06.590+0530 [DEBUG] [org.gradle.launcher.daemon.server.DaemonStateCoordinator] daemon is running. Sleeping until state changes.
2026-09-30T10:51:06.591+0530 [DEBUG] [org.gradle.launcher.daemon.server.DaemonStateCoordinator] Command execution: finished waiting for DaemonCommandExecution[command = Build{id=71664bfb-aee5-43e5-876d-38c14110bddd, currentDir=D:\GRAPHINOVAS\AI Studio\GRAPHYNOVUS II SUDORA\sudoku-organizer}, connection = DefaultDaemonConnection: socket connection from /127.0.0.1:62610 to /127.0.0.1:62768]. Result org.gradle.launcher.daemon.server.DaemonStateCoordinator@3899ed8f with state Busy
2026-09-30T10:51:06.591+0530 [DEBUG] [org.gradle.launcher.daemon.server.DaemonStateCoordinator] Command execution: completed DaemonCommandExecution[command = Build{id=71664bfb-aee5-43e5-876d-38c14110bddd, currentDir=D:\GRAPHINOVAS\AI Studio\GRAPHYNOVUS II SUDORA\sudoku-organizer}, connection = DefaultDaemonConnection: socket connection from /127.0.0.1:62610 to /127.0.0.1:62768]
2026-09-30T10:51:06.591+0530 [DEBUG] [org.gradle.launcher.daemon.server.DaemonStateCoordinator] resetting idle timer
2026-09-30T10:51:06.591+0530 [INFO] [org.gradle.launcher.daemon.server.DaemonRegistryUpdater] Marking the daemon as idle, address: [bd6b4a7c-c501-4f7b-ad6e-79287e214da3 port:62610, addresses:[localhost/127.0.0.1]]
2026-09-30T10:51:06.591+0530 [DEBUG] [org.gradle.launcher.daemon.registry.PersistentDaemonRegistry] Marking busy by address: [bd6b4a7c-c501-4f7b-ad6e-79287e214da3 port:62610, addresses:[localhost/127.0.0.1]]
2026-09-30T10:51:06.592+0530 [DEBUG] [org.gradle.cache.internal.DefaultFileLockManager] Waiting to acquire exclusive lock on daemon addresses registry.
2026-09-30T10:51:06.594+0530 [DEBUG] [org.gradle.cache.internal.DefaultFileLockManager] Lock acquired on daemon addresses registry.
2026-09-30T10:51:06.598+0530 [DEBUG] [org.gradle.cache.internal.DefaultFileLockManager] Releasing lock on daemon addresses registry.
2026-09-30T10:51:06.600+0530 [DEBUG] [org.gradle.launcher.daemon.server.DaemonStateCoordinator] daemon is running. Sleeping until state changes.
2026-09-30T10:51:06.600+0530 [DEBUG] [org.gradle.launcher.daemon.server.exec.ReturnResult] Daemon is dispatching the build result: Success[value=org.gradle.launcher.exec.BuildActionResult@69c1cce]
2026-09-30T10:51:06.600+0530 [DEBUG] [org.gradle.launcher.daemon.server.SynchronizedDispatchConnection] thread 214: dispatching Success[value=org.gradle.launcher.exec.BuildActionResult@69c1cce]
2026-09-30T10:51:06.602+0530 [DEBUG] [org.gradle.launcher.daemon.server.SynchronizedDispatchConnection] thread 216: received class org.gradle.launcher.daemon.protocol.Finished
2026-09-30T10:51:06.602+0530 [DEBUG] [org.gradle.launcher.daemon.server.DefaultDaemonConnection] thread 216: Received non-IO message from client: org.gradle.launcher.daemon.protocol.Finished@2f8eebd9
2026-09-30T10:51:06.602+0530 [DEBUG] [org.gradle.internal.remote.internal.inet.SocketConnection] Discarding EOFException: java.io.EOFException
2026-09-30T10:51:06.602+0530 [DEBUG] [org.gradle.launcher.daemon.server.SynchronizedDispatchConnection] thread 216: received null
2026-09-30T10:51:06.602+0530 [DEBUG] [org.gradle.launcher.daemon.server.DefaultDaemonConnection] thread 216: Received end-of-input from client.
2026-09-30T10:51:06.603+0530 [DEBUG] [org.gradle.launcher.daemon.server.DefaultIncomingConnectionHandler] Finishing executing command: Build{id=71664bfb-aee5-43e5-876d-38c14110bddd, currentDir=D:\GRAPHINOVAS\AI Studio\GRAPHYNOVUS II SUDORA\sudoku-organizer}
2026-09-30T10:51:06.603+0530 [DEBUG] [org.gradle.launcher.daemon.server.DefaultIncomingConnectionHandler] Received finished message: null
2026-09-30T10:51:06.605+0530 [DEBUG] [org.gradle.launcher.daemon.server.SynchronizedDispatchConnection] thread 214: stopping connection
2026-09-30T10:51:06.606+0530 [DEBUG] [org.gradle.launcher.daemon.server.SynchronizedDispatchConnection] thread 214: stopping connection
2026-09-30T10:51:06.878+0530 [DEBUG] [org.gradle.cache.internal.LockOnDemandCrossProcessCacheAccess] Lock on journal cache (D:\GRAPHINOVAS\AI Studio\GRAPHYNOVUS II SUDORA\sudoku-organizer\gradle\caches\journal-1) requested by another process - releasing lock.
2026-09-30T10:51:06.879+0530 [DEBUG] [org.gradle.cache.internal.LockOnDemandCrossProcessCacheAccess] Releasing file lock for journal cache (D:\GRAPHINOVAS\AI Studio\GRAPHYNOVUS II SUDORA\sudoku-organizer\gradle\caches\journal-1)
2026-09-30T10:51:06.879+0530 [DEBUG] [org.gradle.cache.internal.btree.BTreePersistentIndexedCache] Closing cache file-access.bin (D:\GRAPHINOVAS\AI Studio\GRAPHYNOVUS II SUDORA\sudoku-organizer\gradle\caches\journal-1\file-access.bin)
2026-09-30T10:51:06.880+0530 [DEBUG] [org.gradle.cache.internal.DefaultFileLockManager] Releasing lock on journal cache (D:\GRAPHINOVAS\AI Studio\GRAPHYNOVUS II SUDORA\sudoku-organizer\gradle\caches\journal-1).
2026-09-30T10:51:06.881+0530 [DEBUG] [org.gradle.cache.internal.locklistener.FileLockCommunicator] Confirming lock release to Gradle process at port 53066 for lock with id -3191476583377762087.
2026-09-30T10:51:06.881+0530 [DEBUG] [org.gradle.cache.internal.locklistener.FileLockCommunicator] Confirming lock release to Gradle process at port 53066 for lock with id -3191476583377762087.
2026-09-30T10:51:09.960+0530 [DEBUG] [org.gradle.cache.internal.DefaultFileLockManager] Waiting to acquire shared lock on daemon addresses registry.
2026-09-30T10:51:09.960+0530 [DEBUG] [org.gradle.cache.internal.DefaultFileLockManager] Lock acquired on daemon addresses registry.
2026-09-30T10:51:09.960+0530 [DEBUG] [org.gradle.cache.internal.DefaultFileLockManager] Releasing lock on daemon addresses registry.
2026-09-30T10:51:09.961+0530 [DEBUG] [org.gradle.cache.internal.DefaultFileLockManager] Waiting to acquire shared lock on daemon addresses registry.
2026-09-30T10:51:09.962+0530 [DEBUG] [org.gradle.cache.internal.DefaultFileLockManager] Lock acquired on daemon addresses registry.
2026-09-30T10:51:09.962+0530 [DEBUG] [org.gradle.cache.internal.DefaultFileLockManager] Releasing lock on daemon addresses registry.
2026-09-30T10:51:13.642+0530 [DEBUG] [org.gradle.cache.internal.LockOnDemandCrossProcessCacheAccess] Lock on Artifact transforms cache (D:\GRAPHINOVAS\AI Studio\GRAPHYNOVUS II SUDORA\sudoku-organizer\gradle\caches\transforms-3) requested by another process - releasing lock.
2026-09-30T10:51:13.642+0530 [DEBUG] [org.gradle.cache.internal.LockOnDemandCrossProcessCacheAccess] Releasing file lock for Artifact transforms cache (D:\GRAPHINOVAS\AI Studio\GRAPHYNOVUS II SUDORA\sudoku-organizer\gradle\caches\transforms-3)
2026-09-30T10:51:13.642+0530 [DEBUG] [org.gradle.cache.internal.DefaultFileLockManager] Releasing lock on Artifact transforms cache (D:\GRAPHINOVAS\AI Studio\GRAPHYNOVUS II SUDORA\sudoku-organizer\gradle\caches\transforms-3).
2026-09-30T10:51:13.643+0530 [DEBUG] [org.gradle.cache.internal.locklistener.FileLockCommunicator] Confirming lock release to Gradle process at port 53066 for lock with id 8544692886102453543.
2026-09-30T10:51:13.643+0530 [DEBUG] [org.gradle.cache.internal.locklistener.FileLockCommunicator] Confirming lock release to Gradle process at port 53066 for lock with id 8544692886102453543.
2026-09-30T10:51:20.083+0530 [DEBUG] [org.gradle.cache.internal.DefaultFileLockManager] Waiting to acquire shared lock on daemon addresses registry.
2026-09-30T10:51:20.083+0530 [DEBUG] [org.gradle.cache.internal.DefaultFileLockManager] Lock acquired on daemon addresses registry.
2026-09-30T10:51:20.084+0530 [DEBUG] [org.gradle.cache.internal.DefaultFileLockManager] Releasing lock on daemon addresses registry.
2026-09-30T10:51:20.089+0530 [DEBUG] [org.gradle.cache.internal.DefaultFileLockManager] Waiting to acquire shared lock on daemon addresses registry.
2026-09-30T10:51:20.090+0530 [DEBUG] [org.gradle.cache.internal.DefaultFileLockManager] Lock acquired on daemon addresses registry.
2026-09-30T10:51:20.091+0530 [DEBUG] [org.gradle.cache.internal.DefaultFileLockManager] Releasing lock on daemon addresses registry.
2026-09-30T10:51:20.091+0530 [DEBUG] [org.gradle.cache.internal.DefaultFileLockManager] Waiting to acquire shared lock on daemon addresses registry.
2026-09-30T10:51:20.091+0530 [DEBUG] [org.gradle.cache.internal.DefaultFileLockManager] Lock acquired on daemon addresses registry.
2026-09-30T10:51:20.092+0530 [DEBUG] [org.gradle.cache.internal.DefaultFileLockManager] Releasing lock on daemon addresses registry.
2026-09-30T10:51:26.988+0530 [DEBUG] [org.gradle.internal.remote.internal.inet.TcpIncomingConnector] Accepted connection from /127.0.0.1:62782 to /127.0.0.1:62610.
2026-09-30T10:51:26.998+0530 [DEBUG] [org.gradle.launcher.daemon.server.SynchronizedDispatchConnection] thread 276: received class org.gradle.launcher.daemon.protocol.Build
2026-09-30T10:51:26.998+0530 [DEBUG] [org.gradle.launcher.daemon.server.DefaultDaemonConnection] thread 276: Received non-IO message from client: Build{id=540499c8-edec-464d-8ee9-b65060b8dd8e, currentDir=D:\GRAPHINOVAS\AI Studio\GRAPHYNOVUS II SUDORA\sudoku-organizer}
2026-09-30T10:51:26.998+0530 [INFO] [org.gradle.launcher.daemon.server.DefaultIncomingConnectionHandler] Received command: Build{id=540499c8-edec-464d-8ee9-b65060b8dd8e, currentDir=D:\GRAPHINOVAS\AI Studio\GRAPHYNOVUS II SUDORA\sudoku-organizer}.
2026-09-30T10:51:26.998+0530 [DEBUG] [org.gradle.launcher.daemon.server.DefaultIncomingConnectionHandler] Starting executing command: Build{id=540499c8-edec-464d-8ee9-b65060b8dd8e, currentDir=D:\GRAPHINOVAS\AI Studio\GRAPHYNOVUS II SUDORA\sudoku-organizer} with connection: socket connection from /127.0.0.1:62610 to /127.0.0.1:62782.
2026-09-30T10:51:27.001+0530 [DEBUG] [org.gradle.launcher.daemon.server.DaemonStateCoordinator] Command execution: started DaemonCommandExecution[command = Build{id=540499c8-edec-464d-8ee9-b65060b8dd8e, currentDir=D:\GRAPHINOVAS\AI Studio\GRAPHYNOVUS II SUDORA\sudoku-organizer}, connection = DefaultDaemonConnection: socket connection from /127.0.0.1:62610 to /127.0.0.1:62782] after 0.0 minutes of idle
2026-09-30T10:51:27.007+0530 [INFO] [org.gradle.launcher.daemon.server.DaemonRegistryUpdater] Marking the daemon as busy, address: [bd6b4a7c-c501-4f7b-ad6e-79287e214da3 port:62610, addresses:[localhost/127.0.0.1]]
2026-09-30T10:51:27.007+0530 [DEBUG] [org.gradle.launcher.daemon.registry.PersistentDaemonRegistry] Marking busy by address: [bd6b4a7c-c501-4f7b-ad6e-79287e214da3 port:62610, addresses:[localhost/127.0.0.1]]
2026-09-30T10:51:27.010+0530 [DEBUG] [org.gradle.cache.internal.DefaultFileLockManager] Waiting to acquire exclusive lock on daemon addresses registry.
2026-09-30T10:51:27.023+0530 [DEBUG] [org.gradle.cache.internal.DefaultFileLockManager] Lock acquired on daemon addresses registry.
2026-09-30T10:51:27.031+0530 [DEBUG] [org.gradle.cache.internal.DefaultFileLockManager] Releasing lock on daemon addresses registry.
2026-09-30T10:51:27.038+0530 [DEBUG] [org.gradle.launcher.daemon.server.DaemonStateCoordinator] resetting idle timer
2026-09-30T10:51:27.038+0530 [DEBUG] [org.gradle.launcher.daemon.server.DaemonStateCoordinator] daemon is running. Sleeping until state changes.
2026-09-30T10:51:27.038+0530 [INFO] [org.gradle.launcher.daemon.server.exec.StartBuildOrRespondWithBusy] Daemon is about to start building Build{id=540499c8-edec-464d-8ee9-b65060b8dd8e, currentDir=D:\GRAPHINOVAS\AI Studio\GRAPHYNOVUS II SUDORA\sudoku-organizer}. Dispatching build started information...
2026-09-30T10:51:27.038+0530 [DEBUG] [org.gradle.launcher.daemon.server.SynchronizedDispatchConnection] thread 218: dispatching org.gradle.launcher.daemon.protocol.BuildStarted@6132dd4a
2026-09-30T10:51:27.049+0530 [DEBUG] [org.gradle.launcher.daemon.server.exec.EstablishBuildEnvironment] Configuring env variables: [USERDOMAIN_ROAMINGPROFILE, PROCESSOR_LEVEL, SESSIONNAME, ALLUSERSPROFILE, INTEL_DEV_REDIST, PROCESSOR_ARCHITECTURE, MIC_LD_LIBRARY_PATH, ANDROID_HOME, PSModulePath, SystemDrive, USERNAME, ProgramFiles(x86), FPS_BROWSER_USER_PROFILE_STRING, PATHEXT, DriverData, ProgramData, ProgramW6432, HOMEPATH, PROCESSOR_IDENTIFIER, GRALDLE_HOME, ProgramFiles, PUBLIC, windir, GlobalVariableMeritTracSecureDesktop, =::, OPENSSL_CONF, LOCALAPPDATA, ChocolateyLastPathUpdate, USERDOMAIN, LOGONSERVER, WIX, FPS_BROWSER_APP_PROFILE_STRING, JAVA_HOME, OneDrive, APPDATA, ChocolateyInstall, VBOX_MSI_INSTALL_PATH, CommonProgramFiles, Path, OS, COMPUTERNAME, PROCESSOR_REVISION, CommonProgramW6432, ComSpec, TEMP, SystemRoot, HOMEDRIVE, USERPROFILE, TMP, CommonProgramFiles(x86), NUMBER_OF_PROCESSORS, IDEA_INITIAL_DIRECTORY]
2026-09-30T10:51:27.050+0530 [DEBUG] [org.gradle.launcher.daemon.server.exec.LogToClient] About to start relaying all logs to the client via the connection.
2026-09-30T10:51:27.050+0530 [INFO] [org.gradle.launcher.daemon.server.exec.LogToClient] The client will now receive all logging from the daemon (pid: 16860). The daemon log file: D:\GRAPHINOVAS\AI Studio\GRAPHYNOVUS II SUDORA\sudoku-organizer\gradle\daemon\8.2\daemon-16860.out.log
2026-09-30T10:51:27.053+0530 [INFO] [org.gradle.launcher.daemon.server.exec.LogAndCheckHealth] Starting 5th build in daemon [uptime: 4 mins 18.389 secs, performance: 100%, GC rate: 0.00/s, heap usage: 0% of 4 GiB]
2026-09-30T10:51:27.054+0530 [DEBUG] [org.gradle.launcher.daemon.server.exec.ExecuteBuild] The daemon has started executing the build.
2026-09-30T10:51:27.054+0530 [DEBUG] [org.gradle.launcher.daemon.server.exec.ExecuteBuild] Executing build with daemon context: DefaultDaemonContext[uid=fd82ef79-9507-4a8a-b959-cbf625482adf,javaHome=C:\Program Files\Java\jdk-18.0.2.1,daemonRegistryDir=D:\GRAPHINOVAS\AI Studio\GRAPHYNOVUS II SUDORA\sudoku-organizer\gradle\daemon,pid=16860,idleTimeout=10800000,priority=NORMAL,applyInstrumentationAgent=true,daemonOpts=--add-opens=java.base/java.util=ALL-UNNAMED,--add-opens=java.base/java.lang=ALL-UNNAMED,--add-opens=java.base/java.lang.invoke=ALL-UNNAMED,--add-opens=java.prefs/java.util.prefs=ALL-UNNAMED,--add-opens=java.base/java.nio.charset=ALL-UNNAMED,--add-opens=java.base/java.net=ALL-UNNAMED,--add-opens=java.base/java.util.concurrent.atomic=ALL-UNNAMED,-Xmx4g,-Dfile.encoding=UTF-8,-Duser.country=IN,-Duser.language=en,-Duser.variant]
Calculating task graph as configuration cache cannot be reused because file 'app\build.gradle.kts' has changed.

0 problems were found storing the configuration cache.

See the complete report at file:///D:/GRAPHINOVAS/AI%20Studio/GRAPHYNOVUS%20II%20SUDORA/sudoku-organizer/build/reports/configuration-cache/8vxucn3xpdn5wqcbu3sk1dzic/8cbfwd5uy8co5lcjrd9sc8j6a/configuration-cache-report.html

FAILURE: Build failed with an exception.

* What went wrong:
Execution failed for task ':app:kspDebugKotlin'.
> Inconsistent JVM-target compatibility detected for tasks 'compileDebugJavaWithJavac' (17) and 'kspDebugKotlin' (18).
  
  Consider using JVM Toolchain: https://kotl.in/gradle/jvm/toolchain
  Learn more about JVM-target validation: https://kotl.in/gradle/jvm/target-validation 

* Try:
> Run with --info or --debug option to get more log output.
> Run with --scan to get full insights.
> Get more help at https://help.gradle.org.

* Exception is:
org.gradle.api.tasks.TaskExecutionException: Execution failed for task ':app:kspDebugKotlin'.
	at org.gradle.api.internal.tasks.execution.ExecuteActionsTaskExecuter.lambda$executeIfValid$1(ExecuteActionsTaskExecuter.java:149)
	at org.gradle.internal.Try$Failure.ifSuccessfulOrElse(Try.java:282)
	at org.gradle.api.internal.tasks.execution.ExecuteActionsTaskExecuter.executeIfValid(ExecuteActionsTaskExecuter.java:147)
	at org.gradle.api.internal.tasks.execution.ExecuteActionsTaskExecuter.execute(ExecuteActionsTaskExecuter.java:135)
	at org.gradle.api.internal.tasks.execution.FinalizePropertiesTaskExecuter.execute(FinalizePropertiesTaskExecuter.java:46)
	at org.gradle.api.internal.tasks.execution.ResolveTaskExecutionModeExecuter.execute(ResolveTaskExecutionModeExecuter.java:51)
	at org.gradle.api.internal.tasks.execution.SkipTaskWithNoActionsExecuter.execute(SkipTaskWithNoActionsExecuter.java:57)
	at org.gradle.api.internal.tasks.execution.SkipOnlyIfTaskExecuter.execute(SkipOnlyIfTaskExecuter.java:74)
	at org.gradle.api.internal.tasks.execution.CatchExceptionTaskExecuter.execute(CatchExceptionTaskExecuter.java:36)
	at org.gradle.api.internal.tasks.execution.EventFiringTaskExecuter$1.executeTask(EventFiringTaskExecuter.java:77)
	at org.gradle.api.internal.tasks.execution.EventFiringTaskExecuter$1.call(EventFiringTaskExecuter.java:55)
	at org.gradle.api.internal.tasks.execution.EventFiringTaskExecuter$1.call(EventFiringTaskExecuter.java:52)
	at org.gradle.internal.operations.DefaultBuildOperationRunner$CallableBuildOperationWorker.execute(DefaultBuildOperationRunner.java:204)
	at org.gradle.internal.operations.DefaultBuildOperationRunner$CallableBuildOperationWorker.execute(DefaultBuildOperationRunner.java:199)
	at org.gradle.internal.operations.DefaultBuildOperationRunner$2.execute(DefaultBuildOperationRunner.java:66)
	at org.gradle.internal.operations.DefaultBuildOperationRunner$2.execute(DefaultBuildOperationRunner.java:59)
	at org.gradle.internal.operations.DefaultBuildOperationRunner.execute(DefaultBuildOperationRunner.java:157)
	at org.gradle.internal.operations.DefaultBuildOperationRunner.execute(DefaultBuildOperationRunner.java:59)
	at org.gradle.internal.operations.DefaultBuildOperationRunner.call(DefaultBuildOperationRunner.java:53)
	at org.gradle.internal.operations.DefaultBuildOperationExecutor.call(DefaultBuildOperationExecutor.java:73)
	at org.gradle.api.internal.tasks.execution.EventFiringTaskExecuter.execute(EventFiringTaskExecuter.java:52)
	at org.gradle.execution.plan.LocalTaskNodeExecutor.execute(LocalTaskNodeExecutor.java:42)
	at org.gradle.execution.taskgraph.DefaultTaskExecutionGraph$InvokeNodeExecutorsAction.execute(DefaultTaskExecutionGraph.java:337)
	at org.gradle.execution.taskgraph.DefaultTaskExecutionGraph$InvokeNodeExecutorsAction.execute(DefaultTaskExecutionGraph.java:324)
	at org.gradle.execution.taskgraph.DefaultTaskExecutionGraph$BuildOperationAwareExecutionAction.execute(DefaultTaskExecutionGraph.java:317)
	at org.gradle.execution.taskgraph.DefaultTaskExecutionGraph$BuildOperationAwareExecutionAction.execute(DefaultTaskExecutionGraph.java:303)
	at org.gradle.execution.plan.DefaultPlanExecutor$ExecutorWorker.execute(DefaultPlanExecutor.java:463)
	at org.gradle.execution.plan.DefaultPlanExecutor$ExecutorWorker.run(DefaultPlanExecutor.java:380)
	at org.gradle.execution.plan.DefaultPlanExecutor.process(DefaultPlanExecutor.java:116)
	at org.gradle.execution.taskgraph.DefaultTaskExecutionGraph.executeWithServices(DefaultTaskExecutionGraph.java:138)
	at org.gradle.execution.taskgraph.DefaultTaskExecutionGraph.execute(DefaultTaskExecutionGraph.java:123)
	at org.gradle.execution.SelectedTaskExecutionAction.execute(SelectedTaskExecutionAction.java:35)
	at org.gradle.execution.DryRunBuildExecutionAction.execute(DryRunBuildExecutionAction.java:51)
	at org.gradle.execution.BuildOperationFiringBuildWorkerExecutor$ExecuteTasks.call(BuildOperationFiringBuildWorkerExecutor.java:54)
	at org.gradle.execution.BuildOperationFiringBuildWorkerExecutor$ExecuteTasks.call(BuildOperationFiringBuildWorkerExecutor.java:43)
	at org.gradle.internal.operations.DefaultBuildOperationRunner$CallableBuildOperationWorker.execute(DefaultBuildOperationRunner.java:204)
	at org.gradle.internal.operations.DefaultBuildOperationRunner$CallableBuildOperationWorker.execute(DefaultBuildOperationRunner.java:199)
	at org.gradle.internal.operations.DefaultBuildOperationRunner$2.execute(DefaultBuildOperationRunner.java:66)
	at org.gradle.internal.operations.DefaultBuildOperationRunner$2.execute(DefaultBuildOperationRunner.java:59)
	at org.gradle.internal.operations.DefaultBuildOperationRunner.execute(DefaultBuildOperationRunner.java:157)
	at org.gradle.internal.operations.DefaultBuildOperationRunner.execute(DefaultBuildOperationRunner.java:59)
	at org.gradle.internal.operations.DefaultBuildOperationRunner.call(DefaultBuildOperationRunner.java:53)
	at org.gradle.internal.operations.DefaultBuildOperationExecutor.call(DefaultBuildOperationExecutor.java:73)
	at org.gradle.execution.BuildOperationFiringBuildWorkerExecutor.execute(BuildOperationFiringBuildWorkerExecutor.java:40)
	at org.gradle.internal.build.DefaultBuildLifecycleController.lambda$executeTasks$10(DefaultBuildLifecycleController.java:264)
	at org.gradle.internal.model.StateTransitionController.doTransition(StateTransitionController.java:266)
	at org.gradle.internal.model.StateTransitionController.lambda$tryTransition$8(StateTransitionController.java:177)
	at org.gradle.internal.work.DefaultSynchronizer.withLock(DefaultSynchronizer.java:44)
	at org.gradle.internal.model.StateTransitionController.tryTransition(StateTransitionController.java:177)
	at org.gradle.internal.build.DefaultBuildLifecycleController.executeTasks(DefaultBuildLifecycleController.java:255)
	at org.gradle.internal.build.DefaultBuildWorkGraphController$DefaultBuildWorkGraph.runWork(DefaultBuildWorkGraphController.java:220)
	at org.gradle.internal.work.DefaultWorkerLeaseService.withLocks(DefaultWorkerLeaseService.java:249)
	at org.gradle.internal.work.DefaultWorkerLeaseService.runAsWorkerThread(DefaultWorkerLeaseService.java:109)
	at org.gradle.composite.internal.DefaultBuildController.doRun(DefaultBuildController.java:181)
	at org.gradle.composite.internal.DefaultBuildController.access$000(DefaultBuildController.java:50)
	at org.gradle.composite.internal.DefaultBuildController$BuildOpRunnable.run(DefaultBuildController.java:200)
	at org.gradle.internal.concurrent.ExecutorPolicy$CatchAndRecordFailures.onExecute(ExecutorPolicy.java:64)
	at org.gradle.internal.concurrent.AbstractManagedExecutor$1.run(AbstractManagedExecutor.java:47)
Caused by: org.gradle.api.InvalidUserCodeException: Inconsistent JVM-target compatibility detected for tasks 'compileDebugJavaWithJavac' (17) and 'kspDebugKotlin' (18).

Consider using JVM Toolchain: https://kotl.in/gradle/jvm/toolchain
Learn more about JVM-target validation: https://kotl.in/gradle/jvm/target-validation 
	at org.jetbrains.kotlin.gradle.plugin.diagnostics.RenderReportedDiagnosticsKt.createAnExceptionForFatalDiagnostic(renderReportedDiagnostics.kt:44)
	at org.jetbrains.kotlin.gradle.plugin.diagnostics.RenderReportedDiagnosticsKt.renderReportedDiagnostic(renderReportedDiagnostics.kt:32)
	at org.jetbrains.kotlin.gradle.plugin.diagnostics.KotlinToolingDiagnosticsCollector.report(KotlinToolingDiagnosticsCollector.kt:41)
	at org.jetbrains.kotlin.gradle.plugin.diagnostics.UsesKotlinToolingDiagnostics$DefaultImpls.reportDiagnostic(UsesKotlinToolingDiagnostics.kt:20)
	at org.jetbrains.kotlin.gradle.tasks.AbstractKotlinCompile.reportDiagnostic(AbstractKotlinCompile.kt:48)
	at org.jetbrains.kotlin.gradle.tasks.KotlinCompile.validateKotlinAndJavaHasSameTargetCompatibility(KotlinCompile.kt:378)
	at org.jetbrains.kotlin.gradle.tasks.KotlinCompile.callCompilerAsync$kotlin_gradle_plugin_common(KotlinCompile.kt:310)
	at com.google.devtools.ksp.gradle.KspTaskJvm.callCompilerAsync$kotlin_gradle_plugin_common(KotlinFactories.kt:227)
	at org.jetbrains.kotlin.gradle.tasks.KotlinCompile.callCompilerAsync$kotlin_gradle_plugin_common(KotlinCompile.kt:56)
	at org.jetbrains.kotlin.gradle.tasks.AbstractKotlinCompile.executeImpl(AbstractKotlinCompile.kt:324)
	at org.jetbrains.kotlin.gradle.tasks.AbstractKotlinCompile.execute(AbstractKotlinCompile.kt:274)
	at java.base/jdk.internal.reflect.DirectMethodHandleAccessor.invoke(DirectMethodHandleAccessor.java:104)
	at org.gradle.internal.reflect.JavaMethod.invoke(JavaMethod.java:125)
	at org.gradle.api.internal.project.taskfactory.IncrementalTaskAction.doExecute(IncrementalTaskAction.java:45)
	at org.gradle.api.internal.project.taskfactory.StandardTaskAction.execute(StandardTaskAction.java:51)
	at org.gradle.api.internal.project.taskfactory.IncrementalTaskAction.execute(IncrementalTaskAction.java:26)
	at org.gradle.api.internal.project.taskfactory.StandardTaskAction.execute(StandardTaskAction.java:29)
	at org.gradle.api.internal.tasks.execution.TaskExecution$3.run(TaskExecution.java:248)
	at org.gradle.internal.operations.DefaultBuildOperationRunner$1.execute(DefaultBuildOperationRunner.java:29)
	at org.gradle.internal.operations.DefaultBuildOperationRunner$1.execute(DefaultBuildOperationRunner.java:26)
	at org.gradle.internal.operations.DefaultBuildOperationRunner$2.execute(DefaultBuildOperationRunner.java:66)
	at org.gradle.internal.operations.DefaultBuildOperationRunner$2.execute(DefaultBuildOperationRunner.java:59)
	at org.gradle.internal.operations.DefaultBuildOperationRunner.execute(DefaultBuildOperationRunner.java:157)
	at org.gradle.internal.operations.DefaultBuildOperationRunner.execute(DefaultBuildOperationRunner.java:59)
	at org.gradle.internal.operations.DefaultBuildOperationRunner.run(DefaultBuildOperationRunner.java:47)
	at org.gradle.internal.operations.DefaultBuildOperationExecutor.run(DefaultBuildOperationExecutor.java:68)
	at org.gradle.api.internal.tasks.execution.TaskExecution.executeAction(TaskExecution.java:233)
	at org.gradle.api.internal.tasks.execution.TaskExecution.executeActions(TaskExecution.java:216)
	at org.gradle.api.internal.tasks.execution.TaskExecution.executeWithPreviousOutputFiles(TaskExecution.java:199)
	at org.gradle.api.internal.tasks.execution.TaskExecution.execute(TaskExecution.java:166)
	at org.gradle.internal.execution.steps.ExecuteStep.executeInternal(ExecuteStep.java:105)
	at org.gradle.internal.execution.steps.ExecuteStep.access$000(ExecuteStep.java:44)
	at org.gradle.internal.execution.steps.ExecuteStep$1.call(ExecuteStep.java:59)
	at org.gradle.internal.execution.steps.ExecuteStep$1.call(ExecuteStep.java:56)
	at org.gradle.internal.operations.DefaultBuildOperationRunner$CallableBuildOperationWorker.execute(DefaultBuildOperationRunner.java:204)
	at org.gradle.internal.operations.DefaultBuildOperationRunner$CallableBuildOperationWorker.execute(DefaultBuildOperationRunner.java:199)
	at org.gradle.internal.operations.DefaultBuildOperationRunner$2.execute(DefaultBuildOperationRunner.java:66)
	at org.gradle.internal.operations.DefaultBuildOperationRunner$2.execute(DefaultBuildOperationRunner.java:59)
	at org.gradle.internal.operations.DefaultBuildOperationRunner.execute(DefaultBuildOperationRunner.java:157)
	at org.gradle.internal.operations.DefaultBuildOperationRunner.execute(DefaultBuildOperationRunner.java:59)
	at org.gradle.internal.operations.DefaultBuildOperationRunner.call(DefaultBuildOperationRunner.java:53)
	at org.gradle.internal.operations.DefaultBuildOperationExecutor.call(DefaultBuildOperationExecutor.java:73)
	at org.gradle.internal.execution.steps.ExecuteStep.execute(ExecuteStep.java:56)
	at org.gradle.internal.execution.steps.ExecuteStep.execute(ExecuteStep.java:44)
	at org.gradle.internal.execution.steps.RemovePreviousOutputsStep.execute(RemovePreviousOutputsStep.java:67)
	at org.gradle.internal.execution.steps.RemovePreviousOutputsStep.execute(RemovePreviousOutputsStep.java:37)
	at org.gradle.internal.execution.steps.CancelExecutionStep.execute(CancelExecutionStep.java:41)
	at org.gradle.internal.execution.steps.TimeoutStep.executeWithoutTimeout(TimeoutStep.java:74)
	at org.gradle.internal.execution.steps.TimeoutStep.execute(TimeoutStep.java:55)
	at org.gradle.internal.execution.steps.CreateOutputsStep.execute(CreateOutputsStep.java:50)
	at org.gradle.internal.execution.steps.CreateOutputsStep.execute(CreateOutputsStep.java:28)
	at org.gradle.internal.execution.steps.CaptureStateAfterExecutionStep.executeDelegateBroadcastingChanges(CaptureStateAfterExecutionStep.java:100)
	at org.gradle.internal.execution.steps.CaptureStateAfterExecutionStep.execute(CaptureStateAfterExecutionStep.java:72)
	at org.gradle.internal.execution.steps.CaptureStateAfterExecutionStep.execute(CaptureStateAfterExecutionStep.java:50)
	at org.gradle.internal.execution.steps.ResolveInputChangesStep.execute(ResolveInputChangesStep.java:40)
	at org.gradle.internal.execution.steps.ResolveInputChangesStep.execute(ResolveInputChangesStep.java:29)
	at org.gradle.internal.execution.steps.BuildCacheStep.executeWithoutCache(BuildCacheStep.java:179)
	at org.gradle.internal.execution.steps.BuildCacheStep.executeAndStoreInCache(BuildCacheStep.java:139)
	at org.gradle.internal.execution.steps.BuildCacheStep.lambda$executeWithCache$4(BuildCacheStep.java:106)
	at org.gradle.internal.execution.steps.BuildCacheStep.lambda$executeWithCache$5(BuildCacheStep.java:106)
	at org.gradle.internal.Try$Success.map(Try.java:164)
	at org.gradle.internal.execution.steps.BuildCacheStep.executeWithCache(BuildCacheStep.java:80)
	at org.gradle.internal.execution.steps.BuildCacheStep.lambda$execute$0(BuildCacheStep.java:69)
	at org.gradle.internal.Either$Left.fold(Either.java:115)
	at org.gradle.internal.execution.caching.CachingState.fold(CachingState.java:59)
	at org.gradle.internal.execution.steps.BuildCacheStep.execute(BuildCacheStep.java:68)
	at org.gradle.internal.execution.steps.BuildCacheStep.execute(BuildCacheStep.java:46)
	at org.gradle.internal.execution.steps.StoreExecutionStateStep.execute(StoreExecutionStateStep.java:36)
	at org.gradle.internal.execution.steps.StoreExecutionStateStep.execute(StoreExecutionStateStep.java:25)
	at org.gradle.internal.execution.steps.RecordOutputsStep.execute(RecordOutputsStep.java:36)
	at org.gradle.internal.execution.steps.RecordOutputsStep.execute(RecordOutputsStep.java:22)
	at org.gradle.internal.execution.steps.SkipUpToDateStep.executeBecause(SkipUpToDateStep.java:91)
	at org.gradle.internal.execution.steps.SkipUpToDateStep.lambda$execute$2(SkipUpToDateStep.java:55)
	at org.gradle.internal.execution.steps.SkipUpToDateStep.execute(SkipUpToDateStep.java:55)
	at org.gradle.internal.execution.steps.SkipUpToDateStep.execute(SkipUpToDateStep.java:37)
	at org.gradle.internal.execution.steps.ResolveChangesStep.execute(ResolveChangesStep.java:65)
	at org.gradle.internal.execution.steps.ResolveChangesStep.execute(ResolveChangesStep.java:36)
	at org.gradle.internal.execution.steps.legacy.MarkSnapshottingInputsFinishedStep.execute(MarkSnapshottingInputsFinishedStep.java:37)
	at org.gradle.internal.execution.steps.legacy.MarkSnapshottingInputsFinishedStep.execute(MarkSnapshottingInputsFinishedStep.java:27)
	at org.gradle.internal.execution.steps.ResolveCachingStateStep.execute(ResolveCachingStateStep.java:77)
	at org.gradle.internal.execution.steps.ResolveCachingStateStep.execute(ResolveCachingStateStep.java:38)
	at org.gradle.internal.execution.steps.ValidateStep.execute(ValidateStep.java:94)
	at org.gradle.internal.execution.steps.ValidateStep.execute(ValidateStep.java:49)
	at org.gradle.internal.execution.steps.CaptureStateBeforeExecutionStep.execute(CaptureStateBeforeExecutionStep.java:71)
	at org.gradle.internal.execution.steps.CaptureStateBeforeExecutionStep.execute(CaptureStateBeforeExecutionStep.java:45)
	at org.gradle.internal.execution.steps.SkipEmptyWorkStep.executeWithNonEmptySources(SkipEmptyWorkStep.java:177)
	at org.gradle.internal.execution.steps.SkipEmptyWorkStep.execute(SkipEmptyWorkStep.java:86)
	at org.gradle.internal.execution.steps.SkipEmptyWorkStep.execute(SkipEmptyWorkStep.java:53)
	at org.gradle.internal.execution.steps.RemoveUntrackedExecutionStateStep.execute(RemoveUntrackedExecutionStateStep.java:32)
	at org.gradle.internal.execution.steps.RemoveUntrackedExecutionStateStep.execute(RemoveUntrackedExecutionStateStep.java:21)
	at org.gradle.internal.execution.steps.legacy.MarkSnapshottingInputsStartedStep.execute(MarkSnapshottingInputsStartedStep.java:38)
	at org.gradle.internal.execution.steps.LoadPreviousExecutionStateStep.execute(LoadPreviousExecutionStateStep.java:36)
	at org.gradle.internal.execution.steps.LoadPreviousExecutionStateStep.execute(LoadPreviousExecutionStateStep.java:23)
	at org.gradle.internal.execution.steps.CleanupStaleOutputsStep.execute(CleanupStaleOutputsStep.java:75)
	at org.gradle.internal.execution.steps.CleanupStaleOutputsStep.execute(CleanupStaleOutputsStep.java:41)
	at org.gradle.internal.execution.steps.AssignWorkspaceStep.lambda$execute$0(AssignWorkspaceStep.java:32)
	at org.gradle.api.internal.tasks.execution.TaskExecution$4.withWorkspace(TaskExecution.java:293)
	at org.gradle.internal.execution.steps.AssignWorkspaceStep.execute(AssignWorkspaceStep.java:30)
	at org.gradle.internal.execution.steps.AssignWorkspaceStep.execute(AssignWorkspaceStep.java:21)
	at org.gradle.internal.execution.steps.IdentityCacheStep.execute(IdentityCacheStep.java:37)
	at org.gradle.internal.execution.steps.IdentityCacheStep.execute(IdentityCacheStep.java:27)
	at org.gradle.internal.execution.steps.IdentifyStep.execute(IdentifyStep.java:47)
	at org.gradle.internal.execution.steps.IdentifyStep.execute(IdentifyStep.java:34)
	at org.gradle.internal.execution.impl.DefaultExecutionEngine$1.execute(DefaultExecutionEngine.java:64)
	at org.gradle.api.internal.tasks.execution.ExecuteActionsTaskExecuter.executeIfValid(ExecuteActionsTaskExecuter.java:146)
	at org.gradle.api.internal.tasks.execution.ExecuteActionsTaskExecuter.execute(ExecuteActionsTaskExecuter.java:135)
	at org.gradle.api.internal.tasks.execution.FinalizePropertiesTaskExecuter.execute(FinalizePropertiesTaskExecuter.java:46)
	at org.gradle.api.internal.tasks.execution.ResolveTaskExecutionModeExecuter.execute(ResolveTaskExecutionModeExecuter.java:51)
	at org.gradle.api.internal.tasks.execution.SkipTaskWithNoActionsExecuter.execute(SkipTaskWithNoActionsExecuter.java:57)
	at org.gradle.api.internal.tasks.execution.SkipOnlyIfTaskExecuter.execute(SkipOnlyIfTaskExecuter.java:74)
	at org.gradle.api.internal.tasks.execution.CatchExceptionTaskExecuter.execute(CatchExceptionTaskExecuter.java:36)
	at org.gradle.api.internal.tasks.execution.EventFiringTaskExecuter$1.executeTask(EventFiringTaskExecuter.java:77)
	at org.gradle.api.internal.tasks.execution.EventFiringTaskExecuter$1.call(EventFiringTaskExecuter.java:55)
	at org.gradle.api.internal.tasks.execution.EventFiringTaskExecuter$1.call(EventFiringTaskExecuter.java:52)
	at org.gradle.internal.operations.DefaultBuildOperationRunner$CallableBuildOperationWorker.execute(DefaultBuildOperationRunner.java:204)
	at org.gradle.internal.operations.DefaultBuildOperationRunner$CallableBuildOperationWorker.execute(DefaultBuildOperationRunner.java:199)
	at org.gradle.internal.operations.DefaultBuildOperationRunner$2.execute(DefaultBuildOperationRunner.java:66)
	at org.gradle.internal.operations.DefaultBuildOperationRunner$2.execute(DefaultBuildOperationRunner.java:59)
	at org.gradle.internal.operations.DefaultBuildOperationRunner.execute(DefaultBuildOperationRunner.java:157)
	at org.gradle.internal.operations.DefaultBuildOperationRunner.execute(DefaultBuildOperationRunner.java:59)
	at org.gradle.internal.operations.DefaultBuildOperationRunner.call(DefaultBuildOperationRunner.java:53)
	at org.gradle.internal.operations.DefaultBuildOperationExecutor.call(DefaultBuildOperationExecutor.java:73)
	at org.gradle.api.internal.tasks.execution.EventFiringTaskExecuter.execute(EventFiringTaskExecuter.java:52)
	at org.gradle.execution.plan.LocalTaskNodeExecutor.execute(LocalTaskNodeExecutor.java:42)
	at org.gradle.execution.taskgraph.DefaultTaskExecutionGraph$InvokeNodeExecutorsAction.execute(DefaultTaskExecutionGraph.java:337)
	at org.gradle.execution.taskgraph.DefaultTaskExecutionGraph$InvokeNodeExecutorsAction.execute(DefaultTaskExecutionGraph.java:324)
	at org.gradle.execution.taskgraph.DefaultTaskExecutionGraph$BuildOperationAwareExecutionAction.execute(DefaultTaskExecutionGraph.java:317)
	at org.gradle.execution.taskgraph.DefaultTaskExecutionGraph$BuildOperationAwareExecutionAction.execute(DefaultTaskExecutionGraph.java:303)
	at org.gradle.execution.plan.DefaultPlanExecutor$ExecutorWorker.execute(DefaultPlanExecutor.java:463)
	at org.gradle.execution.plan.DefaultPlanExecutor$ExecutorWorker.run(DefaultPlanExecutor.java:380)
	at org.gradle.execution.plan.DefaultPlanExecutor.process(DefaultPlanExecutor.java:116)
	at org.gradle.execution.taskgraph.DefaultTaskExecutionGraph.executeWithServices(DefaultTaskExecutionGraph.java:138)
	at org.gradle.execution.taskgraph.DefaultTaskExecutionGraph.execute(DefaultTaskExecutionGraph.java:123)
	at org.gradle.execution.SelectedTaskExecutionAction.execute(SelectedTaskExecutionAction.java:35)
	at org.gradle.execution.DryRunBuildExecutionAction.execute(DryRunBuildExecutionAction.java:51)
	at org.gradle.execution.BuildOperationFiringBuildWorkerExecutor$ExecuteTasks.call(BuildOperationFiringBuildWorkerExecutor.java:54)
	at org.gradle.execution.BuildOperationFiringBuildWorkerExecutor$ExecuteTasks.call(BuildOperationFiringBuildWorkerExecutor.java:43)
	at org.gradle.internal.operations.DefaultBuildOperationRunner$CallableBuildOperationWorker.execute(DefaultBuildOperationRunner.java:204)
	at org.gradle.internal.operations.DefaultBuildOperationRunner$CallableBuildOperationWorker.execute(DefaultBuildOperationRunner.java:199)
	at org.gradle.internal.operations.DefaultBuildOperationRunner$2.execute(DefaultBuildOperationRunner.java:66)
	at org.gradle.internal.operations.DefaultBuildOperationRunner$2.execute(DefaultBuildOperationRunner.java:59)
	at org.gradle.internal.operations.DefaultBuildOperationRunner.execute(DefaultBuildOperationRunner.java:157)
	at org.gradle.internal.operations.DefaultBuildOperationRunner.execute(DefaultBuildOperationRunner.java:59)
	at org.gradle.internal.operations.DefaultBuildOperationRunner.call(DefaultBuildOperationRunner.java:53)
	at org.gradle.internal.operations.DefaultBuildOperationExecutor.call(DefaultBuildOperationExecutor.java:73)
	at org.gradle.execution.BuildOperationFiringBuildWorkerExecutor.execute(BuildOperationFiringBuildWorkerExecutor.java:40)
	at org.gradle.internal.build.DefaultBuildLifecycleController.lambda$executeTasks$10(DefaultBuildLifecycleController.java:264)
	at org.gradle.internal.model.StateTransitionController.doTransition(StateTransitionController.java:266)
	at org.gradle.internal.model.StateTransitionController.lambda$tryTransition$8(StateTransitionController.java:177)
	at org.gradle.internal.work.DefaultSynchronizer.withLock(DefaultSynchronizer.java:44)
	at org.gradle.internal.model.StateTransitionController.tryTransition(StateTransitionController.java:177)
	at org.gradle.internal.build.DefaultBuildLifecycleController.executeTasks(DefaultBuildLifecycleController.java:255)
	at org.gradle.internal.build.DefaultBuildWorkGraphController$DefaultBuildWorkGraph.runWork(DefaultBuildWorkGraphController.java:220)
	at org.gradle.internal.work.DefaultWorkerLeaseService.withLocks(DefaultWorkerLeaseService.java:249)
	at org.gradle.internal.work.DefaultWorkerLeaseService.runAsWorkerThread(DefaultWorkerLeaseService.java:109)
	at org.gradle.composite.internal.DefaultBuildController.doRun(DefaultBuildController.java:181)
	at org.gradle.composite.internal.DefaultBuildController.access$000(DefaultBuildController.java:50)
	at org.gradle.composite.internal.DefaultBuildController$BuildOpRunnable.run(DefaultBuildController.java:200)
	at org.gradle.internal.concurrent.ExecutorPolicy$CatchAndRecordFailures.onExecute(ExecutorPolicy.java:64)
	at org.gradle.internal.concurrent.AbstractManagedExecutor$1.run(AbstractManagedExecutor.java:47)


BUILD FAILED in 2m 14s
31 actionable tasks: 3 executed, 28 up-to-date
Configuration cache entry stored.
2026-09-30T10:53:41.455+0530 [DEBUG] [org.gradle.launcher.daemon.server.exec.ExecuteBuild] The daemon has finished executing the build.
2026-09-30T10:53:41.471+0530 [DEBUG] [org.gradle.launcher.daemon.server.DaemonStateCoordinator] daemon is running. Sleeping until state changes.
2026-09-30T10:53:41.471+0530 [DEBUG] [org.gradle.launcher.daemon.server.DaemonStateCoordinator] Command execution: finished waiting for DaemonCommandExecution[command = Build{id=540499c8-edec-464d-8ee9-b65060b8dd8e, currentDir=D:\GRAPHINOVAS\AI Studio\GRAPHYNOVUS II SUDORA\sudoku-organizer}, connection = DefaultDaemonConnection: socket connection from /127.0.0.1:62610 to /127.0.0.1:62782]. Result org.gradle.launcher.daemon.server.DaemonStateCoordinator@3899ed8f with state Busy
2026-09-30T10:53:41.471+0530 [DEBUG] [org.gradle.launcher.daemon.server.DaemonStateCoordinator] Command execution: completed DaemonCommandExecution[command = Build{id=540499c8-edec-464d-8ee9-b65060b8dd8e, currentDir=D:\GRAPHINOVAS\AI Studio\GRAPHYNOVUS II SUDORA\sudoku-organizer}, connection = DefaultDaemonConnection: socket connection from /127.0.0.1:62610 to /127.0.0.1:62782]
2026-09-30T10:53:41.471+0530 [DEBUG] [org.gradle.launcher.daemon.server.DaemonStateCoordinator] resetting idle timer
2026-09-30T10:53:41.471+0530 [INFO] [org.gradle.launcher.daemon.server.DaemonRegistryUpdater] Marking the daemon as idle, address: [bd6b4a7c-c501-4f7b-ad6e-79287e214da3 port:62610, addresses:[localhost/127.0.0.1]]
2026-09-30T10:53:41.471+0530 [DEBUG] [org.gradle.launcher.daemon.registry.PersistentDaemonRegistry] Marking busy by address: [bd6b4a7c-c501-4f7b-ad6e-79287e214da3 port:62610, addresses:[localhost/127.0.0.1]]
2026-09-30T10:53:41.473+0530 [DEBUG] [org.gradle.cache.internal.DefaultFileLockManager] Waiting to acquire exclusive lock on daemon addresses registry.
2026-09-30T10:53:41.473+0530 [DEBUG] [org.gradle.cache.internal.DefaultFileLockManager] Lock acquired on daemon addresses registry.
2026-09-30T10:53:41.474+0530 [DEBUG] [org.gradle.cache.internal.DefaultFileLockManager] Releasing lock on daemon addresses registry.
2026-09-30T10:53:41.475+0530 [DEBUG] [org.gradle.launcher.daemon.server.DaemonStateCoordinator] daemon is running. Sleeping until state changes.
2026-09-30T10:53:41.475+0530 [DEBUG] [org.gradle.launcher.daemon.server.exec.ReturnResult] Daemon is dispatching the build result: Success[value=org.gradle.launcher.exec.BuildActionResult@4cf7e3d6]
2026-09-30T10:53:41.475+0530 [DEBUG] [org.gradle.launcher.daemon.server.SynchronizedDispatchConnection] thread 214: dispatching Success[value=org.gradle.launcher.exec.BuildActionResult@4cf7e3d6]
2026-09-30T10:53:41.478+0530 [DEBUG] [org.gradle.launcher.daemon.server.SynchronizedDispatchConnection] thread 276: received class org.gradle.launcher.daemon.protocol.Finished
2026-09-30T10:53:41.478+0530 [DEBUG] [org.gradle.launcher.daemon.server.DefaultDaemonConnection] thread 276: Received non-IO message from client: org.gradle.launcher.daemon.protocol.Finished@c0c5bd8
2026-09-30T10:53:41.479+0530 [DEBUG] [org.gradle.internal.remote.internal.inet.SocketConnection] Discarding EOFException: java.io.EOFException
2026-09-30T10:53:41.479+0530 [DEBUG] [org.gradle.launcher.daemon.server.SynchronizedDispatchConnection] thread 276: received null
2026-09-30T10:53:41.479+0530 [DEBUG] [org.gradle.launcher.daemon.server.DefaultDaemonConnection] thread 276: Received end-of-input from client.
2026-09-30T10:53:41.479+0530 [DEBUG] [org.gradle.launcher.daemon.server.DefaultIncomingConnectionHandler] Finishing executing command: Build{id=540499c8-edec-464d-8ee9-b65060b8dd8e, currentDir=D:\GRAPHINOVAS\AI Studio\GRAPHYNOVUS II SUDORA\sudoku-organizer}
2026-09-30T10:53:41.479+0530 [DEBUG] [org.gradle.launcher.daemon.server.DefaultIncomingConnectionHandler] Received finished message: null
2026-09-30T10:53:41.479+0530 [DEBUG] [org.gradle.launcher.daemon.server.SynchronizedDispatchConnection] thread 214: stopping connection
2026-09-30T10:53:41.480+0530 [DEBUG] [org.gradle.launcher.daemon.server.SynchronizedDispatchConnection] thread 214: stopping connection
2026-09-30T10:53:49.959+0530 [DEBUG] [org.gradle.cache.internal.DefaultFileLockManager] Waiting to acquire shared lock on daemon addresses registry.
2026-09-30T10:53:49.959+0530 [DEBUG] [org.gradle.cache.internal.DefaultFileLockManager] Lock acquired on daemon addresses registry.
2026-09-30T10:53:49.960+0530 [DEBUG] [org.gradle.cache.internal.DefaultFileLockManager] Releasing lock on daemon addresses registry.
2026-09-30T10:53:49.963+0530 [DEBUG] [org.gradle.cache.internal.DefaultFileLockManager] Waiting to acquire shared lock on daemon addresses registry.
2026-09-30T10:53:49.964+0530 [DEBUG] [org.gradle.cache.internal.DefaultFileLockManager] Lock acquired on daemon addresses registry.
2026-09-30T10:53:49.964+0530 [DEBUG] [org.gradle.cache.internal.DefaultFileLockManager] Releasing lock on daemon addresses registry.
2026-09-30T10:53:59.973+0530 [DEBUG] [org.gradle.cache.internal.DefaultFileLockManager] Waiting to acquire shared lock on daemon addresses registry.
2026-09-30T10:53:59.973+0530 [DEBUG] [org.gradle.cache.internal.DefaultFileLockManager] Lock acquired on daemon addresses registry.
2026-09-30T10:53:59.977+0530 [DEBUG] [org.gradle.cache.internal.DefaultFileLockManager] Releasing lock on daemon addresses registry.
2026-09-30T10:53:59.979+0530 [DEBUG] [org.gradle.cache.internal.DefaultFileLockManager] Waiting to acquire shared lock on daemon addresses registry.
2026-09-30T10:53:59.979+0530 [DEBUG] [org.gradle.cache.internal.DefaultFileLockManager] Lock acquired on daemon addresses registry.
2026-09-30T10:53:59.980+0530 [DEBUG] [org.gradle.cache.internal.DefaultFileLockManager] Releasing lock on daemon addresses registry.
2026-09-30T10:53:59.981+0530 [DEBUG] [org.gradle.cache.internal.DefaultFileLockManager] Waiting to acquire shared lock on daemon addresses registry.
2026-09-30T10:53:59.981+0530 [DEBUG] [org.gradle.cache.internal.DefaultFileLockManager] Lock acquired on daemon addresses registry.
2026-09-30T10:53:59.981+0530 [DEBUG] [org.gradle.cache.internal.DefaultFileLockManager] Releasing lock on daemon addresses registry.
2026-09-30T10:54:09.971+0530 [DEBUG] [org.gradle.cache.internal.DefaultFileLockManager] Waiting to acquire shared lock on daemon addresses registry.
2026-09-30T10:54:09.971+0530 [DEBUG] [org.gradle.cache.internal.DefaultFileLockManager] Lock acquired on daemon addresses registry.
2026-09-30T10:54:09.971+0530 [DEBUG] [org.gradle.cache.internal.DefaultFileLockManager] Releasing lock on daemon addresses registry.
2026-09-30T10:54:09.972+0530 [DEBUG] [org.gradle.cache.internal.DefaultFileLockManager] Waiting to acquire shared lock on daemon addresses registry.
2026-09-30T10:54:09.972+0530 [DEBUG] [org.gradle.cache.internal.DefaultFileLockManager] Lock acquired on daemon addresses registry.
2026-09-30T10:54:09.972+0530 [DEBUG] [org.gradle.cache.internal.DefaultFileLockManager] Releasing lock on daemon addresses registry.
2026-09-30T10:54:09.973+0530 [DEBUG] [org.gradle.cache.internal.DefaultFileLockManager] Waiting to acquire shared lock on daemon addresses registry.
2026-09-30T10:54:09.973+0530 [DEBUG] [org.gradle.cache.internal.DefaultFileLockManager] Lock acquired on daemon addresses registry.
2026-09-30T10:54:09.973+0530 [DEBUG] [org.gradle.cache.internal.DefaultFileLockManager] Releasing lock on daemon addresses registry.
2026-09-30T10:54:19.960+0530 [DEBUG] [org.gradle.cache.internal.DefaultFileLockManager] Waiting to acquire shared lock on daemon addresses registry.
2026-09-30T10:54:19.961+0530 [DEBUG] [org.gradle.cache.internal.DefaultFileLockManager] Lock acquired on daemon addresses registry.
2026-09-30T10:54:19.961+0530 [DEBUG] [org.gradle.cache.internal.DefaultFileLockManager] Releasing lock on daemon addresses registry.
2026-09-30T10:54:19.961+0530 [DEBUG] [org.gradle.cache.internal.DefaultFileLockManager] Waiting to acquire shared lock on daemon addresses registry.
2026-09-30T10:54:19.962+0530 [DEBUG] [org.gradle.cache.internal.DefaultFileLockManager] Lock acquired on daemon addresses registry.
2026-09-30T10:54:19.962+0530 [DEBUG] [org.gradle.cache.internal.DefaultFileLockManager] Releasing lock on daemon addresses registry.
2026-09-30T10:54:19.962+0530 [DEBUG] [org.gradle.cache.internal.DefaultFileLockManager] Waiting to acquire shared lock on daemon addresses registry.
2026-09-30T10:54:19.963+0530 [DEBUG] [org.gradle.cache.internal.DefaultFileLockManager] Lock acquired on daemon addresses registry.
2026-09-30T10:54:19.963+0530 [DEBUG] [org.gradle.cache.internal.DefaultFileLockManager] Releasing lock on daemon addresses registry.
2026-09-30T10:54:29.958+0530 [DEBUG] [org.gradle.cache.internal.DefaultFileLockManager] Waiting to acquire shared lock on daemon addresses registry.
2026-09-30T10:54:29.958+0530 [DEBUG] [org.gradle.cache.internal.DefaultFileLockManager] Lock acquired on daemon addresses registry.
2026-09-30T10:54:29.958+0530 [DEBUG] [org.gradle.cache.internal.DefaultFileLockManager] Releasing lock on daemon addresses registry.
2026-09-30T10:54:29.959+0530 [DEBUG] [org.gradle.cache.internal.DefaultFileLockManager] Waiting to acquire shared lock on daemon addresses registry.
2026-09-30T10:54:29.959+0530 [DEBUG] [org.gradle.cache.internal.DefaultFileLockManager] Lock acquired on daemon addresses registry.
2026-09-30T10:54:29.960+0530 [DEBUG] [org.gradle.cache.internal.DefaultFileLockManager] Releasing lock on daemon addresses registry.
2026-09-30T10:54:29.960+0530 [DEBUG] [org.gradle.cache.internal.DefaultFileLockManager] Waiting to acquire shared lock on daemon addresses registry.
2026-09-30T10:54:29.960+0530 [DEBUG] [org.gradle.cache.internal.DefaultFileLockManager] Lock acquired on daemon addresses registry.
2026-09-30T10:54:29.960+0530 [DEBUG] [org.gradle.cache.internal.DefaultFileLockManager] Releasing lock on daemon addresses registry.
2026-09-30T10:54:39.965+0530 [DEBUG] [org.gradle.cache.internal.DefaultFileLockManager] Waiting to acquire shared lock on daemon addresses registry.
2026-09-30T10:54:39.965+0530 [DEBUG] [org.gradle.cache.internal.DefaultFileLockManager] Lock acquired on daemon addresses registry.
2026-09-30T10:54:39.965+0530 [DEBUG] [org.gradle.cache.internal.DefaultFileLockManager] Releasing lock on daemon addresses registry.
2026-09-30T10:54:39.966+0530 [DEBUG] [org.gradle.cache.internal.DefaultFileLockManager] Waiting to acquire shared lock on daemon addresses registry.
2026-09-30T10:54:39.967+0530 [DEBUG] [org.gradle.cache.internal.DefaultFileLockManager] Lock acquired on daemon addresses registry.
2026-09-30T10:54:39.967+0530 [DEBUG] [org.gradle.cache.internal.DefaultFileLockManager] Releasing lock on daemon addresses registry.
2026-09-30T10:54:39.968+0530 [DEBUG] [org.gradle.cache.internal.DefaultFileLockManager] Waiting to acquire shared lock on daemon addresses registry.
2026-09-30T10:54:39.968+0530 [DEBUG] [org.gradle.cache.internal.DefaultFileLockManager] Lock acquired on daemon addresses registry.
2026-09-30T10:54:39.969+0530 [DEBUG] [org.gradle.cache.internal.DefaultFileLockManager] Releasing lock on daemon addresses registry.
2026-09-30T10:54:49.968+0530 [DEBUG] [org.gradle.cache.internal.DefaultFileLockManager] Waiting to acquire shared lock on daemon addresses registry.
2026-09-30T10:54:49.968+0530 [DEBUG] [org.gradle.cache.internal.DefaultFileLockManager] Lock acquired on daemon addresses registry.
2026-09-30T10:54:49.968+0530 [DEBUG] [org.gradle.cache.internal.DefaultFileLockManager] Releasing lock on daemon addresses registry.
2026-09-30T10:54:49.969+0530 [DEBUG] [org.gradle.cache.internal.DefaultFileLockManager] Waiting to acquire shared lock on daemon addresses registry.
2026-09-30T10:54:49.969+0530 [DEBUG] [org.gradle.cache.internal.DefaultFileLockManager] Lock acquired on daemon addresses registry.
2026-09-30T10:54:49.969+0530 [DEBUG] [org.gradle.cache.internal.DefaultFileLockManager] Releasing lock on daemon addresses registry.
2026-09-30T10:54:49.970+0530 [DEBUG] [org.gradle.cache.internal.DefaultFileLockManager] Waiting to acquire shared lock on daemon addresses registry.
2026-09-30T10:54:49.970+0530 [DEBUG] [org.gradle.cache.internal.DefaultFileLockManager] Lock acquired on daemon addresses registry.
2026-09-30T10:54:49.970+0530 [DEBUG] [org.gradle.cache.internal.DefaultFileLockManager] Releasing lock on daemon addresses registry.
2026-09-30T10:54:59.961+0530 [DEBUG] [org.gradle.cache.internal.DefaultFileLockManager] Waiting to acquire shared lock on daemon addresses registry.
2026-09-30T10:54:59.961+0530 [DEBUG] [org.gradle.cache.internal.DefaultFileLockManager] Lock acquired on daemon addresses registry.
2026-09-30T10:54:59.961+0530 [DEBUG] [org.gradle.cache.internal.DefaultFileLockManager] Releasing lock on daemon addresses registry.
2026-09-30T10:54:59.962+0530 [DEBUG] [org.gradle.cache.internal.DefaultFileLockManager] Waiting to acquire shared lock on daemon addresses registry.
2026-09-30T10:54:59.962+0530 [DEBUG] [org.gradle.cache.internal.DefaultFileLockManager] Lock acquired on daemon addresses registry.
2026-09-30T10:54:59.962+0530 [DEBUG] [org.gradle.cache.internal.DefaultFileLockManager] Releasing lock on daemon addresses registry.
2026-09-30T10:54:59.962+0530 [DEBUG] [org.gradle.cache.internal.DefaultFileLockManager] Waiting to acquire shared lock on daemon addresses registry.
2026-09-30T10:54:59.963+0530 [DEBUG] [org.gradle.cache.internal.DefaultFileLockManager] Lock acquired on daemon addresses registry.
2026-09-30T10:54:59.963+0530 [DEBUG] [org.gradle.cache.internal.DefaultFileLockManager] Releasing lock on daemon addresses registry.
2026-09-30T10:55:09.958+0530 [DEBUG] [org.gradle.cache.internal.DefaultFileLockManager] Waiting to acquire shared lock on daemon addresses registry.
2026-09-30T10:55:09.958+0530 [DEBUG] [org.gradle.cache.internal.DefaultFileLockManager] Lock acquired on daemon addresses registry.
2026-09-30T10:55:09.958+0530 [DEBUG] [org.gradle.cache.internal.DefaultFileLockManager] Releasing lock on daemon addresses registry.
2026-09-30T10:55:09.959+0530 [DEBUG] [org.gradle.cache.internal.DefaultFileLockManager] Waiting to acquire shared lock on daemon addresses registry.
2026-09-30T10:55:09.959+0530 [DEBUG] [org.gradle.cache.internal.DefaultFileLockManager] Lock acquired on daemon addresses registry.
2026-09-30T10:55:09.960+0530 [DEBUG] [org.gradle.cache.internal.DefaultFileLockManager] Releasing lock on daemon addresses registry.
2026-09-30T10:55:09.960+0530 [DEBUG] [org.gradle.cache.internal.DefaultFileLockManager] Waiting to acquire shared lock on daemon addresses registry.
2026-09-30T10:55:09.960+0530 [DEBUG] [org.gradle.cache.internal.DefaultFileLockManager] Lock acquired on daemon addresses registry.
2026-09-30T10:55:09.960+0530 [DEBUG] [org.gradle.cache.internal.DefaultFileLockManager] Releasing lock on daemon addresses registry.
2026-09-30T10:55:19.963+0530 [DEBUG] [org.gradle.cache.internal.DefaultFileLockManager] Waiting to acquire shared lock on daemon addresses registry.
2026-09-30T10:55:19.963+0530 [DEBUG] [org.gradle.cache.internal.DefaultFileLockManager] Lock acquired on daemon addresses registry.
2026-09-30T10:55:19.963+0530 [DEBUG] [org.gradle.cache.internal.DefaultFileLockManager] Releasing lock on daemon addresses registry.
2026-09-30T10:55:19.964+0530 [DEBUG] [org.gradle.cache.internal.DefaultFileLockManager] Waiting to acquire shared lock on daemon addresses registry.
2026-09-30T10:55:19.964+0530 [DEBUG] [org.gradle.cache.internal.DefaultFileLockManager] Lock acquired on daemon addresses registry.
2026-09-30T10:55:19.964+0530 [DEBUG] [org.gradle.cache.internal.DefaultFileLockManager] Releasing lock on daemon addresses registry.
2026-09-30T10:55:19.965+0530 [DEBUG] [org.gradle.cache.internal.DefaultFileLockManager] Waiting to acquire shared lock on daemon addresses registry.
2026-09-30T10:55:19.965+0530 [DEBUG] [org.gradle.cache.internal.DefaultFileLockManager] Lock acquired on daemon addresses registry.
2026-09-30T10:55:19.966+0530 [DEBUG] [org.gradle.cache.internal.DefaultFileLockManager] Releasing lock on daemon addresses registry.
2026-09-30T10:55:29.957+0530 [DEBUG] [org.gradle.cache.internal.DefaultFileLockManager] Waiting to acquire shared lock on daemon addresses registry.
2026-09-30T10:55:29.958+0530 [DEBUG] [org.gradle.cache.internal.DefaultFileLockManager] Lock acquired on daemon addresses registry.
2026-09-30T10:55:29.958+0530 [DEBUG] [org.gradle.cache.internal.DefaultFileLockManager] Releasing lock on daemon addresses registry.
2026-09-30T10:55:29.958+0530 [DEBUG] [org.gradle.cache.internal.DefaultFileLockManager] Waiting to acquire shared lock on daemon addresses registry.
2026-09-30T10:55:29.959+0530 [DEBUG] [org.gradle.cache.internal.DefaultFileLockManager] Lock acquired on daemon addresses registry.
2026-09-30T10:55:29.959+0530 [DEBUG] [org.gradle.cache.internal.DefaultFileLockManager] Releasing lock on daemon addresses registry.
2026-09-30T10:55:29.959+0530 [DEBUG] [org.gradle.cache.internal.DefaultFileLockManager] Waiting to acquire shared lock on daemon addresses registry.
2026-09-30T10:55:29.959+0530 [DEBUG] [org.gradle.cache.internal.DefaultFileLockManager] Lock acquired on daemon addresses registry.
2026-09-30T10:55:29.960+0530 [DEBUG] [org.gradle.cache.internal.DefaultFileLockManager] Releasing lock on daemon addresses registry.
2026-09-30T10:55:39.966+0530 [DEBUG] [org.gradle.cache.internal.DefaultFileLockManager] Waiting to acquire shared lock on daemon addresses registry.
2026-09-30T10:55:39.967+0530 [DEBUG] [org.gradle.cache.internal.DefaultFileLockManager] Lock acquired on daemon addresses registry.
2026-09-30T10:55:39.967+0530 [DEBUG] [org.gradle.cache.internal.DefaultFileLockManager] Releasing lock on daemon addresses registry.
2026-09-30T10:55:39.968+0530 [DEBUG] [org.gradle.cache.internal.DefaultFileLockManager] Waiting to acquire shared lock on daemon addresses registry.
2026-09-30T10:55:39.968+0530 [DEBUG] [org.gradle.cache.internal.DefaultFileLockManager] Lock acquired on daemon addresses registry.
2026-09-30T10:55:39.968+0530 [DEBUG] [org.gradle.cache.internal.DefaultFileLockManager] Releasing lock on daemon addresses registry.
2026-09-30T10:55:39.969+0530 [DEBUG] [org.gradle.cache.internal.DefaultFileLockManager] Waiting to acquire shared lock on daemon addresses registry.
2026-09-30T10:55:39.969+0530 [DEBUG] [org.gradle.cache.internal.DefaultFileLockManager] Lock acquired on daemon addresses registry.
2026-09-30T10:55:39.969+0530 [DEBUG] [org.gradle.cache.internal.DefaultFileLockManager] Releasing lock on daemon addresses registry.
2026-09-30T10:55:49.960+0530 [DEBUG] [org.gradle.cache.internal.DefaultFileLockManager] Waiting to acquire shared lock on daemon addresses registry.
2026-09-30T10:55:49.960+0530 [DEBUG] [org.gradle.cache.internal.DefaultFileLockManager] Lock acquired on daemon addresses registry.
2026-09-30T10:55:49.960+0530 [DEBUG] [org.gradle.cache.internal.DefaultFileLockManager] Releasing lock on daemon addresses registry.
2026-09-30T10:55:49.961+0530 [DEBUG] [org.gradle.cache.internal.DefaultFileLockManager] Waiting to acquire shared lock on daemon addresses registry.
2026-09-30T10:55:49.961+0530 [DEBUG] [org.gradle.cache.internal.DefaultFileLockManager] Lock acquired on daemon addresses registry.
2026-09-30T10:55:49.962+0530 [DEBUG] [org.gradle.cache.internal.DefaultFileLockManager] Releasing lock on daemon addresses registry.
2026-09-30T10:55:49.962+0530 [DEBUG] [org.gradle.cache.internal.DefaultFileLockManager] Waiting to acquire shared lock on daemon addresses registry.
2026-09-30T10:55:49.962+0530 [DEBUG] [org.gradle.cache.internal.DefaultFileLockManager] Lock acquired on daemon addresses registry.
2026-09-30T10:55:49.962+0530 [DEBUG] [org.gradle.cache.internal.DefaultFileLockManager] Releasing lock on daemon addresses registry.
2026-09-30T10:55:59.968+0530 [DEBUG] [org.gradle.cache.internal.DefaultFileLockManager] Waiting to acquire shared lock on daemon addresses registry.
2026-09-30T10:55:59.969+0530 [DEBUG] [org.gradle.cache.internal.DefaultFileLockManager] Lock acquired on daemon addresses registry.
2026-09-30T10:55:59.969+0530 [DEBUG] [org.gradle.cache.internal.DefaultFileLockManager] Releasing lock on daemon addresses registry.
2026-09-30T10:55:59.969+0530 [DEBUG] [org.gradle.cache.internal.DefaultFileLockManager] Waiting to acquire shared lock on daemon addresses registry.
2026-09-30T10:55:59.970+0530 [DEBUG] [org.gradle.cache.internal.DefaultFileLockManager] Lock acquired on daemon addresses registry.
2026-09-30T10:55:59.970+0530 [DEBUG] [org.gradle.cache.internal.DefaultFileLockManager] Releasing lock on daemon addresses registry.
2026-09-30T10:55:59.970+0530 [DEBUG] [org.gradle.cache.internal.DefaultFileLockManager] Waiting to acquire shared lock on daemon addresses registry.
2026-09-30T10:55:59.970+0530 [DEBUG] [org.gradle.cache.internal.DefaultFileLockManager] Lock acquired on daemon addresses registry.
2026-09-30T10:55:59.971+0530 [DEBUG] [org.gradle.cache.internal.DefaultFileLockManager] Releasing lock on daemon addresses registry.
2026-09-30T10:56:09.965+0530 [DEBUG] [org.gradle.cache.internal.DefaultFileLockManager] Waiting to acquire shared lock on daemon addresses registry.
2026-09-30T10:56:09.965+0530 [DEBUG] [org.gradle.cache.internal.DefaultFileLockManager] Lock acquired on daemon addresses registry.
2026-09-30T10:56:09.966+0530 [DEBUG] [org.gradle.cache.internal.DefaultFileLockManager] Releasing lock on daemon addresses registry.
2026-09-30T10:56:09.966+0530 [DEBUG] [org.gradle.cache.internal.DefaultFileLockManager] Waiting to acquire shared lock on daemon addresses registry.
2026-09-30T10:56:09.966+0530 [DEBUG] [org.gradle.cache.internal.DefaultFileLockManager] Lock acquired on daemon addresses registry.
2026-09-30T10:56:09.967+0530 [DEBUG] [org.gradle.cache.internal.DefaultFileLockManager] Releasing lock on daemon addresses registry.
2026-09-30T10:56:09.967+0530 [DEBUG] [org.gradle.cache.internal.DefaultFileLockManager] Waiting to acquire shared lock on daemon addresses registry.
2026-09-30T10:56:09.968+0530 [DEBUG] [org.gradle.cache.internal.DefaultFileLockManager] Lock acquired on daemon addresses registry.
2026-09-30T10:56:09.968+0530 [DEBUG] [org.gradle.cache.internal.DefaultFileLockManager] Releasing lock on daemon addresses registry.
2026-09-30T10:56:19.959+0530 [DEBUG] [org.gradle.cache.internal.DefaultFileLockManager] Waiting to acquire shared lock on daemon addresses registry.
2026-09-30T10:56:19.960+0530 [DEBUG] [org.gradle.cache.internal.DefaultFileLockManager] Lock acquired on daemon addresses registry.
2026-09-30T10:56:19.960+0530 [DEBUG] [org.gradle.cache.internal.DefaultFileLockManager] Releasing lock on daemon addresses registry.
2026-09-30T10:56:19.960+0530 [DEBUG] [org.gradle.cache.internal.DefaultFileLockManager] Waiting to acquire shared lock on daemon addresses registry.
2026-09-30T10:56:19.961+0530 [DEBUG] [org.gradle.cache.internal.DefaultFileLockManager] Lock acquired on daemon addresses registry.
2026-09-30T10:56:19.961+0530 [DEBUG] [org.gradle.cache.internal.DefaultFileLockManager] Releasing lock on daemon addresses registry.
2026-09-30T10:56:19.961+0530 [DEBUG] [org.gradle.cache.internal.DefaultFileLockManager] Waiting to acquire shared lock on daemon addresses registry.
2026-09-30T10:56:19.961+0530 [DEBUG] [org.gradle.cache.internal.DefaultFileLockManager] Lock acquired on daemon addresses registry.
2026-09-30T10:56:19.961+0530 [DEBUG] [org.gradle.cache.internal.DefaultFileLockManager] Releasing lock on daemon addresses registry.
2026-09-30T10:56:29.970+0530 [DEBUG] [org.gradle.cache.internal.DefaultFileLockManager] Waiting to acquire shared lock on daemon addresses registry.
2026-09-30T10:56:29.970+0530 [DEBUG] [org.gradle.cache.internal.DefaultFileLockManager] Lock acquired on daemon addresses registry.
2026-09-30T10:56:29.971+0530 [DEBUG] [org.gradle.cache.internal.DefaultFileLockManager] Releasing lock on daemon addresses registry.
2026-09-30T10:56:29.972+0530 [DEBUG] [org.gradle.cache.internal.DefaultFileLockManager] Waiting to acquire shared lock on daemon addresses registry.
2026-09-30T10:56:29.972+0530 [DEBUG] [org.gradle.cache.internal.DefaultFileLockManager] Lock acquired on daemon addresses registry.
2026-09-30T10:56:29.972+0530 [DEBUG] [org.gradle.cache.internal.DefaultFileLockManager] Releasing lock on daemon addresses registry.
2026-09-30T10:56:29.972+0530 [DEBUG] [org.gradle.cache.internal.DefaultFileLockManager] Waiting to acquire shared lock on daemon addresses registry.
2026-09-30T10:56:29.972+0530 [DEBUG] [org.gradle.cache.internal.DefaultFileLockManager] Lock acquired on daemon addresses registry.
2026-09-30T10:56:29.973+0530 [DEBUG] [org.gradle.cache.internal.DefaultFileLockManager] Releasing lock on daemon addresses registry.
2026-09-30T10:56:39.963+0530 [DEBUG] [org.gradle.cache.internal.DefaultFileLockManager] Waiting to acquire shared lock on daemon addresses registry.
2026-09-30T10:56:39.963+0530 [DEBUG] [org.gradle.cache.internal.DefaultFileLockManager] Lock acquired on daemon addresses registry.
2026-09-30T10:56:39.963+0530 [DEBUG] [org.gradle.cache.internal.DefaultFileLockManager] Releasing lock on daemon addresses registry.
2026-09-30T10:56:39.964+0530 [DEBUG] [org.gradle.cache.internal.DefaultFileLockManager] Waiting to acquire shared lock on daemon addresses registry.
2026-09-30T10:56:39.964+0530 [DEBUG] [org.gradle.cache.internal.DefaultFileLockManager] Lock acquired on daemon addresses registry.
2026-09-30T10:56:39.964+0530 [DEBUG] [org.gradle.cache.internal.DefaultFileLockManager] Releasing lock on daemon addresses registry.
2026-09-30T10:56:39.965+0530 [DEBUG] [org.gradle.cache.internal.DefaultFileLockManager] Waiting to acquire shared lock on daemon addresses registry.
2026-09-30T10:56:39.965+0530 [DEBUG] [org.gradle.cache.internal.DefaultFileLockManager] Lock acquired on daemon addresses registry.
2026-09-30T10:56:39.965+0530 [DEBUG] [org.gradle.cache.internal.DefaultFileLockManager] Releasing lock on daemon addresses registry.
2026-09-30T10:56:49.964+0530 [DEBUG] [org.gradle.cache.internal.DefaultFileLockManager] Waiting to acquire shared lock on daemon addresses registry.
2026-09-30T10:56:49.964+0530 [DEBUG] [org.gradle.cache.internal.DefaultFileLockManager] Lock acquired on daemon addresses registry.
2026-09-30T10:56:49.965+0530 [DEBUG] [org.gradle.cache.internal.DefaultFileLockManager] Releasing lock on daemon addresses registry.
2026-09-30T10:56:49.966+0530 [DEBUG] [org.gradle.cache.internal.DefaultFileLockManager] Waiting to acquire shared lock on daemon addresses registry.
2026-09-30T10:56:49.966+0530 [DEBUG] [org.gradle.cache.internal.DefaultFileLockManager] Lock acquired on daemon addresses registry.
2026-09-30T10:56:49.967+0530 [DEBUG] [org.gradle.cache.internal.DefaultFileLockManager] Releasing lock on daemon addresses registry.
2026-09-30T10:56:49.967+0530 [DEBUG] [org.gradle.cache.internal.DefaultFileLockManager] Waiting to acquire shared lock on daemon addresses registry.
2026-09-30T10:56:49.967+0530 [DEBUG] [org.gradle.cache.internal.DefaultFileLockManager] Lock acquired on daemon addresses registry.
2026-09-30T10:56:49.968+0530 [DEBUG] [org.gradle.cache.internal.DefaultFileLockManager] Releasing lock on daemon addresses registry.
2026-09-30T10:56:59.969+0530 [DEBUG] [org.gradle.cache.internal.DefaultFileLockManager] Waiting to acquire shared lock on daemon addresses registry.
2026-09-30T10:56:59.969+0530 [DEBUG] [org.gradle.cache.internal.DefaultFileLockManager] Lock acquired on daemon addresses registry.
2026-09-30T10:56:59.970+0530 [DEBUG] [org.gradle.cache.internal.DefaultFileLockManager] Releasing lock on daemon addresses registry.
2026-09-30T10:56:59.970+0530 [DEBUG] [org.gradle.cache.internal.DefaultFileLockManager] Waiting to acquire shared lock on daemon addresses registry.
2026-09-30T10:56:59.971+0530 [DEBUG] [org.gradle.cache.internal.DefaultFileLockManager] Lock acquired on daemon addresses registry.
2026-09-30T10:56:59.972+0530 [DEBUG] [org.gradle.cache.internal.DefaultFileLockManager] Releasing lock on daemon addresses registry.
2026-09-30T10:56:59.973+0530 [DEBUG] [org.gradle.cache.internal.DefaultFileLockManager] Waiting to acquire shared lock on daemon addresses registry.
2026-09-30T10:56:59.973+0530 [DEBUG] [org.gradle.cache.internal.DefaultFileLockManager] Lock acquired on daemon addresses registry.
2026-09-30T10:56:59.973+0530 [DEBUG] [org.gradle.cache.internal.DefaultFileLockManager] Releasing lock on daemon addresses registry.
2026-09-30T10:57:09.968+0530 [DEBUG] [org.gradle.cache.internal.DefaultFileLockManager] Waiting to acquire shared lock on daemon addresses registry.
2026-09-30T10:57:09.968+0530 [DEBUG] [org.gradle.cache.internal.DefaultFileLockManager] Lock acquired on daemon addresses registry.
2026-09-30T10:57:09.968+0530 [DEBUG] [org.gradle.cache.internal.DefaultFileLockManager] Releasing lock on daemon addresses registry.
2026-09-30T10:57:09.969+0530 [DEBUG] [org.gradle.cache.internal.DefaultFileLockManager] Waiting to acquire shared lock on daemon addresses registry.
2026-09-30T10:57:09.969+0530 [DEBUG] [org.gradle.cache.internal.DefaultFileLockManager] Lock acquired on daemon addresses registry.
2026-09-30T10:57:09.969+0530 [DEBUG] [org.gradle.cache.internal.DefaultFileLockManager] Releasing lock on daemon addresses registry.
2026-09-30T10:57:09.970+0530 [DEBUG] [org.gradle.cache.internal.DefaultFileLockManager] Waiting to acquire shared lock on daemon addresses registry.
2026-09-30T10:57:09.970+0530 [DEBUG] [org.gradle.cache.internal.DefaultFileLockManager] Lock acquired on daemon addresses registry.
2026-09-30T10:57:09.970+0530 [DEBUG] [org.gradle.cache.internal.DefaultFileLockManager] Releasing lock on daemon addresses registry.
2026-09-30T10:57:19.964+0530 [DEBUG] [org.gradle.cache.internal.DefaultFileLockManager] Waiting to acquire shared lock on daemon addresses registry.
2026-09-30T10:57:19.965+0530 [DEBUG] [org.gradle.cache.internal.DefaultFileLockManager] Lock acquired on daemon addresses registry.
2026-09-30T10:57:19.965+0530 [DEBUG] [org.gradle.cache.internal.DefaultFileLockManager] Releasing lock on daemon addresses registry.
2026-09-30T10:57:19.966+0530 [DEBUG] [org.gradle.cache.internal.DefaultFileLockManager] Waiting to acquire shared lock on daemon addresses registry.
2026-09-30T10:57:19.966+0530 [DEBUG] [org.gradle.cache.internal.DefaultFileLockManager] Lock acquired on daemon addresses registry.
2026-09-30T10:57:19.966+0530 [DEBUG] [org.gradle.cache.internal.DefaultFileLockManager] Releasing lock on daemon addresses registry.
2026-09-30T10:57:19.967+0530 [DEBUG] [org.gradle.cache.internal.DefaultFileLockManager] Waiting to acquire shared lock on daemon addresses registry.
2026-09-30T10:57:19.968+0530 [DEBUG] [org.gradle.cache.internal.DefaultFileLockManager] Lock acquired on daemon addresses registry.
2026-09-30T10:57:19.968+0530 [DEBUG] [org.gradle.cache.internal.DefaultFileLockManager] Releasing lock on daemon addresses registry.
2026-09-30T10:57:29.969+0530 [DEBUG] [org.gradle.cache.internal.DefaultFileLockManager] Waiting to acquire shared lock on daemon addresses registry.
2026-09-30T10:57:29.970+0530 [DEBUG] [org.gradle.cache.internal.DefaultFileLockManager] Lock acquired on daemon addresses registry.
2026-09-30T10:57:29.970+0530 [DEBUG] [org.gradle.cache.internal.DefaultFileLockManager] Releasing lock on daemon addresses registry.
2026-09-30T10:57:29.971+0530 [DEBUG] [org.gradle.cache.internal.DefaultFileLockManager] Waiting to acquire shared lock on daemon addresses registry.
2026-09-30T10:57:29.971+0530 [DEBUG] [org.gradle.cache.internal.DefaultFileLockManager] Lock acquired on daemon addresses registry.
2026-09-30T10:57:29.971+0530 [DEBUG] [org.gradle.cache.internal.DefaultFileLockManager] Releasing lock on daemon addresses registry.
2026-09-30T10:57:29.972+0530 [DEBUG] [org.gradle.cache.internal.DefaultFileLockManager] Waiting to acquire shared lock on daemon addresses registry.
2026-09-30T10:57:29.972+0530 [DEBUG] [org.gradle.cache.internal.DefaultFileLockManager] Lock acquired on daemon addresses registry.
2026-09-30T10:57:29.972+0530 [DEBUG] [org.gradle.cache.internal.DefaultFileLockManager] Releasing lock on daemon addresses registry.
2026-09-30T10:57:39.968+0530 [DEBUG] [org.gradle.cache.internal.DefaultFileLockManager] Waiting to acquire shared lock on daemon addresses registry.
2026-09-30T10:57:39.968+0530 [DEBUG] [org.gradle.cache.internal.DefaultFileLockManager] Lock acquired on daemon addresses registry.
2026-09-30T10:57:39.969+0530 [DEBUG] [org.gradle.cache.internal.DefaultFileLockManager] Releasing lock on daemon addresses registry.
2026-09-30T10:57:39.969+0530 [DEBUG] [org.gradle.cache.internal.DefaultFileLockManager] Waiting to acquire shared lock on daemon addresses registry.
2026-09-30T10:57:39.969+0530 [DEBUG] [org.gradle.cache.internal.DefaultFileLockManager] Lock acquired on daemon addresses registry.
2026-09-30T10:57:39.970+0530 [DEBUG] [org.gradle.cache.internal.DefaultFileLockManager] Releasing lock on daemon addresses registry.
2026-09-30T10:57:39.970+0530 [DEBUG] [org.gradle.cache.internal.DefaultFileLockManager] Waiting to acquire shared lock on daemon addresses registry.
2026-09-30T10:57:39.970+0530 [DEBUG] [org.gradle.cache.internal.DefaultFileLockManager] Lock acquired on daemon addresses registry.
2026-09-30T10:57:39.970+0530 [DEBUG] [org.gradle.cache.internal.DefaultFileLockManager] Releasing lock on daemon addresses registry.
2026-09-30T10:57:42.856+0530 [DEBUG] [org.gradle.internal.watch.vfs.impl.WatchingVirtualFileSystem] Handling VFS change MODIFIED D:\GRAPHINOVAS\AI Studio\GRAPHYNOVUS II SUDORA\sudoku-organizer\app\build.gradle.kts
2026-09-30T10:57:49.198+0530 [DEBUG] [org.gradle.internal.remote.internal.inet.TcpIncomingConnector] Accepted connection from /127.0.0.1:62856 to /127.0.0.1:62610.
2026-09-30T10:57:49.208+0530 [DEBUG] [org.gradle.launcher.daemon.server.SynchronizedDispatchConnection] thread 335: received class org.gradle.launcher.daemon.protocol.Build
2026-09-30T10:57:49.209+0530 [DEBUG] [org.gradle.launcher.daemon.server.DefaultDaemonConnection] thread 335: Received non-IO message from client: Build{id=db6b5f71-293a-42e2-aa40-729ef8d241f3, currentDir=D:\GRAPHINOVAS\AI Studio\GRAPHYNOVUS II SUDORA\sudoku-organizer}
2026-09-30T10:57:49.209+0530 [INFO] [org.gradle.launcher.daemon.server.DefaultIncomingConnectionHandler] Received command: Build{id=db6b5f71-293a-42e2-aa40-729ef8d241f3, currentDir=D:\GRAPHINOVAS\AI Studio\GRAPHYNOVUS II SUDORA\sudoku-organizer}.
2026-09-30T10:57:49.209+0530 [DEBUG] [org.gradle.launcher.daemon.server.DefaultIncomingConnectionHandler] Starting executing command: Build{id=db6b5f71-293a-42e2-aa40-729ef8d241f3, currentDir=D:\GRAPHINOVAS\AI Studio\GRAPHYNOVUS II SUDORA\sudoku-organizer} with connection: socket connection from /127.0.0.1:62610 to /127.0.0.1:62856.
2026-09-30T10:57:49.209+0530 [DEBUG] [org.gradle.launcher.daemon.server.DaemonStateCoordinator] Command execution: started DaemonCommandExecution[command = Build{id=db6b5f71-293a-42e2-aa40-729ef8d241f3, currentDir=D:\GRAPHINOVAS\AI Studio\GRAPHYNOVUS II SUDORA\sudoku-organizer}, connection = DefaultDaemonConnection: socket connection from /127.0.0.1:62610 to /127.0.0.1:62856] after 4.0 minutes of idle
2026-09-30T10:57:49.209+0530 [INFO] [org.gradle.launcher.daemon.server.DaemonRegistryUpdater] Marking the daemon as busy, address: [bd6b4a7c-c501-4f7b-ad6e-79287e214da3 port:62610, addresses:[localhost/127.0.0.1]]
2026-09-30T10:57:49.209+0530 [DEBUG] [org.gradle.launcher.daemon.registry.PersistentDaemonRegistry] Marking busy by address: [bd6b4a7c-c501-4f7b-ad6e-79287e214da3 port:62610, addresses:[localhost/127.0.0.1]]
2026-09-30T10:57:49.210+0530 [DEBUG] [org.gradle.cache.internal.DefaultFileLockManager] Waiting to acquire exclusive lock on daemon addresses registry.
2026-09-30T10:57:49.210+0530 [DEBUG] [org.gradle.cache.internal.DefaultFileLockManager] Lock acquired on daemon addresses registry.
2026-09-30T10:57:49.212+0530 [DEBUG] [org.gradle.cache.internal.DefaultFileLockManager] Releasing lock on daemon addresses registry.
2026-09-30T10:57:49.212+0530 [DEBUG] [org.gradle.launcher.daemon.server.DaemonStateCoordinator] resetting idle timer
2026-09-30T10:57:49.212+0530 [DEBUG] [org.gradle.launcher.daemon.server.DaemonStateCoordinator] daemon is running. Sleeping until state changes.
2026-09-30T10:57:49.213+0530 [INFO] [org.gradle.launcher.daemon.server.exec.StartBuildOrRespondWithBusy] Daemon is about to start building Build{id=db6b5f71-293a-42e2-aa40-729ef8d241f3, currentDir=D:\GRAPHINOVAS\AI Studio\GRAPHYNOVUS II SUDORA\sudoku-organizer}. Dispatching build started information...
2026-09-30T10:57:49.213+0530 [DEBUG] [org.gradle.launcher.daemon.server.SynchronizedDispatchConnection] thread 337: dispatching org.gradle.launcher.daemon.protocol.BuildStarted@1f34c379
2026-09-30T10:57:49.216+0530 [DEBUG] [org.gradle.launcher.daemon.server.exec.EstablishBuildEnvironment] Configuring env variables: [USERDOMAIN_ROAMINGPROFILE, PROCESSOR_LEVEL, SESSIONNAME, ALLUSERSPROFILE, INTEL_DEV_REDIST, PROCESSOR_ARCHITECTURE, MIC_LD_LIBRARY_PATH, ANDROID_HOME, PSModulePath, SystemDrive, USERNAME, ProgramFiles(x86), FPS_BROWSER_USER_PROFILE_STRING, PATHEXT, DriverData, ProgramData, ProgramW6432, HOMEPATH, PROCESSOR_IDENTIFIER, GRALDLE_HOME, ProgramFiles, PUBLIC, windir, GlobalVariableMeritTracSecureDesktop, =::, OPENSSL_CONF, LOCALAPPDATA, ChocolateyLastPathUpdate, USERDOMAIN, LOGONSERVER, WIX, FPS_BROWSER_APP_PROFILE_STRING, JAVA_HOME, OneDrive, APPDATA, ChocolateyInstall, VBOX_MSI_INSTALL_PATH, CommonProgramFiles, Path, OS, COMPUTERNAME, PROCESSOR_REVISION, CommonProgramW6432, ComSpec, TEMP, SystemRoot, HOMEDRIVE, USERPROFILE, TMP, CommonProgramFiles(x86), NUMBER_OF_PROCESSORS, IDEA_INITIAL_DIRECTORY]
2026-09-30T10:57:49.217+0530 [DEBUG] [org.gradle.launcher.daemon.server.SynchronizedDispatchConnection] thread 335: received class org.gradle.launcher.daemon.protocol.CloseInput
2026-09-30T10:57:49.217+0530 [DEBUG] [org.gradle.launcher.daemon.server.DefaultDaemonConnection] thread 335: Received IO message from client: org.gradle.launcher.daemon.protocol.CloseInput@3d6a48cf
2026-09-30T10:57:49.218+0530 [DEBUG] [org.gradle.launcher.daemon.server.exec.LogToClient] About to start relaying all logs to the client via the connection.
2026-09-30T10:57:49.218+0530 [INFO] [org.gradle.launcher.daemon.server.exec.LogToClient] The client will now receive all logging from the daemon (pid: 16860). The daemon log file: D:\GRAPHINOVAS\AI Studio\GRAPHYNOVUS II SUDORA\sudoku-organizer\gradle\daemon\8.2\daemon-16860.out.log
2026-09-30T10:57:49.218+0530 [INFO] [org.gradle.launcher.daemon.server.exec.LogAndCheckHealth] Starting 6th build in daemon [uptime: 10 mins 40.555 secs, performance: 98%, GC rate: 0.00/s, heap usage: 0% of 4 GiB]
2026-09-30T10:57:49.219+0530 [DEBUG] [org.gradle.launcher.daemon.server.exec.ExecuteBuild] The daemon has started executing the build.
2026-09-30T10:57:49.219+0530 [DEBUG] [org.gradle.launcher.daemon.server.exec.ExecuteBuild] Executing build with daemon context: DefaultDaemonContext[uid=fd82ef79-9507-4a8a-b959-cbf625482adf,javaHome=C:\Program Files\Java\jdk-18.0.2.1,daemonRegistryDir=D:\GRAPHINOVAS\AI Studio\GRAPHYNOVUS II SUDORA\sudoku-organizer\gradle\daemon,pid=16860,idleTimeout=10800000,priority=NORMAL,applyInstrumentationAgent=true,daemonOpts=--add-opens=java.base/java.util=ALL-UNNAMED,--add-opens=java.base/java.lang=ALL-UNNAMED,--add-opens=java.base/java.lang.invoke=ALL-UNNAMED,--add-opens=java.prefs/java.util.prefs=ALL-UNNAMED,--add-opens=java.base/java.nio.charset=ALL-UNNAMED,--add-opens=java.base/java.net=ALL-UNNAMED,--add-opens=java.base/java.util.concurrent.atomic=ALL-UNNAMED,-Xmx4g,-Dfile.encoding=UTF-8,-Duser.country=IN,-Duser.language=en,-Duser.variant]
2026-09-30T10:57:49.219+0530 [INFO] [org.gradle.launcher.daemon.server.exec.ForwardClientInput] Closing daemon's stdin at end of input.
2026-09-30T10:57:49.219+0530 [INFO] [org.gradle.launcher.daemon.server.exec.ForwardClientInput] The daemon will no longer process any standard input.

Deprecated Gradle features were used in this build, making it incompatible with Gradle 9.0.

You can use '--warning-mode all' to show the individual deprecation warnings and determine if they come from your own scripts or plugins.

For more on this, please refer to https://docs.gradle.org/8.2/userguide/command_line_interface.html#sec:command_line_warnings in the Gradle documentation.

BUILD SUCCESSFUL in 38s
2026-09-30T10:58:28.061+0530 [DEBUG] [org.gradle.launcher.daemon.server.exec.ExecuteBuild] The daemon has finished executing the build.
2026-09-30T10:58:28.063+0530 [DEBUG] [org.gradle.launcher.daemon.server.DaemonStateCoordinator] daemon is running. Sleeping until state changes.
2026-09-30T10:58:28.064+0530 [DEBUG] [org.gradle.launcher.daemon.server.DaemonStateCoordinator] Command execution: finished waiting for DaemonCommandExecution[command = Build{id=db6b5f71-293a-42e2-aa40-729ef8d241f3, currentDir=D:\GRAPHINOVAS\AI Studio\GRAPHYNOVUS II SUDORA\sudoku-organizer}, connection = DefaultDaemonConnection: socket connection from /127.0.0.1:62610 to /127.0.0.1:62856]. Result org.gradle.launcher.daemon.server.DaemonStateCoordinator@3899ed8f with state Busy
2026-09-30T10:58:28.064+0530 [DEBUG] [org.gradle.launcher.daemon.server.DaemonStateCoordinator] Command execution: completed DaemonCommandExecution[command = Build{id=db6b5f71-293a-42e2-aa40-729ef8d241f3, currentDir=D:\GRAPHINOVAS\AI Studio\GRAPHYNOVUS II SUDORA\sudoku-organizer}, connection = DefaultDaemonConnection: socket connection from /127.0.0.1:62610 to /127.0.0.1:62856]
2026-09-30T10:58:28.064+0530 [DEBUG] [org.gradle.launcher.daemon.server.DaemonStateCoordinator] resetting idle timer
2026-09-30T10:58:28.064+0530 [INFO] [org.gradle.launcher.daemon.server.DaemonRegistryUpdater] Marking the daemon as idle, address: [bd6b4a7c-c501-4f7b-ad6e-79287e214da3 port:62610, addresses:[localhost/127.0.0.1]]
2026-09-30T10:58:28.064+0530 [DEBUG] [org.gradle.launcher.daemon.registry.PersistentDaemonRegistry] Marking busy by address: [bd6b4a7c-c501-4f7b-ad6e-79287e214da3 port:62610, addresses:[localhost/127.0.0.1]]
2026-09-30T10:58:28.065+0530 [DEBUG] [org.gradle.cache.internal.DefaultFileLockManager] Waiting to acquire exclusive lock on daemon addresses registry.
2026-09-30T10:58:28.065+0530 [DEBUG] [org.gradle.cache.internal.DefaultFileLockManager] Lock acquired on daemon addresses registry.
2026-09-30T10:58:28.066+0530 [DEBUG] [org.gradle.cache.internal.DefaultFileLockManager] Releasing lock on daemon addresses registry.
2026-09-30T10:58:28.067+0530 [DEBUG] [org.gradle.launcher.daemon.server.DaemonStateCoordinator] daemon is running. Sleeping until state changes.
2026-09-30T10:58:28.067+0530 [DEBUG] [org.gradle.launcher.daemon.server.exec.ReturnResult] Daemon is dispatching the build result: Success[value=org.gradle.launcher.exec.BuildActionResult@49258e08]
2026-09-30T10:58:28.067+0530 [DEBUG] [org.gradle.launcher.daemon.server.SynchronizedDispatchConnection] thread 334: dispatching Success[value=org.gradle.launcher.exec.BuildActionResult@49258e08]
2026-09-30T10:58:28.067+0530 [DEBUG] [org.gradle.launcher.daemon.server.DefaultIncomingConnectionHandler] Finishing executing command: Build{id=db6b5f71-293a-42e2-aa40-729ef8d241f3, currentDir=D:\GRAPHINOVAS\AI Studio\GRAPHYNOVUS II SUDORA\sudoku-organizer}
2026-09-30T10:58:28.068+0530 [DEBUG] [org.gradle.launcher.daemon.server.SynchronizedDispatchConnection] thread 335: received class org.gradle.launcher.daemon.protocol.Finished
2026-09-30T10:58:28.068+0530 [DEBUG] [org.gradle.launcher.daemon.server.DefaultDaemonConnection] thread 335: Received non-IO message from client: org.gradle.launcher.daemon.protocol.Finished@33ada112
2026-09-30T10:58:28.068+0530 [DEBUG] [org.gradle.launcher.daemon.server.DefaultIncomingConnectionHandler] Received finished message: org.gradle.launcher.daemon.protocol.Finished@33ada112
2026-09-30T10:58:28.068+0530 [DEBUG] [org.gradle.launcher.daemon.server.SynchronizedDispatchConnection] thread 334: stopping connection
2026-09-30T10:58:28.068+0530 [DEBUG] [org.gradle.internal.remote.internal.inet.SocketConnection] Discarding EOFException: java.io.EOFException
2026-09-30T10:58:28.068+0530 [DEBUG] [org.gradle.launcher.daemon.server.SynchronizedDispatchConnection] thread 335: received null
2026-09-30T10:58:28.068+0530 [DEBUG] [org.gradle.launcher.daemon.server.DefaultDaemonConnection] thread 335: Received end-of-input from client.
2026-09-30T10:58:28.073+0530 [DEBUG] [org.gradle.launcher.daemon.server.SynchronizedDispatchConnection] thread 334: stopping connection
2026-09-30T10:58:29.969+0530 [DEBUG] [org.gradle.cache.internal.DefaultFileLockManager] Waiting to acquire shared lock on daemon addresses registry.
2026-09-30T10:58:29.969+0530 [DEBUG] [org.gradle.cache.internal.DefaultFileLockManager] Lock acquired on daemon addresses registry.
2026-09-30T10:58:29.970+0530 [DEBUG] [org.gradle.cache.internal.DefaultFileLockManager] Releasing lock on daemon addresses registry.
2026-09-30T10:58:29.971+0530 [DEBUG] [org.gradle.cache.internal.DefaultFileLockManager] Waiting to acquire shared lock on daemon addresses registry.
2026-09-30T10:58:29.971+0530 [DEBUG] [org.gradle.cache.internal.DefaultFileLockManager] Lock acquired on daemon addresses registry.
2026-09-30T10:58:29.971+0530 [DEBUG] [org.gradle.cache.internal.DefaultFileLockManager] Releasing lock on daemon addresses registry.
2026-09-30T10:58:39.958+0530 [DEBUG] [org.gradle.cache.internal.DefaultFileLockManager] Waiting to acquire shared lock on daemon addresses registry.
2026-09-30T10:58:39.958+0530 [DEBUG] [org.gradle.cache.internal.DefaultFileLockManager] Lock acquired on daemon addresses registry.
2026-09-30T10:58:39.958+0530 [DEBUG] [org.gradle.cache.internal.DefaultFileLockManager] Releasing lock on daemon addresses registry.
2026-09-30T10:58:39.959+0530 [DEBUG] [org.gradle.cache.internal.DefaultFileLockManager] Waiting to acquire shared lock on daemon addresses registry.
2026-09-30T10:58:39.959+0530 [DEBUG] [org.gradle.cache.internal.DefaultFileLockManager] Lock acquired on daemon addresses registry.
2026-09-30T10:58:39.959+0530 [DEBUG] [org.gradle.cache.internal.DefaultFileLockManager] Releasing lock on daemon addresses registry.
2026-09-30T10:58:39.960+0530 [DEBUG] [org.gradle.cache.internal.DefaultFileLockManager] Waiting to acquire shared lock on daemon addresses registry.
2026-09-30T10:58:39.960+0530 [DEBUG] [org.gradle.cache.internal.DefaultFileLockManager] Lock acquired on daemon addresses registry.
2026-09-30T10:58:39.960+0530 [DEBUG] [org.gradle.cache.internal.DefaultFileLockManager] Releasing lock on daemon addresses registry.
2026-09-30T10:58:49.964+0530 [DEBUG] [org.gradle.cache.internal.DefaultFileLockManager] Waiting to acquire shared lock on daemon addresses registry.
2026-09-30T10:58:49.964+0530 [DEBUG] [org.gradle.cache.internal.DefaultFileLockManager] Lock acquired on daemon addresses registry.
2026-09-30T10:58:49.964+0530 [DEBUG] [org.gradle.cache.internal.DefaultFileLockManager] Releasing lock on daemon addresses registry.
2026-09-30T10:58:49.965+0530 [DEBUG] [org.gradle.cache.internal.DefaultFileLockManager] Waiting to acquire shared lock on daemon addresses registry.
2026-09-30T10:58:49.965+0530 [DEBUG] [org.gradle.cache.internal.DefaultFileLockManager] Lock acquired on daemon addresses registry.
2026-09-30T10:58:49.965+0530 [DEBUG] [org.gradle.cache.internal.DefaultFileLockManager] Releasing lock on daemon addresses registry.
2026-09-30T10:58:49.966+0530 [DEBUG] [org.gradle.cache.internal.DefaultFileLockManager] Waiting to acquire shared lock on daemon addresses registry.
2026-09-30T10:58:49.967+0530 [DEBUG] [org.gradle.cache.internal.DefaultFileLockManager] Lock acquired on daemon addresses registry.
2026-09-30T10:58:49.967+0530 [DEBUG] [org.gradle.cache.internal.DefaultFileLockManager] Releasing lock on daemon addresses registry.
2026-09-30T10:58:59.961+0530 [DEBUG] [org.gradle.cache.internal.DefaultFileLockManager] Waiting to acquire shared lock on daemon addresses registry.
2026-09-30T10:58:59.961+0530 [DEBUG] [org.gradle.cache.internal.DefaultFileLockManager] Lock acquired on daemon addresses registry.
2026-09-30T10:58:59.961+0530 [DEBUG] [org.gradle.cache.internal.DefaultFileLockManager] Releasing lock on daemon addresses registry.
2026-09-30T10:58:59.962+0530 [DEBUG] [org.gradle.cache.internal.DefaultFileLockManager] Waiting to acquire shared lock on daemon addresses registry.
2026-09-30T10:58:59.962+0530 [DEBUG] [org.gradle.cache.internal.DefaultFileLockManager] Lock acquired on daemon addresses registry.
2026-09-30T10:58:59.962+0530 [DEBUG] [org.gradle.cache.internal.DefaultFileLockManager] Releasing lock on daemon addresses registry.
2026-09-30T10:58:59.963+0530 [DEBUG] [org.gradle.cache.internal.DefaultFileLockManager] Waiting to acquire shared lock on daemon addresses registry.
2026-09-30T10:58:59.963+0530 [DEBUG] [org.gradle.cache.internal.DefaultFileLockManager] Lock acquired on daemon addresses registry.
2026-09-30T10:58:59.963+0530 [DEBUG] [org.gradle.cache.internal.DefaultFileLockManager] Releasing lock on daemon addresses registry.
2026-09-30T10:59:09.958+0530 [DEBUG] [org.gradle.cache.internal.DefaultFileLockManager] Waiting to acquire shared lock on daemon addresses registry.
2026-09-30T10:59:09.958+0530 [DEBUG] [org.gradle.cache.internal.DefaultFileLockManager] Lock acquired on daemon addresses registry.
2026-09-30T10:59:09.959+0530 [DEBUG] [org.gradle.cache.internal.DefaultFileLockManager] Releasing lock on daemon addresses registry.
2026-09-30T10:59:09.959+0530 [DEBUG] [org.gradle.cache.internal.DefaultFileLockManager] Waiting to acquire shared lock on daemon addresses registry.
2026-09-30T10:59:09.959+0530 [DEBUG] [org.gradle.cache.internal.DefaultFileLockManager] Lock acquired on daemon addresses registry.
2026-09-30T10:59:09.959+0530 [DEBUG] [org.gradle.cache.internal.DefaultFileLockManager] Releasing lock on daemon addresses registry.
2026-09-30T10:59:09.960+0530 [DEBUG] [org.gradle.cache.internal.DefaultFileLockManager] Waiting to acquire shared lock on daemon addresses registry.
2026-09-30T10:59:09.960+0530 [DEBUG] [org.gradle.cache.internal.DefaultFileLockManager] Lock acquired on daemon addresses registry.
2026-09-30T10:59:09.960+0530 [DEBUG] [org.gradle.cache.internal.DefaultFileLockManager] Releasing lock on daemon addresses registry.
2026-09-30T10:59:18.822+0530 [DEBUG] [org.gradle.internal.remote.internal.inet.TcpIncomingConnector] Accepted connection from /127.0.0.1:62882 to /127.0.0.1:62610.
2026-09-30T10:59:18.829+0530 [DEBUG] [org.gradle.launcher.daemon.server.SynchronizedDispatchConnection] thread 406: received class org.gradle.launcher.daemon.protocol.Build
2026-09-30T10:59:18.830+0530 [DEBUG] [org.gradle.launcher.daemon.server.DefaultDaemonConnection] thread 406: Received non-IO message from client: Build{id=783f91cc-f526-4600-a0a5-b8c7ddebb7c2, currentDir=D:\GRAPHINOVAS\AI Studio\GRAPHYNOVUS II SUDORA\sudoku-organizer}
2026-09-30T10:59:18.830+0530 [INFO] [org.gradle.launcher.daemon.server.DefaultIncomingConnectionHandler] Received command: Build{id=783f91cc-f526-4600-a0a5-b8c7ddebb7c2, currentDir=D:\GRAPHINOVAS\AI Studio\GRAPHYNOVUS II SUDORA\sudoku-organizer}.
2026-09-30T10:59:18.830+0530 [DEBUG] [org.gradle.launcher.daemon.server.DefaultIncomingConnectionHandler] Starting executing command: Build{id=783f91cc-f526-4600-a0a5-b8c7ddebb7c2, currentDir=D:\GRAPHINOVAS\AI Studio\GRAPHYNOVUS II SUDORA\sudoku-organizer} with connection: socket connection from /127.0.0.1:62610 to /127.0.0.1:62882.
2026-09-30T10:59:18.830+0530 [DEBUG] [org.gradle.launcher.daemon.server.DaemonStateCoordinator] Command execution: started DaemonCommandExecution[command = Build{id=783f91cc-f526-4600-a0a5-b8c7ddebb7c2, currentDir=D:\GRAPHINOVAS\AI Studio\GRAPHYNOVUS II SUDORA\sudoku-organizer}, connection = DefaultDaemonConnection: socket connection from /127.0.0.1:62610 to /127.0.0.1:62882] after 0.0 minutes of idle
2026-09-30T10:59:18.830+0530 [INFO] [org.gradle.launcher.daemon.server.DaemonRegistryUpdater] Marking the daemon as busy, address: [bd6b4a7c-c501-4f7b-ad6e-79287e214da3 port:62610, addresses:[localhost/127.0.0.1]]
2026-09-30T10:59:18.830+0530 [DEBUG] [org.gradle.launcher.daemon.registry.PersistentDaemonRegistry] Marking busy by address: [bd6b4a7c-c501-4f7b-ad6e-79287e214da3 port:62610, addresses:[localhost/127.0.0.1]]
2026-09-30T10:59:18.831+0530 [DEBUG] [org.gradle.cache.internal.DefaultFileLockManager] Waiting to acquire exclusive lock on daemon addresses registry.
2026-09-30T10:59:18.834+0530 [DEBUG] [org.gradle.cache.internal.DefaultFileLockManager] Lock acquired on daemon addresses registry.
2026-09-30T10:59:18.837+0530 [DEBUG] [org.gradle.cache.internal.DefaultFileLockManager] Releasing lock on daemon addresses registry.
2026-09-30T10:59:18.838+0530 [DEBUG] [org.gradle.launcher.daemon.server.DaemonStateCoordinator] resetting idle timer
2026-09-30T10:59:18.838+0530 [DEBUG] [org.gradle.launcher.daemon.server.DaemonStateCoordinator] daemon is running. Sleeping until state changes.
2026-09-30T10:59:18.838+0530 [INFO] [org.gradle.launcher.daemon.server.exec.StartBuildOrRespondWithBusy] Daemon is about to start building Build{id=783f91cc-f526-4600-a0a5-b8c7ddebb7c2, currentDir=D:\GRAPHINOVAS\AI Studio\GRAPHYNOVUS II SUDORA\sudoku-organizer}. Dispatching build started information...
2026-09-30T10:59:18.838+0530 [DEBUG] [org.gradle.launcher.daemon.server.SynchronizedDispatchConnection] thread 337: dispatching org.gradle.launcher.daemon.protocol.BuildStarted@32f383f8
2026-09-30T10:59:18.839+0530 [DEBUG] [org.gradle.launcher.daemon.server.exec.EstablishBuildEnvironment] Configuring env variables: [USERDOMAIN_ROAMINGPROFILE, PROCESSOR_LEVEL, SESSIONNAME, ALLUSERSPROFILE, INTEL_DEV_REDIST, PROCESSOR_ARCHITECTURE, MIC_LD_LIBRARY_PATH, ANDROID_HOME, PSModulePath, SystemDrive, USERNAME, ProgramFiles(x86), FPS_BROWSER_USER_PROFILE_STRING, PATHEXT, DriverData, ProgramData, ProgramW6432, HOMEPATH, PROCESSOR_IDENTIFIER, GRALDLE_HOME, ProgramFiles, PUBLIC, windir, GlobalVariableMeritTracSecureDesktop, =::, OPENSSL_CONF, LOCALAPPDATA, ChocolateyLastPathUpdate, USERDOMAIN, LOGONSERVER, WIX, FPS_BROWSER_APP_PROFILE_STRING, JAVA_HOME, OneDrive, APPDATA, ChocolateyInstall, VBOX_MSI_INSTALL_PATH, CommonProgramFiles, Path, OS, COMPUTERNAME, PROCESSOR_REVISION, CommonProgramW6432, ComSpec, TEMP, SystemRoot, HOMEDRIVE, USERPROFILE, TMP, CommonProgramFiles(x86), NUMBER_OF_PROCESSORS, IDEA_INITIAL_DIRECTORY]
2026-09-30T10:59:18.840+0530 [DEBUG] [org.gradle.launcher.daemon.server.exec.LogToClient] About to start relaying all logs to the client via the connection.
2026-09-30T10:59:18.840+0530 [INFO] [org.gradle.launcher.daemon.server.exec.LogToClient] The client will now receive all logging from the daemon (pid: 16860). The daemon log file: D:\GRAPHINOVAS\AI Studio\GRAPHYNOVUS II SUDORA\sudoku-organizer\gradle\daemon\8.2\daemon-16860.out.log
2026-09-30T10:59:18.840+0530 [DEBUG] [org.gradle.launcher.daemon.server.SynchronizedDispatchConnection] thread 406: received class org.gradle.launcher.daemon.protocol.CloseInput
2026-09-30T10:59:18.840+0530 [DEBUG] [org.gradle.launcher.daemon.server.DefaultDaemonConnection] thread 406: Received IO message from client: org.gradle.launcher.daemon.protocol.CloseInput@236ef715
2026-09-30T10:59:18.841+0530 [INFO] [org.gradle.launcher.daemon.server.exec.LogAndCheckHealth] Starting 7th build in daemon [uptime: 12 mins 10.176 secs, performance: 99%, GC rate: 0.00/s, heap usage: 0% of 4 GiB]
2026-09-30T10:59:18.842+0530 [DEBUG] [org.gradle.launcher.daemon.server.exec.ExecuteBuild] The daemon has started executing the build.
2026-09-30T10:59:18.842+0530 [DEBUG] [org.gradle.launcher.daemon.server.exec.ExecuteBuild] Executing build with daemon context: DefaultDaemonContext[uid=fd82ef79-9507-4a8a-b959-cbf625482adf,javaHome=C:\Program Files\Java\jdk-18.0.2.1,daemonRegistryDir=D:\GRAPHINOVAS\AI Studio\GRAPHYNOVUS II SUDORA\sudoku-organizer\gradle\daemon,pid=16860,idleTimeout=10800000,priority=NORMAL,applyInstrumentationAgent=true,daemonOpts=--add-opens=java.base/java.util=ALL-UNNAMED,--add-opens=java.base/java.lang=ALL-UNNAMED,--add-opens=java.base/java.lang.invoke=ALL-UNNAMED,--add-opens=java.prefs/java.util.prefs=ALL-UNNAMED,--add-opens=java.base/java.nio.charset=ALL-UNNAMED,--add-opens=java.base/java.net=ALL-UNNAMED,--add-opens=java.base/java.util.concurrent.atomic=ALL-UNNAMED,-Xmx4g,-Dfile.encoding=UTF-8,-Duser.country=IN,-Duser.language=en,-Duser.variant]
Calculating task graph as configuration cache cannot be reused because file 'app\build.gradle.kts' has changed.
e: file:///D:/GRAPHINOVAS/AI%20Studio/GRAPHYNOVUS%20II%20SUDORA/sudoku-organizer/gradle/caches/modules-2/files-2.1/com.squareup.retrofit2/retrofit/2.12.0/6b90753ddd52e2c30f778af266253e5390b7ae24/retrofit-2.12.0.jar!/META-INF/retrofit.kotlin_moduleModule was compiled with an incompatible version of Kotlin. The binary version of its metadata is 2.1.0, expected version is 1.9.0.
e: file:///D:/GRAPHINOVAS/AI%20Studio/GRAPHYNOVUS%20II%20SUDORA/sudoku-organizer/gradle/caches/modules-2/files-2.1/org.jetbrains.kotlin/kotlin-stdlib/2.1.0/85f8b81009cda5890e54ba67d64b5e599c645020/kotlin-stdlib-2.1.0.jar!/META-INF/kotlin-stdlib-jdk7.kotlin_moduleModule was compiled with an incompatible version of Kotlin. The binary version of its metadata is 2.1.0, expected version is 1.9.0.
e: file:///D:/GRAPHINOVAS/AI%20Studio/GRAPHYNOVUS%20II%20SUDORA/sudoku-organizer/gradle/caches/modules-2/files-2.1/org.jetbrains.kotlin/kotlin-stdlib/2.1.0/85f8b81009cda5890e54ba67d64b5e599c645020/kotlin-stdlib-2.1.0.jar!/META-INF/kotlin-stdlib-jdk8.kotlin_moduleModule was compiled with an incompatible version of Kotlin. The binary version of its metadata is 2.1.0, expected version is 1.9.0.
e: file:///D:/GRAPHINOVAS/AI%20Studio/GRAPHYNOVUS%20II%20SUDORA/sudoku-organizer/gradle/caches/modules-2/files-2.1/org.jetbrains.kotlin/kotlin-stdlib/2.1.0/85f8b81009cda5890e54ba67d64b5e599c645020/kotlin-stdlib-2.1.0.jar!/META-INF/kotlin-stdlib.kotlin_moduleModule was compiled with an incompatible version of Kotlin. The binary version of its metadata is 2.1.0, expected version is 1.9.0.
e: file:///D:/GRAPHINOVAS/AI%20Studio/GRAPHYNOVUS%20II%20SUDORA/sudoku-organizer/gradle/caches/modules-2/files-2.1/org.jetbrains.kotlinx/kotlinx-coroutines-android/1.10.2/c8705d275d81f19e8afaf3ff9b5bf7a4b6b6c19b/kotlinx-coroutines-android-1.10.2.jar!/META-INF/kotlinx-coroutines-android.kotlin_moduleModule was compiled with an incompatible version of Kotlin. The binary version of its metadata is 2.1.0, expected version is 1.9.0.
e: file:///D:/GRAPHINOVAS/AI%20Studio/GRAPHYNOVUS%20II%20SUDORA/sudoku-organizer/gradle/caches/modules-2/files-2.1/org.jetbrains.kotlinx/kotlinx-coroutines-core-jvm/1.10.2/4a9f78ef49483748e2c129f3d124b8fa249dafbf/kotlinx-coroutines-core-jvm-1.10.2.jar!/META-INF/kotlinx-coroutines-core.kotlin_moduleModule was compiled with an incompatible version of Kotlin. The binary version of its metadata is 2.1.0, expected version is 1.9.0.
e: file:///D:/GRAPHINOVAS/AI%20Studio/GRAPHYNOVUS%20II%20SUDORA/sudoku-organizer/gradle/caches/modules-2/files-2.1/org.jetbrains.kotlinx/kotlinx-coroutines-play-services/1.10.2/61cc2b7de54f902c76fb2e3649bb1cd890a4a1cc/kotlinx-coroutines-play-services-1.10.2.jar!/META-INF/kotlinx-coroutines-play-services.kotlin_moduleModule was compiled with an incompatible version of Kotlin. The binary version of its metadata is 2.1.0, expected version is 1.9.0.
e: file:///D:/GRAPHINOVAS/AI%20Studio/GRAPHYNOVUS%20II%20SUDORA/sudoku-organizer/gradle/caches/transforms-3/a6f5df60a48ea23253816d3317d8c564/transformed/recaptcha-18.7.1-api.jar!/META-INF/java.com.google.android.libraries.abuse.recaptcha.common_common_ktx.kotlin_moduleModule was compiled with an incompatible version of Kotlin. The binary version of its metadata is 2.1.0, expected version is 1.9.0.
e: file:///D:/GRAPHINOVAS/AI%20Studio/GRAPHYNOVUS%20II%20SUDORA/sudoku-organizer/gradle/caches/transforms-3/a6f5df60a48ea23253816d3317d8c564/transformed/recaptcha-18.7.1-api.jar!/META-INF/java.com.google.android.libraries.abuse.recaptcha.common_logger.kotlin_moduleModule was compiled with an incompatible version of Kotlin. The binary version of its metadata is 2.1.0, expected version is 1.9.0.
e: file:///D:/GRAPHINOVAS/AI%20Studio/GRAPHYNOVUS%20II%20SUDORA/sudoku-organizer/gradle/caches/transforms-3/a6f5df60a48ea23253816d3317d8c564/transformed/recaptcha-18.7.1-api.jar!/META-INF/java.com.google.android.libraries.abuse.recaptcha.enterprise.android_impl.kotlin_moduleModule was compiled with an incompatible version of Kotlin. The binary version of its metadata is 2.1.0, expected version is 1.9.0.
e: file:///D:/GRAPHINOVAS/AI%20Studio/GRAPHYNOVUS%20II%20SUDORA/sudoku-organizer/gradle/caches/transforms-3/a6f5df60a48ea23253816d3317d8c564/transformed/recaptcha-18.7.1-api.jar!/META-INF/java.com.google.android.libraries.abuse.recaptcha.enterprise.internal.release.com.google.android.recaptcha.internal_release.kotlin_moduleModule was compiled with an incompatible version of Kotlin. The binary version of its metadata is 2.1.0, expected version is 1.9.0.
e: file:///D:/GRAPHINOVAS/AI%20Studio/GRAPHYNOVUS%20II%20SUDORA/sudoku-organizer/gradle/caches/transforms-3/a6f5df60a48ea23253816d3317d8c564/transformed/recaptcha-18.7.1-api.jar!/META-INF/java.com.google.android.libraries.abuse.recaptcha.enterprise.internal_impl.kotlin_moduleModule was compiled with an incompatible version of Kotlin. The binary version of its metadata is 2.1.0, expected version is 1.9.0.
e: file:///D:/GRAPHINOVAS/AI%20Studio/GRAPHYNOVUS%20II%20SUDORA/sudoku-organizer/gradle/caches/transforms-3/a6f5df60a48ea23253816d3317d8c564/transformed/recaptcha-18.7.1-api.jar!/META-INF/java.com.google.android.libraries.abuse.recaptcha.enterprise.internal_internal.kotlin_moduleModule was compiled with an incompatible version of Kotlin. The binary version of its metadata is 2.1.0, expected version is 1.9.0.
e: file:///D:/GRAPHINOVAS/AI%20Studio/GRAPHYNOVUS%20II%20SUDORA/sudoku-organizer/gradle/caches/transforms-3/a6f5df60a48ea23253816d3317d8c564/transformed/recaptcha-18.7.1-api.jar!/META-INF/java.com.google.android.libraries.abuse.recaptcha.enterprise.native_impl.kotlin_moduleModule was compiled with an incompatible version of Kotlin. The binary version of its metadata is 2.1.0, expected version is 1.9.0.
e: file:///D:/GRAPHINOVAS/AI%20Studio/GRAPHYNOVUS%20II%20SUDORA/sudoku-organizer/gradle/caches/transforms-3/a6f5df60a48ea23253816d3317d8c564/transformed/recaptcha-18.7.1-api.jar!/META-INF/java.com.google.android.libraries.abuse.recaptcha.enterprise.public_public.kotlin_moduleModule was compiled with an incompatible version of Kotlin. The binary version of its metadata is 2.1.0, expected version is 1.9.0.
e: file:///D:/GRAPHINOVAS/AI%20Studio/GRAPHYNOVUS%20II%20SUDORA/sudoku-organizer/gradle/caches/transforms-3/a6f5df60a48ea23253816d3317d8c564/transformed/recaptcha-18.7.1-api.jar!/META-INF/java.com.google.android.libraries.abuse.recaptcha.enterprise_enterprise.kotlin_moduleModule was compiled with an incompatible version of Kotlin. The binary version of its metadata is 2.1.0, expected version is 1.9.0.
e: file:///D:/GRAPHINOVAS/AI%20Studio/GRAPHYNOVUS%20II%20SUDORA/sudoku-organizer/gradle/caches/transforms-3/a6f5df60a48ea23253816d3317d8c564/transformed/recaptcha-18.7.1-api.jar!/META-INF/java.com.google.android.libraries.abuse.recaptcha.metricscollection_metricscollection.kotlin_moduleModule was compiled with an incompatible version of Kotlin. The binary version of its metadata is 2.1.0, expected version is 1.9.0.
e: file:///D:/GRAPHINOVAS/AI%20Studio/GRAPHYNOVUS%20II%20SUDORA/sudoku-organizer/gradle/caches/transforms-3/a6f5df60a48ea23253816d3317d8c564/transformed/recaptcha-18.7.1-api.jar!/META-INF/java.com.google.android.libraries.abuse.recaptcha.network_network.kotlin_moduleModule was compiled with an incompatible version of Kotlin. The binary version of its metadata is 2.1.0, expected version is 1.9.0.
e: file:///D:/GRAPHINOVAS/AI%20Studio/GRAPHYNOVUS%20II%20SUDORA/sudoku-organizer/gradle/caches/transforms-3/a6f5df60a48ea23253816d3317d8c564/transformed/recaptcha-18.7.1-api.jar!/META-INF/logs.proto.recaptcha_mobile_client_log_v2_kt_proto_lite.kotlin_moduleModule was compiled with an incompatible version of Kotlin. The binary version of its metadata is 2.1.0, expected version is 1.9.0.
e: file:///D:/GRAPHINOVAS/AI%20Studio/GRAPHYNOVUS%20II%20SUDORA/sudoku-organizer/gradle/caches/transforms-3/a6f5df60a48ea23253816d3317d8c564/transformed/recaptcha-18.7.1-api.jar!/META-INF/third_party.kotlin.protobuf.src.commonMain.kotlin.com.google.protobuf.kotlin_only_for_use_in_proto_generated_code_its_generator_and_tests.kotlin_moduleModule was compiled with an incompatible version of Kotlin. The binary version of its metadata is 2.1.0, expected version is 1.9.0.
e: file:///D:/GRAPHINOVAS/AI%20Studio/GRAPHYNOVUS%20II%20SUDORA/sudoku-organizer/gradle/caches/transforms-3/a6f5df60a48ea23253816d3317d8c564/transformed/recaptcha-18.7.1-api.jar!/META-INF/third_party.kotlin.protobuf.src.commonMain.kotlin.com.google.protobuf.kotlin_shared_runtime.kotlin_moduleModule was compiled with an incompatible version of Kotlin. The binary version of its metadata is 2.1.0, expected version is 1.9.0.

0 problems were found storing the configuration cache.

See the complete report at file:///D:/GRAPHINOVAS/AI%20Studio/GRAPHYNOVUS%20II%20SUDORA/sudoku-organizer/build/reports/configuration-cache/8vxucn3xpdn5wqcbu3sk1dzic/2csf2fkfpwxhfkf6z2o868la2/configuration-cache-report.html

FAILURE: Build failed with an exception.

* What went wrong:
Execution failed for task ':app:kspDebugKotlin'.
> A failure occurred while executing org.jetbrains.kotlin.compilerRunner.GradleCompilerRunnerWithWorkers$GradleKotlinCompilerWorkAction
   > Compilation error. See log for more details

* Try:
> Run with --info or --debug option to get more log output.
> Run with --scan to get full insights.
> Get more help at https://help.gradle.org.

* Exception is:
org.gradle.api.tasks.TaskExecutionException: Execution failed for task ':app:kspDebugKotlin'.
	at org.gradle.api.internal.tasks.execution.ExecuteActionsTaskExecuter.lambda$executeIfValid$1(ExecuteActionsTaskExecuter.java:149)
	at org.gradle.internal.Try$Failure.ifSuccessfulOrElse(Try.java:282)
	at org.gradle.api.internal.tasks.execution.ExecuteActionsTaskExecuter.executeIfValid(ExecuteActionsTaskExecuter.java:147)
	at org.gradle.api.internal.tasks.execution.ExecuteActionsTaskExecuter.execute(ExecuteActionsTaskExecuter.java:135)
	at org.gradle.api.internal.tasks.execution.FinalizePropertiesTaskExecuter.execute(FinalizePropertiesTaskExecuter.java:46)
	at org.gradle.api.internal.tasks.execution.ResolveTaskExecutionModeExecuter.execute(ResolveTaskExecutionModeExecuter.java:51)
	at org.gradle.api.internal.tasks.execution.SkipTaskWithNoActionsExecuter.execute(SkipTaskWithNoActionsExecuter.java:57)
	at org.gradle.api.internal.tasks.execution.SkipOnlyIfTaskExecuter.execute(SkipOnlyIfTaskExecuter.java:74)
	at org.gradle.api.internal.tasks.execution.CatchExceptionTaskExecuter.execute(CatchExceptionTaskExecuter.java:36)
	at org.gradle.api.internal.tasks.execution.EventFiringTaskExecuter$1.executeTask(EventFiringTaskExecuter.java:77)
	at org.gradle.api.internal.tasks.execution.EventFiringTaskExecuter$1.call(EventFiringTaskExecuter.java:55)
	at org.gradle.api.internal.tasks.execution.EventFiringTaskExecuter$1.call(EventFiringTaskExecuter.java:52)
	at org.gradle.internal.operations.DefaultBuildOperationRunner$CallableBuildOperationWorker.execute(DefaultBuildOperationRunner.java:204)
	at org.gradle.internal.operations.DefaultBuildOperationRunner$CallableBuildOperationWorker.execute(DefaultBuildOperationRunner.java:199)
	at org.gradle.internal.operations.DefaultBuildOperationRunner$2.execute(DefaultBuildOperationRunner.java:66)
	at org.gradle.internal.operations.DefaultBuildOperationRunner$2.execute(DefaultBuildOperationRunner.java:59)
	at org.gradle.internal.operations.DefaultBuildOperationRunner.execute(DefaultBuildOperationRunner.java:157)
	at org.gradle.internal.operations.DefaultBuildOperationRunner.execute(DefaultBuildOperationRunner.java:59)
	at org.gradle.internal.operations.DefaultBuildOperationRunner.call(DefaultBuildOperationRunner.java:53)
	at org.gradle.internal.operations.DefaultBuildOperationExecutor.call(DefaultBuildOperationExecutor.java:73)
	at org.gradle.api.internal.tasks.execution.EventFiringTaskExecuter.execute(EventFiringTaskExecuter.java:52)
	at org.gradle.execution.plan.LocalTaskNodeExecutor.execute(LocalTaskNodeExecutor.java:42)
	at org.gradle.execution.taskgraph.DefaultTaskExecutionGraph$InvokeNodeExecutorsAction.execute(DefaultTaskExecutionGraph.java:337)
	at org.gradle.execution.taskgraph.DefaultTaskExecutionGraph$InvokeNodeExecutorsAction.execute(DefaultTaskExecutionGraph.java:324)
	at org.gradle.execution.taskgraph.DefaultTaskExecutionGraph$BuildOperationAwareExecutionAction.execute(DefaultTaskExecutionGraph.java:317)
	at org.gradle.execution.taskgraph.DefaultTaskExecutionGraph$BuildOperationAwareExecutionAction.execute(DefaultTaskExecutionGraph.java:303)
	at org.gradle.execution.plan.DefaultPlanExecutor$ExecutorWorker.execute(DefaultPlanExecutor.java:463)
	at org.gradle.execution.plan.DefaultPlanExecutor$ExecutorWorker.run(DefaultPlanExecutor.java:380)
	at org.gradle.execution.plan.DefaultPlanExecutor.process(DefaultPlanExecutor.java:116)
	at org.gradle.execution.taskgraph.DefaultTaskExecutionGraph.executeWithServices(DefaultTaskExecutionGraph.java:138)
	at org.gradle.execution.taskgraph.DefaultTaskExecutionGraph.execute(DefaultTaskExecutionGraph.java:123)
	at org.gradle.execution.SelectedTaskExecutionAction.execute(SelectedTaskExecutionAction.java:35)
	at org.gradle.execution.DryRunBuildExecutionAction.execute(DryRunBuildExecutionAction.java:51)
	at org.gradle.execution.BuildOperationFiringBuildWorkerExecutor$ExecuteTasks.call(BuildOperationFiringBuildWorkerExecutor.java:54)
	at org.gradle.execution.BuildOperationFiringBuildWorkerExecutor$ExecuteTasks.call(BuildOperationFiringBuildWorkerExecutor.java:43)
	at org.gradle.internal.operations.DefaultBuildOperationRunner$CallableBuildOperationWorker.execute(DefaultBuildOperationRunner.java:204)
	at org.gradle.internal.operations.DefaultBuildOperationRunner$CallableBuildOperationWorker.execute(DefaultBuildOperationRunner.java:199)
	at org.gradle.internal.operations.DefaultBuildOperationRunner$2.execute(DefaultBuildOperationRunner.java:66)
	at org.gradle.internal.operations.DefaultBuildOperationRunner$2.execute(DefaultBuildOperationRunner.java:59)
	at org.gradle.internal.operations.DefaultBuildOperationRunner.execute(DefaultBuildOperationRunner.java:157)
	at org.gradle.internal.operations.DefaultBuildOperationRunner.execute(DefaultBuildOperationRunner.java:59)
	at org.gradle.internal.operations.DefaultBuildOperationRunner.call(DefaultBuildOperationRunner.java:53)
	at org.gradle.internal.operations.DefaultBuildOperationExecutor.call(DefaultBuildOperationExecutor.java:73)
	at org.gradle.execution.BuildOperationFiringBuildWorkerExecutor.execute(BuildOperationFiringBuildWorkerExecutor.java:40)
	at org.gradle.internal.build.DefaultBuildLifecycleController.lambda$executeTasks$10(DefaultBuildLifecycleController.java:264)
	at org.gradle.internal.model.StateTransitionController.doTransition(StateTransitionController.java:266)
	at org.gradle.internal.model.StateTransitionController.lambda$tryTransition$8(StateTransitionController.java:177)
	at org.gradle.internal.work.DefaultSynchronizer.withLock(DefaultSynchronizer.java:44)
	at org.gradle.internal.model.StateTransitionController.tryTransition(StateTransitionController.java:177)
	at org.gradle.internal.build.DefaultBuildLifecycleController.executeTasks(DefaultBuildLifecycleController.java:255)
	at org.gradle.internal.build.DefaultBuildWorkGraphController$DefaultBuildWorkGraph.runWork(DefaultBuildWorkGraphController.java:220)
	at org.gradle.internal.work.DefaultWorkerLeaseService.withLocks(DefaultWorkerLeaseService.java:249)
	at org.gradle.internal.work.DefaultWorkerLeaseService.runAsWorkerThread(DefaultWorkerLeaseService.java:109)
	at org.gradle.composite.internal.DefaultBuildController.doRun(DefaultBuildController.java:181)
	at org.gradle.composite.internal.DefaultBuildController.access$000(DefaultBuildController.java:50)
	at org.gradle.composite.internal.DefaultBuildController$BuildOpRunnable.run(DefaultBuildController.java:200)
	at org.gradle.internal.concurrent.ExecutorPolicy$CatchAndRecordFailures.onExecute(ExecutorPolicy.java:64)
	at org.gradle.internal.concurrent.AbstractManagedExecutor$1.run(AbstractManagedExecutor.java:47)
Caused by: org.gradle.workers.internal.DefaultWorkerExecutor$WorkExecutionException: A failure occurred while executing org.jetbrains.kotlin.compilerRunner.GradleCompilerRunnerWithWorkers$GradleKotlinCompilerWorkAction
	at org.gradle.workers.internal.DefaultWorkerExecutor$WorkItemExecution.waitForCompletion(DefaultWorkerExecutor.java:283)
	at org.gradle.internal.work.DefaultAsyncWorkTracker.lambda$waitForItemsAndGatherFailures$2(DefaultAsyncWorkTracker.java:130)
	at org.gradle.internal.Factories$1.create(Factories.java:31)
	at org.gradle.internal.work.DefaultWorkerLeaseService.withoutLocks(DefaultWorkerLeaseService.java:321)
	at org.gradle.internal.work.DefaultWorkerLeaseService.withoutLocks(DefaultWorkerLeaseService.java:304)
	at org.gradle.internal.work.DefaultWorkerLeaseService.withoutLock(DefaultWorkerLeaseService.java:309)
	at org.gradle.internal.work.DefaultAsyncWorkTracker.waitForItemsAndGatherFailures(DefaultAsyncWorkTracker.java:126)
	at org.gradle.internal.work.DefaultAsyncWorkTracker.waitForItemsAndGatherFailures(DefaultAsyncWorkTracker.java:92)
	at org.gradle.internal.work.DefaultAsyncWorkTracker.waitForAll(DefaultAsyncWorkTracker.java:78)
	at org.gradle.internal.work.DefaultAsyncWorkTracker.waitForCompletion(DefaultAsyncWorkTracker.java:66)
	at org.gradle.api.internal.tasks.execution.TaskExecution$3.run(TaskExecution.java:256)
	at org.gradle.internal.operations.DefaultBuildOperationRunner$1.execute(DefaultBuildOperationRunner.java:29)
	at org.gradle.internal.operations.DefaultBuildOperationRunner$1.execute(DefaultBuildOperationRunner.java:26)
	at org.gradle.internal.operations.DefaultBuildOperationRunner$2.execute(DefaultBuildOperationRunner.java:66)
	at org.gradle.internal.operations.DefaultBuildOperationRunner$2.execute(DefaultBuildOperationRunner.java:59)
	at org.gradle.internal.operations.DefaultBuildOperationRunner.execute(DefaultBuildOperationRunner.java:157)
	at org.gradle.internal.operations.DefaultBuildOperationRunner.execute(DefaultBuildOperationRunner.java:59)
	at org.gradle.internal.operations.DefaultBuildOperationRunner.run(DefaultBuildOperationRunner.java:47)
	at org.gradle.internal.operations.DefaultBuildOperationExecutor.run(DefaultBuildOperationExecutor.java:68)
	at org.gradle.api.internal.tasks.execution.TaskExecution.executeAction(TaskExecution.java:233)
	at org.gradle.api.internal.tasks.execution.TaskExecution.executeActions(TaskExecution.java:216)
	at org.gradle.api.internal.tasks.execution.TaskExecution.executeWithPreviousOutputFiles(TaskExecution.java:199)
	at org.gradle.api.internal.tasks.execution.TaskExecution.execute(TaskExecution.java:166)
	at org.gradle.internal.execution.steps.ExecuteStep.executeInternal(ExecuteStep.java:105)
	at org.gradle.internal.execution.steps.ExecuteStep.access$000(ExecuteStep.java:44)
	at org.gradle.internal.execution.steps.ExecuteStep$1.call(ExecuteStep.java:59)
	at org.gradle.internal.execution.steps.ExecuteStep$1.call(ExecuteStep.java:56)
	at org.gradle.internal.operations.DefaultBuildOperationRunner$CallableBuildOperationWorker.execute(DefaultBuildOperationRunner.java:204)
	at org.gradle.internal.operations.DefaultBuildOperationRunner$CallableBuildOperationWorker.execute(DefaultBuildOperationRunner.java:199)
	at org.gradle.internal.operations.DefaultBuildOperationRunner$2.execute(DefaultBuildOperationRunner.java:66)
	at org.gradle.internal.operations.DefaultBuildOperationRunner$2.execute(DefaultBuildOperationRunner.java:59)
	at org.gradle.internal.operations.DefaultBuildOperationRunner.execute(DefaultBuildOperationRunner.java:157)
	at org.gradle.internal.operations.DefaultBuildOperationRunner.execute(DefaultBuildOperationRunner.java:59)
	at org.gradle.internal.operations.DefaultBuildOperationRunner.call(DefaultBuildOperationRunner.java:53)
	at org.gradle.internal.operations.DefaultBuildOperationExecutor.call(DefaultBuildOperationExecutor.java:73)
	at org.gradle.internal.execution.steps.ExecuteStep.execute(ExecuteStep.java:56)
	at org.gradle.internal.execution.steps.ExecuteStep.execute(ExecuteStep.java:44)
	at org.gradle.internal.execution.steps.RemovePreviousOutputsStep.execute(RemovePreviousOutputsStep.java:67)
	at org.gradle.internal.execution.steps.RemovePreviousOutputsStep.execute(RemovePreviousOutputsStep.java:37)
	at org.gradle.internal.execution.steps.CancelExecutionStep.execute(CancelExecutionStep.java:41)
	at org.gradle.internal.execution.steps.TimeoutStep.executeWithoutTimeout(TimeoutStep.java:74)
	at org.gradle.internal.execution.steps.TimeoutStep.execute(TimeoutStep.java:55)
	at org.gradle.internal.execution.steps.CreateOutputsStep.execute(CreateOutputsStep.java:50)
	at org.gradle.internal.execution.steps.CreateOutputsStep.execute(CreateOutputsStep.java:28)
	at org.gradle.internal.execution.steps.CaptureStateAfterExecutionStep.executeDelegateBroadcastingChanges(CaptureStateAfterExecutionStep.java:100)
	at org.gradle.internal.execution.steps.CaptureStateAfterExecutionStep.execute(CaptureStateAfterExecutionStep.java:72)
	at org.gradle.internal.execution.steps.CaptureStateAfterExecutionStep.execute(CaptureStateAfterExecutionStep.java:50)
	at org.gradle.internal.execution.steps.ResolveInputChangesStep.execute(ResolveInputChangesStep.java:40)
	at org.gradle.internal.execution.steps.ResolveInputChangesStep.execute(ResolveInputChangesStep.java:29)
	at org.gradle.internal.execution.steps.BuildCacheStep.executeWithoutCache(BuildCacheStep.java:179)
	at org.gradle.internal.execution.steps.BuildCacheStep.executeAndStoreInCache(BuildCacheStep.java:139)
	at org.gradle.internal.execution.steps.BuildCacheStep.lambda$executeWithCache$4(BuildCacheStep.java:106)
	at org.gradle.internal.execution.steps.BuildCacheStep.lambda$executeWithCache$5(BuildCacheStep.java:106)
	at org.gradle.internal.Try$Success.map(Try.java:164)
	at org.gradle.internal.execution.steps.BuildCacheStep.executeWithCache(BuildCacheStep.java:80)
	at org.gradle.internal.execution.steps.BuildCacheStep.lambda$execute$0(BuildCacheStep.java:69)
	at org.gradle.internal.Either$Left.fold(Either.java:115)
	at org.gradle.internal.execution.caching.CachingState.fold(CachingState.java:59)
	at org.gradle.internal.execution.steps.BuildCacheStep.execute(BuildCacheStep.java:68)
	at org.gradle.internal.execution.steps.BuildCacheStep.execute(BuildCacheStep.java:46)
	at org.gradle.internal.execution.steps.StoreExecutionStateStep.execute(StoreExecutionStateStep.java:36)
	at org.gradle.internal.execution.steps.StoreExecutionStateStep.execute(StoreExecutionStateStep.java:25)
	at org.gradle.internal.execution.steps.RecordOutputsStep.execute(RecordOutputsStep.java:36)
	at org.gradle.internal.execution.steps.RecordOutputsStep.execute(RecordOutputsStep.java:22)
	at org.gradle.internal.execution.steps.SkipUpToDateStep.executeBecause(SkipUpToDateStep.java:91)
	at org.gradle.internal.execution.steps.SkipUpToDateStep.lambda$execute$2(SkipUpToDateStep.java:55)
	at org.gradle.internal.execution.steps.SkipUpToDateStep.execute(SkipUpToDateStep.java:55)
	at org.gradle.internal.execution.steps.SkipUpToDateStep.execute(SkipUpToDateStep.java:37)
	at org.gradle.internal.execution.steps.ResolveChangesStep.execute(ResolveChangesStep.java:65)
	at org.gradle.internal.execution.steps.ResolveChangesStep.execute(ResolveChangesStep.java:36)
	at org.gradle.internal.execution.steps.legacy.MarkSnapshottingInputsFinishedStep.execute(MarkSnapshottingInputsFinishedStep.java:37)
	at org.gradle.internal.execution.steps.legacy.MarkSnapshottingInputsFinishedStep.execute(MarkSnapshottingInputsFinishedStep.java:27)
	at org.gradle.internal.execution.steps.ResolveCachingStateStep.execute(ResolveCachingStateStep.java:77)
	at org.gradle.internal.execution.steps.ResolveCachingStateStep.execute(ResolveCachingStateStep.java:38)
	at org.gradle.internal.execution.steps.ValidateStep.execute(ValidateStep.java:94)
	at org.gradle.internal.execution.steps.ValidateStep.execute(ValidateStep.java:49)
	at org.gradle.internal.execution.steps.CaptureStateBeforeExecutionStep.execute(CaptureStateBeforeExecutionStep.java:71)
	at org.gradle.internal.execution.steps.CaptureStateBeforeExecutionStep.execute(CaptureStateBeforeExecutionStep.java:45)
	at org.gradle.internal.execution.steps.SkipEmptyWorkStep.executeWithNonEmptySources(SkipEmptyWorkStep.java:177)
	at org.gradle.internal.execution.steps.SkipEmptyWorkStep.execute(SkipEmptyWorkStep.java:86)
	at org.gradle.internal.execution.steps.SkipEmptyWorkStep.execute(SkipEmptyWorkStep.java:53)
	at org.gradle.internal.execution.steps.RemoveUntrackedExecutionStateStep.execute(RemoveUntrackedExecutionStateStep.java:32)
	at org.gradle.internal.execution.steps.RemoveUntrackedExecutionStateStep.execute(RemoveUntrackedExecutionStateStep.java:21)
	at org.gradle.internal.execution.steps.legacy.MarkSnapshottingInputsStartedStep.execute(MarkSnapshottingInputsStartedStep.java:38)
	at org.gradle.internal.execution.steps.LoadPreviousExecutionStateStep.execute(LoadPreviousExecutionStateStep.java:36)
	at org.gradle.internal.execution.steps.LoadPreviousExecutionStateStep.execute(LoadPreviousExecutionStateStep.java:23)
	at org.gradle.internal.execution.steps.CleanupStaleOutputsStep.execute(CleanupStaleOutputsStep.java:75)
	at org.gradle.internal.execution.steps.CleanupStaleOutputsStep.execute(CleanupStaleOutputsStep.java:41)
	at org.gradle.internal.execution.steps.AssignWorkspaceStep.lambda$execute$0(AssignWorkspaceStep.java:32)
	at org.gradle.api.internal.tasks.execution.TaskExecution$4.withWorkspace(TaskExecution.java:293)
	at org.gradle.internal.execution.steps.AssignWorkspaceStep.execute(AssignWorkspaceStep.java:30)
	at org.gradle.internal.execution.steps.AssignWorkspaceStep.execute(AssignWorkspaceStep.java:21)
	at org.gradle.internal.execution.steps.IdentityCacheStep.execute(IdentityCacheStep.java:37)
	at org.gradle.internal.execution.steps.IdentityCacheStep.execute(IdentityCacheStep.java:27)
	at org.gradle.internal.execution.steps.IdentifyStep.execute(IdentifyStep.java:47)
	at org.gradle.internal.execution.steps.IdentifyStep.execute(IdentifyStep.java:34)
	at org.gradle.internal.execution.impl.DefaultExecutionEngine$1.execute(DefaultExecutionEngine.java:64)
	at org.gradle.api.internal.tasks.execution.ExecuteActionsTaskExecuter.executeIfValid(ExecuteActionsTaskExecuter.java:146)
	at org.gradle.api.internal.tasks.execution.ExecuteActionsTaskExecuter.execute(ExecuteActionsTaskExecuter.java:135)
	at org.gradle.api.internal.tasks.execution.FinalizePropertiesTaskExecuter.execute(FinalizePropertiesTaskExecuter.java:46)
	at org.gradle.api.internal.tasks.execution.ResolveTaskExecutionModeExecuter.execute(ResolveTaskExecutionModeExecuter.java:51)
	at org.gradle.api.internal.tasks.execution.SkipTaskWithNoActionsExecuter.execute(SkipTaskWithNoActionsExecuter.java:57)
	at org.gradle.api.internal.tasks.execution.SkipOnlyIfTaskExecuter.execute(SkipOnlyIfTaskExecuter.java:74)
	at org.gradle.api.internal.tasks.execution.CatchExceptionTaskExecuter.execute(CatchExceptionTaskExecuter.java:36)
	at org.gradle.api.internal.tasks.execution.EventFiringTaskExecuter$1.executeTask(EventFiringTaskExecuter.java:77)
	at org.gradle.api.internal.tasks.execution.EventFiringTaskExecuter$1.call(EventFiringTaskExecuter.java:55)
	at org.gradle.api.internal.tasks.execution.EventFiringTaskExecuter$1.call(EventFiringTaskExecuter.java:52)
	at org.gradle.internal.operations.DefaultBuildOperationRunner$CallableBuildOperationWorker.execute(DefaultBuildOperationRunner.java:204)
	at org.gradle.internal.operations.DefaultBuildOperationRunner$CallableBuildOperationWorker.execute(DefaultBuildOperationRunner.java:199)
	at org.gradle.internal.operations.DefaultBuildOperationRunner$2.execute(DefaultBuildOperationRunner.java:66)
	at org.gradle.internal.operations.DefaultBuildOperationRunner$2.execute(DefaultBuildOperationRunner.java:59)
	at org.gradle.internal.operations.DefaultBuildOperationRunner.execute(DefaultBuildOperationRunner.java:157)
	at org.gradle.internal.operations.DefaultBuildOperationRunner.execute(DefaultBuildOperationRunner.java:59)
	at org.gradle.internal.operations.DefaultBuildOperationRunner.call(DefaultBuildOperationRunner.java:53)
	at org.gradle.internal.operations.DefaultBuildOperationExecutor.call(DefaultBuildOperationExecutor.java:73)
	at org.gradle.api.internal.tasks.execution.EventFiringTaskExecuter.execute(EventFiringTaskExecuter.java:52)
	at org.gradle.execution.plan.LocalTaskNodeExecutor.execute(LocalTaskNodeExecutor.java:42)
	at org.gradle.execution.taskgraph.DefaultTaskExecutionGraph$InvokeNodeExecutorsAction.execute(DefaultTaskExecutionGraph.java:337)
	at org.gradle.execution.taskgraph.DefaultTaskExecutionGraph$InvokeNodeExecutorsAction.execute(DefaultTaskExecutionGraph.java:324)
	at org.gradle.execution.taskgraph.DefaultTaskExecutionGraph$BuildOperationAwareExecutionAction.execute(DefaultTaskExecutionGraph.java:317)
	at org.gradle.execution.taskgraph.DefaultTaskExecutionGraph$BuildOperationAwareExecutionAction.execute(DefaultTaskExecutionGraph.java:303)
	at org.gradle.execution.plan.DefaultPlanExecutor$ExecutorWorker.execute(DefaultPlanExecutor.java:463)
	at org.gradle.execution.plan.DefaultPlanExecutor$ExecutorWorker.run(DefaultPlanExecutor.java:380)
	at org.gradle.execution.plan.DefaultPlanExecutor.process(DefaultPlanExecutor.java:116)
	at org.gradle.execution.taskgraph.DefaultTaskExecutionGraph.executeWithServices(DefaultTaskExecutionGraph.java:138)
	at org.gradle.execution.taskgraph.DefaultTaskExecutionGraph.execute(DefaultTaskExecutionGraph.java:123)
	at org.gradle.execution.SelectedTaskExecutionAction.execute(SelectedTaskExecutionAction.java:35)
	at org.gradle.execution.DryRunBuildExecutionAction.execute(DryRunBuildExecutionAction.java:51)
	at org.gradle.execution.BuildOperationFiringBuildWorkerExecutor$ExecuteTasks.call(BuildOperationFiringBuildWorkerExecutor.java:54)
	at org.gradle.execution.BuildOperationFiringBuildWorkerExecutor$ExecuteTasks.call(BuildOperationFiringBuildWorkerExecutor.java:43)
	at org.gradle.internal.operations.DefaultBuildOperationRunner$CallableBuildOperationWorker.execute(DefaultBuildOperationRunner.java:204)
	at org.gradle.internal.operations.DefaultBuildOperationRunner$CallableBuildOperationWorker.execute(DefaultBuildOperationRunner.java:199)
	at org.gradle.internal.operations.DefaultBuildOperationRunner$2.execute(DefaultBuildOperationRunner.java:66)
	at org.gradle.internal.operations.DefaultBuildOperationRunner$2.execute(DefaultBuildOperationRunner.java:59)
	at org.gradle.internal.operations.DefaultBuildOperationRunner.execute(DefaultBuildOperationRunner.java:157)
	at org.gradle.internal.operations.DefaultBuildOperationRunner.execute(DefaultBuildOperationRunner.java:59)
	at org.gradle.internal.operations.DefaultBuildOperationRunner.call(DefaultBuildOperationRunner.java:53)
	at org.gradle.internal.operations.DefaultBuildOperationExecutor.call(DefaultBuildOperationExecutor.java:73)
	at org.gradle.execution.BuildOperationFiringBuildWorkerExecutor.execute(BuildOperationFiringBuildWorkerExecutor.java:40)
	at org.gradle.internal.build.DefaultBuildLifecycleController.lambda$executeTasks$10(DefaultBuildLifecycleController.java:264)
	at org.gradle.internal.model.StateTransitionController.doTransition(StateTransitionController.java:266)
	at org.gradle.internal.model.StateTransitionController.lambda$tryTransition$8(StateTransitionController.java:177)
	at org.gradle.internal.work.DefaultSynchronizer.withLock(DefaultSynchronizer.java:44)
	at org.gradle.internal.model.StateTransitionController.tryTransition(StateTransitionController.java:177)
	at org.gradle.internal.build.DefaultBuildLifecycleController.executeTasks(DefaultBuildLifecycleController.java:255)
	at org.gradle.internal.build.DefaultBuildWorkGraphController$DefaultBuildWorkGraph.runWork(DefaultBuildWorkGraphController.java:220)
	at org.gradle.internal.work.DefaultWorkerLeaseService.withLocks(DefaultWorkerLeaseService.java:249)
	at org.gradle.internal.work.DefaultWorkerLeaseService.runAsWorkerThread(DefaultWorkerLeaseService.java:109)
	at org.gradle.composite.internal.DefaultBuildController.doRun(DefaultBuildController.java:181)
	at org.gradle.composite.internal.DefaultBuildController.access$000(DefaultBuildController.java:50)
	at org.gradle.composite.internal.DefaultBuildController$BuildOpRunnable.run(DefaultBuildController.java:200)
	at org.gradle.internal.concurrent.ExecutorPolicy$CatchAndRecordFailures.onExecute(ExecutorPolicy.java:64)
	at org.gradle.internal.concurrent.AbstractManagedExecutor$1.run(AbstractManagedExecutor.java:47)
Caused by: org.jetbrains.kotlin.gradle.tasks.CompilationErrorException: Compilation error. See log for more details
	at org.jetbrains.kotlin.gradle.tasks.TasksUtilsKt.throwExceptionIfCompilationFailed(tasksUtils.kt:20)
	at org.jetbrains.kotlin.compilerRunner.GradleKotlinCompilerWork.run(GradleKotlinCompilerWork.kt:141)
	at org.jetbrains.kotlin.compilerRunner.GradleCompilerRunnerWithWorkers$GradleKotlinCompilerWorkAction.execute(GradleCompilerRunnerWithWorkers.kt:73)
	at org.gradle.workers.internal.DefaultWorkerServer.execute(DefaultWorkerServer.java:63)
	at org.gradle.workers.internal.NoIsolationWorkerFactory$1$1.create(NoIsolationWorkerFactory.java:66)
	at org.gradle.workers.internal.NoIsolationWorkerFactory$1$1.create(NoIsolationWorkerFactory.java:62)
	at org.gradle.internal.classloader.ClassLoaderUtils.executeInClassloader(ClassLoaderUtils.java:100)
	at org.gradle.workers.internal.NoIsolationWorkerFactory$1.lambda$execute$0(NoIsolationWorkerFactory.java:62)
	at org.gradle.workers.internal.AbstractWorker$1.call(AbstractWorker.java:44)
	at org.gradle.workers.internal.AbstractWorker$1.call(AbstractWorker.java:41)
	at org.gradle.internal.operations.DefaultBuildOperationRunner$CallableBuildOperationWorker.execute(DefaultBuildOperationRunner.java:204)
	at org.gradle.internal.operations.DefaultBuildOperationRunner$CallableBuildOperationWorker.execute(DefaultBuildOperationRunner.java:199)
	at org.gradle.internal.operations.DefaultBuildOperationRunner$2.execute(DefaultBuildOperationRunner.java:66)
	at org.gradle.internal.operations.DefaultBuildOperationRunner$2.execute(DefaultBuildOperationRunner.java:59)
	at org.gradle.internal.operations.DefaultBuildOperationRunner.execute(DefaultBuildOperationRunner.java:157)
	at org.gradle.internal.operations.DefaultBuildOperationRunner.execute(DefaultBuildOperationRunner.java:59)
	at org.gradle.internal.operations.DefaultBuildOperationRunner.call(DefaultBuildOperationRunner.java:53)
	at org.gradle.internal.operations.DefaultBuildOperationExecutor.call(DefaultBuildOperationExecutor.java:73)
	at org.gradle.workers.internal.AbstractWorker.executeWrappedInBuildOperation(AbstractWorker.java:41)
	at org.gradle.workers.internal.NoIsolationWorkerFactory$1.execute(NoIsolationWorkerFactory.java:59)
	at org.gradle.workers.internal.DefaultWorkerExecutor.lambda$submitWork$0(DefaultWorkerExecutor.java:170)
	at org.gradle.internal.work.DefaultConditionalExecutionQueue$ExecutionRunner.runExecution(DefaultConditionalExecutionQueue.java:187)
	at org.gradle.internal.work.DefaultConditionalExecutionQueue$ExecutionRunner.access$700(DefaultConditionalExecutionQueue.java:120)
	at org.gradle.internal.work.DefaultConditionalExecutionQueue$ExecutionRunner$1.run(DefaultConditionalExecutionQueue.java:162)
	at org.gradle.internal.Factories$1.create(Factories.java:31)
	at org.gradle.internal.work.DefaultWorkerLeaseService.withLocks(DefaultWorkerLeaseService.java:249)
	at org.gradle.internal.work.DefaultWorkerLeaseService.runAsWorkerThread(DefaultWorkerLeaseService.java:109)
	at org.gradle.internal.work.DefaultWorkerLeaseService.runAsWorkerThread(DefaultWorkerLeaseService.java:114)
	at org.gradle.internal.work.DefaultConditionalExecutionQueue$ExecutionRunner.runBatch(DefaultConditionalExecutionQueue.java:157)
	at org.gradle.internal.work.DefaultConditionalExecutionQueue$ExecutionRunner.run(DefaultConditionalExecutionQueue.java:126)
	... 2 more


BUILD FAILED in 11s
31 actionable tasks: 2 executed, 29 up-to-date
Configuration cache entry stored.
2026-09-30T10:59:29.901+0530 [DEBUG] [org.gradle.launcher.daemon.server.exec.ExecuteBuild] The daemon has finished executing the build.
2026-09-30T10:59:29.903+0530 [DEBUG] [org.gradle.launcher.daemon.server.DaemonStateCoordinator] daemon is running. Sleeping until state changes.
2026-09-30T10:59:29.903+0530 [DEBUG] [org.gradle.launcher.daemon.server.DaemonStateCoordinator] Command execution: finished waiting for DaemonCommandExecution[command = Build{id=783f91cc-f526-4600-a0a5-b8c7ddebb7c2, currentDir=D:\GRAPHINOVAS\AI Studio\GRAPHYNOVUS II SUDORA\sudoku-organizer}, connection = DefaultDaemonConnection: socket connection from /127.0.0.1:62610 to /127.0.0.1:62882]. Result org.gradle.launcher.daemon.server.DaemonStateCoordinator@3899ed8f with state Busy
2026-09-30T10:59:29.903+0530 [DEBUG] [org.gradle.launcher.daemon.server.DaemonStateCoordinator] Command execution: completed DaemonCommandExecution[command = Build{id=783f91cc-f526-4600-a0a5-b8c7ddebb7c2, currentDir=D:\GRAPHINOVAS\AI Studio\GRAPHYNOVUS II SUDORA\sudoku-organizer}, connection = DefaultDaemonConnection: socket connection from /127.0.0.1:62610 to /127.0.0.1:62882]
2026-09-30T10:59:29.903+0530 [DEBUG] [org.gradle.launcher.daemon.server.DaemonStateCoordinator] resetting idle timer
2026-09-30T10:59:29.903+0530 [INFO] [org.gradle.launcher.daemon.server.DaemonRegistryUpdater] Marking the daemon as idle, address: [bd6b4a7c-c501-4f7b-ad6e-79287e214da3 port:62610, addresses:[localhost/127.0.0.1]]
2026-09-30T10:59:29.903+0530 [DEBUG] [org.gradle.launcher.daemon.registry.PersistentDaemonRegistry] Marking busy by address: [bd6b4a7c-c501-4f7b-ad6e-79287e214da3 port:62610, addresses:[localhost/127.0.0.1]]
2026-09-30T10:59:29.904+0530 [DEBUG] [org.gradle.cache.internal.DefaultFileLockManager] Waiting to acquire exclusive lock on daemon addresses registry.
2026-09-30T10:59:29.904+0530 [DEBUG] [org.gradle.cache.internal.DefaultFileLockManager] Lock acquired on daemon addresses registry.
2026-09-30T10:59:29.905+0530 [DEBUG] [org.gradle.cache.internal.DefaultFileLockManager] Releasing lock on daemon addresses registry.
2026-09-30T10:59:29.906+0530 [DEBUG] [org.gradle.launcher.daemon.server.DaemonStateCoordinator] daemon is running. Sleeping until state changes.
2026-09-30T10:59:29.906+0530 [DEBUG] [org.gradle.launcher.daemon.server.exec.ReturnResult] Daemon is dispatching the build result: Success[value=org.gradle.launcher.exec.BuildActionResult@f5e928d]
2026-09-30T10:59:29.906+0530 [DEBUG] [org.gradle.launcher.daemon.server.SynchronizedDispatchConnection] thread 334: dispatching Success[value=org.gradle.launcher.exec.BuildActionResult@f5e928d]
2026-09-30T10:59:29.907+0530 [DEBUG] [org.gradle.launcher.daemon.server.DefaultIncomingConnectionHandler] Finishing executing command: Build{id=783f91cc-f526-4600-a0a5-b8c7ddebb7c2, currentDir=D:\GRAPHINOVAS\AI Studio\GRAPHYNOVUS II SUDORA\sudoku-organizer}
2026-09-30T10:59:29.909+0530 [DEBUG] [org.gradle.launcher.daemon.server.SynchronizedDispatchConnection] thread 406: received class org.gradle.launcher.daemon.protocol.Finished
2026-09-30T10:59:29.909+0530 [DEBUG] [org.gradle.launcher.daemon.server.DefaultDaemonConnection] thread 406: Received non-IO message from client: org.gradle.launcher.daemon.protocol.Finished@2da90d08
2026-09-30T10:59:29.909+0530 [DEBUG] [org.gradle.internal.remote.internal.inet.SocketConnection] Discarding EOFException: java.io.EOFException
2026-09-30T10:59:29.909+0530 [DEBUG] [org.gradle.launcher.daemon.server.SynchronizedDispatchConnection] thread 406: received null
2026-09-30T10:59:29.909+0530 [DEBUG] [org.gradle.launcher.daemon.server.DefaultDaemonConnection] thread 406: Received end-of-input from client.
2026-09-30T10:59:29.909+0530 [DEBUG] [org.gradle.launcher.daemon.server.DefaultIncomingConnectionHandler] Received finished message: null
2026-09-30T10:59:29.909+0530 [DEBUG] [org.gradle.launcher.daemon.server.SynchronizedDispatchConnection] thread 334: stopping connection
2026-09-30T10:59:29.917+0530 [DEBUG] [org.gradle.launcher.daemon.server.SynchronizedDispatchConnection] thread 334: stopping connection
2026-09-30T10:59:29.965+0530 [DEBUG] [org.gradle.cache.internal.DefaultFileLockManager] Waiting to acquire shared lock on daemon addresses registry.
2026-09-30T10:59:29.965+0530 [DEBUG] [org.gradle.cache.internal.DefaultFileLockManager] Lock acquired on daemon addresses registry.
2026-09-30T10:59:29.966+0530 [DEBUG] [org.gradle.cache.internal.DefaultFileLockManager] Releasing lock on daemon addresses registry.
2026-09-30T10:59:29.967+0530 [DEBUG] [org.gradle.cache.internal.DefaultFileLockManager] Waiting to acquire shared lock on daemon addresses registry.
2026-09-30T10:59:29.967+0530 [DEBUG] [org.gradle.cache.internal.DefaultFileLockManager] Lock acquired on daemon addresses registry.
2026-09-30T10:59:29.967+0530 [DEBUG] [org.gradle.cache.internal.DefaultFileLockManager] Releasing lock on daemon addresses registry.
2026-09-30T10:59:39.965+0530 [DEBUG] [org.gradle.cache.internal.DefaultFileLockManager] Waiting to acquire shared lock on daemon addresses registry.
2026-09-30T10:59:39.965+0530 [DEBUG] [org.gradle.cache.internal.DefaultFileLockManager] Lock acquired on daemon addresses registry.
2026-09-30T10:59:39.966+0530 [DEBUG] [org.gradle.cache.internal.DefaultFileLockManager] Releasing lock on daemon addresses registry.
2026-09-30T10:59:39.966+0530 [DEBUG] [org.gradle.cache.internal.DefaultFileLockManager] Waiting to acquire shared lock on daemon addresses registry.
2026-09-30T10:59:39.966+0530 [DEBUG] [org.gradle.cache.internal.DefaultFileLockManager] Lock acquired on daemon addresses registry.
2026-09-30T10:59:39.967+0530 [DEBUG] [org.gradle.cache.internal.DefaultFileLockManager] Releasing lock on daemon addresses registry.
2026-09-30T10:59:39.967+0530 [DEBUG] [org.gradle.cache.internal.DefaultFileLockManager] Waiting to acquire shared lock on daemon addresses registry.
2026-09-30T10:59:39.967+0530 [DEBUG] [org.gradle.cache.internal.DefaultFileLockManager] Lock acquired on daemon addresses registry.
2026-09-30T10:59:39.968+0530 [DEBUG] [org.gradle.cache.internal.DefaultFileLockManager] Releasing lock on daemon addresses registry.
2026-09-30T10:59:49.965+0530 [DEBUG] [org.gradle.cache.internal.DefaultFileLockManager] Waiting to acquire shared lock on daemon addresses registry.
2026-09-30T10:59:49.965+0530 [DEBUG] [org.gradle.cache.internal.DefaultFileLockManager] Lock acquired on daemon addresses registry.
2026-09-30T10:59:49.965+0530 [DEBUG] [org.gradle.cache.internal.DefaultFileLockManager] Releasing lock on daemon addresses registry.
2026-09-30T10:59:49.966+0530 [DEBUG] [org.gradle.cache.internal.DefaultFileLockManager] Waiting to acquire shared lock on daemon addresses registry.
2026-09-30T10:59:49.966+0530 [DEBUG] [org.gradle.cache.internal.DefaultFileLockManager] Lock acquired on daemon addresses registry.
2026-09-30T10:59:49.966+0530 [DEBUG] [org.gradle.cache.internal.DefaultFileLockManager] Releasing lock on daemon addresses registry.
2026-09-30T10:59:49.967+0530 [DEBUG] [org.gradle.cache.internal.DefaultFileLockManager] Waiting to acquire shared lock on daemon addresses registry.
2026-09-30T10:59:49.967+0530 [DEBUG] [org.gradle.cache.internal.DefaultFileLockManager] Lock acquired on daemon addresses registry.
2026-09-30T10:59:49.967+0530 [DEBUG] [org.gradle.cache.internal.DefaultFileLockManager] Releasing lock on daemon addresses registry.
2026-09-30T10:59:59.970+0530 [DEBUG] [org.gradle.cache.internal.DefaultFileLockManager] Waiting to acquire shared lock on daemon addresses registry.
2026-09-30T10:59:59.970+0530 [DEBUG] [org.gradle.cache.internal.DefaultFileLockManager] Lock acquired on daemon addresses registry.
2026-09-30T10:59:59.970+0530 [DEBUG] [org.gradle.cache.internal.DefaultFileLockManager] Releasing lock on daemon addresses registry.
2026-09-30T10:59:59.971+0530 [DEBUG] [org.gradle.cache.internal.DefaultFileLockManager] Waiting to acquire shared lock on daemon addresses registry.
2026-09-30T10:59:59.971+0530 [DEBUG] [org.gradle.cache.internal.DefaultFileLockManager] Lock acquired on daemon addresses registry.
2026-09-30T10:59:59.972+0530 [DEBUG] [org.gradle.cache.internal.DefaultFileLockManager] Releasing lock on daemon addresses registry.
2026-09-30T10:59:59.972+0530 [DEBUG] [org.gradle.cache.internal.DefaultFileLockManager] Waiting to acquire shared lock on daemon addresses registry.
2026-09-30T10:59:59.972+0530 [DEBUG] [org.gradle.cache.internal.DefaultFileLockManager] Lock acquired on daemon addresses registry.
2026-09-30T10:59:59.972+0530 [DEBUG] [org.gradle.cache.internal.DefaultFileLockManager] Releasing lock on daemon addresses registry.
2026-09-30T11:00:09.973+0530 [DEBUG] [org.gradle.cache.internal.DefaultFileLockManager] Waiting to acquire shared lock on daemon addresses registry.
2026-09-30T11:00:09.973+0530 [DEBUG] [org.gradle.cache.internal.DefaultFileLockManager] Lock acquired on daemon addresses registry.
2026-09-30T11:00:09.974+0530 [DEBUG] [org.gradle.cache.internal.DefaultFileLockManager] Releasing lock on daemon addresses registry.
2026-09-30T11:00:09.977+0530 [DEBUG] [org.gradle.cache.internal.DefaultFileLockManager] Waiting to acquire shared lock on daemon addresses registry.
2026-09-30T11:00:09.977+0530 [DEBUG] [org.gradle.cache.internal.DefaultFileLockManager] Lock acquired on daemon addresses registry.
2026-09-30T11:00:09.978+0530 [DEBUG] [org.gradle.cache.internal.DefaultFileLockManager] Releasing lock on daemon addresses registry.
2026-09-30T11:00:09.980+0530 [DEBUG] [org.gradle.cache.internal.DefaultFileLockManager] Waiting to acquire shared lock on daemon addresses registry.
2026-09-30T11:00:09.980+0530 [DEBUG] [org.gradle.cache.internal.DefaultFileLockManager] Lock acquired on daemon addresses registry.
2026-09-30T11:00:09.982+0530 [DEBUG] [org.gradle.cache.internal.DefaultFileLockManager] Releasing lock on daemon addresses registry.
2026-09-30T11:00:19.965+0530 [DEBUG] [org.gradle.cache.internal.DefaultFileLockManager] Waiting to acquire shared lock on daemon addresses registry.
2026-09-30T11:00:19.965+0530 [DEBUG] [org.gradle.cache.internal.DefaultFileLockManager] Lock acquired on daemon addresses registry.
2026-09-30T11:00:19.966+0530 [DEBUG] [org.gradle.cache.internal.DefaultFileLockManager] Releasing lock on daemon addresses registry.
2026-09-30T11:00:19.967+0530 [DEBUG] [org.gradle.cache.internal.DefaultFileLockManager] Waiting to acquire shared lock on daemon addresses registry.
2026-09-30T11:00:19.968+0530 [DEBUG] [org.gradle.cache.internal.DefaultFileLockManager] Lock acquired on daemon addresses registry.
2026-09-30T11:00:19.968+0530 [DEBUG] [org.gradle.cache.internal.DefaultFileLockManager] Releasing lock on daemon addresses registry.
2026-09-30T11:00:19.969+0530 [DEBUG] [org.gradle.cache.internal.DefaultFileLockManager] Waiting to acquire shared lock on daemon addresses registry.
2026-09-30T11:00:19.969+0530 [DEBUG] [org.gradle.cache.internal.DefaultFileLockManager] Lock acquired on daemon addresses registry.
2026-09-30T11:00:19.970+0530 [DEBUG] [org.gradle.cache.internal.DefaultFileLockManager] Releasing lock on daemon addresses registry.
2026-09-30T11:00:30.160+0530 [DEBUG] [org.gradle.cache.internal.DefaultFileLockManager] Waiting to acquire shared lock on daemon addresses registry.
2026-09-30T11:00:30.161+0530 [DEBUG] [org.gradle.cache.internal.DefaultFileLockManager] Lock acquired on daemon addresses registry.
2026-09-30T11:00:30.161+0530 [DEBUG] [org.gradle.cache.internal.DefaultFileLockManager] Releasing lock on daemon addresses registry.
2026-09-30T11:00:30.163+0530 [DEBUG] [org.gradle.cache.internal.DefaultFileLockManager] Waiting to acquire shared lock on daemon addresses registry.
2026-09-30T11:00:30.165+0530 [DEBUG] [org.gradle.cache.internal.DefaultFileLockManager] Lock acquired on daemon addresses registry.
2026-09-30T11:00:30.166+0530 [DEBUG] [org.gradle.cache.internal.DefaultFileLockManager] Releasing lock on daemon addresses registry.
2026-09-30T11:00:30.169+0530 [DEBUG] [org.gradle.cache.internal.DefaultFileLockManager] Waiting to acquire shared lock on daemon addresses registry.
2026-09-30T11:00:30.169+0530 [DEBUG] [org.gradle.cache.internal.DefaultFileLockManager] Lock acquired on daemon addresses registry.
2026-09-30T11:00:30.169+0530 [DEBUG] [org.gradle.cache.internal.DefaultFileLockManager] Releasing lock on daemon addresses registry.
2026-09-30T11:00:39.964+0530 [DEBUG] [org.gradle.cache.internal.DefaultFileLockManager] Waiting to acquire shared lock on daemon addresses registry.
2026-09-30T11:00:39.965+0530 [DEBUG] [org.gradle.cache.internal.DefaultFileLockManager] Lock acquired on daemon addresses registry.
2026-09-30T11:00:39.965+0530 [DEBUG] [org.gradle.cache.internal.DefaultFileLockManager] Releasing lock on daemon addresses registry.
2026-09-30T11:00:39.966+0530 [DEBUG] [org.gradle.cache.internal.DefaultFileLockManager] Waiting to acquire shared lock on daemon addresses registry.
2026-09-30T11:00:39.966+0530 [DEBUG] [org.gradle.cache.internal.DefaultFileLockManager] Lock acquired on daemon addresses registry.
2026-09-30T11:00:39.966+0530 [DEBUG] [org.gradle.cache.internal.DefaultFileLockManager] Releasing lock on daemon addresses registry.
2026-09-30T11:00:39.967+0530 [DEBUG] [org.gradle.cache.internal.DefaultFileLockManager] Waiting to acquire shared lock on daemon addresses registry.
2026-09-30T11:00:39.967+0530 [DEBUG] [org.gradle.cache.internal.DefaultFileLockManager] Lock acquired on daemon addresses registry.
2026-09-30T11:00:39.967+0530 [DEBUG] [org.gradle.cache.internal.DefaultFileLockManager] Releasing lock on daemon addresses registry.
2026-09-30T11:00:49.969+0530 [DEBUG] [org.gradle.cache.internal.DefaultFileLockManager] Waiting to acquire shared lock on daemon addresses registry.
2026-09-30T11:00:49.969+0530 [DEBUG] [org.gradle.cache.internal.DefaultFileLockManager] Lock acquired on daemon addresses registry.
2026-09-30T11:00:49.970+0530 [DEBUG] [org.gradle.cache.internal.DefaultFileLockManager] Releasing lock on daemon addresses registry.
2026-09-30T11:00:49.970+0530 [DEBUG] [org.gradle.cache.internal.DefaultFileLockManager] Waiting to acquire shared lock on daemon addresses registry.
2026-09-30T11:00:49.970+0530 [DEBUG] [org.gradle.cache.internal.DefaultFileLockManager] Lock acquired on daemon addresses registry.
2026-09-30T11:00:49.971+0530 [DEBUG] [org.gradle.cache.internal.DefaultFileLockManager] Releasing lock on daemon addresses registry.
2026-09-30T11:00:49.971+0530 [DEBUG] [org.gradle.cache.internal.DefaultFileLockManager] Waiting to acquire shared lock on daemon addresses registry.
2026-09-30T11:00:49.971+0530 [DEBUG] [org.gradle.cache.internal.DefaultFileLockManager] Lock acquired on daemon addresses registry.
2026-09-30T11:00:49.971+0530 [DEBUG] [org.gradle.cache.internal.DefaultFileLockManager] Releasing lock on daemon addresses registry.
2026-09-30T11:00:59.964+0530 [DEBUG] [org.gradle.cache.internal.DefaultFileLockManager] Waiting to acquire shared lock on daemon addresses registry.
2026-09-30T11:00:59.964+0530 [DEBUG] [org.gradle.cache.internal.DefaultFileLockManager] Lock acquired on daemon addresses registry.
2026-09-30T11:00:59.965+0530 [DEBUG] [org.gradle.cache.internal.DefaultFileLockManager] Releasing lock on daemon addresses registry.
2026-09-30T11:00:59.967+0530 [DEBUG] [org.gradle.cache.internal.DefaultFileLockManager] Waiting to acquire shared lock on daemon addresses registry.
2026-09-30T11:00:59.968+0530 [DEBUG] [org.gradle.cache.internal.DefaultFileLockManager] Lock acquired on daemon addresses registry.
2026-09-30T11:00:59.968+0530 [DEBUG] [org.gradle.cache.internal.DefaultFileLockManager] Releasing lock on daemon addresses registry.
2026-09-30T11:00:59.970+0530 [DEBUG] [org.gradle.cache.internal.DefaultFileLockManager] Waiting to acquire shared lock on daemon addresses registry.
2026-09-30T11:00:59.970+0530 [DEBUG] [org.gradle.cache.internal.DefaultFileLockManager] Lock acquired on daemon addresses registry.
2026-09-30T11:00:59.971+0530 [DEBUG] [org.gradle.cache.internal.DefaultFileLockManager] Releasing lock on daemon addresses registry.
2026-09-30T11:01:09.959+0530 [DEBUG] [org.gradle.cache.internal.DefaultFileLockManager] Waiting to acquire shared lock on daemon addresses registry.
2026-09-30T11:01:09.959+0530 [DEBUG] [org.gradle.cache.internal.DefaultFileLockManager] Lock acquired on daemon addresses registry.
2026-09-30T11:01:09.959+0530 [DEBUG] [org.gradle.cache.internal.DefaultFileLockManager] Releasing lock on daemon addresses registry.
2026-09-30T11:01:09.960+0530 [DEBUG] [org.gradle.cache.internal.DefaultFileLockManager] Waiting to acquire shared lock on daemon addresses registry.
2026-09-30T11:01:09.960+0530 [DEBUG] [org.gradle.cache.internal.DefaultFileLockManager] Lock acquired on daemon addresses registry.
2026-09-30T11:01:09.960+0530 [DEBUG] [org.gradle.cache.internal.DefaultFileLockManager] Releasing lock on daemon addresses registry.
2026-09-30T11:01:09.965+0530 [DEBUG] [org.gradle.cache.internal.DefaultFileLockManager] Waiting to acquire shared lock on daemon addresses registry.
2026-09-30T11:01:09.965+0530 [DEBUG] [org.gradle.cache.internal.DefaultFileLockManager] Lock acquired on daemon addresses registry.
2026-09-30T11:01:09.965+0530 [DEBUG] [org.gradle.cache.internal.DefaultFileLockManager] Releasing lock on daemon addresses registry.
2026-09-30T11:01:20.069+0530 [DEBUG] [org.gradle.cache.internal.DefaultFileLockManager] Waiting to acquire shared lock on daemon addresses registry.
2026-09-30T11:01:20.069+0530 [DEBUG] [org.gradle.cache.internal.DefaultFileLockManager] Lock acquired on daemon addresses registry.
2026-09-30T11:01:20.069+0530 [DEBUG] [org.gradle.cache.internal.DefaultFileLockManager] Releasing lock on daemon addresses registry.
2026-09-30T11:01:20.073+0530 [DEBUG] [org.gradle.cache.internal.DefaultFileLockManager] Waiting to acquire shared lock on daemon addresses registry.
2026-09-30T11:01:20.074+0530 [DEBUG] [org.gradle.cache.internal.DefaultFileLockManager] Lock acquired on daemon addresses registry.
2026-09-30T11:01:20.074+0530 [DEBUG] [org.gradle.cache.internal.DefaultFileLockManager] Releasing lock on daemon addresses registry.
2026-09-30T11:01:20.074+0530 [DEBUG] [org.gradle.cache.internal.DefaultFileLockManager] Waiting to acquire shared lock on daemon addresses registry.
2026-09-30T11:01:20.074+0530 [DEBUG] [org.gradle.cache.internal.DefaultFileLockManager] Lock acquired on daemon addresses registry.
2026-09-30T11:01:20.075+0530 [DEBUG] [org.gradle.cache.internal.DefaultFileLockManager] Releasing lock on daemon addresses registry.
2026-09-30T11:01:25.088+0530 [DEBUG] [org.gradle.internal.watch.vfs.impl.WatchingVirtualFileSystem] Handling VFS change MODIFIED D:\GRAPHINOVAS\AI Studio\GRAPHYNOVUS II SUDORA\sudoku-organizer\gradle\libs.versions.toml
2026-09-30T11:01:29.966+0530 [DEBUG] [org.gradle.cache.internal.DefaultFileLockManager] Waiting to acquire shared lock on daemon addresses registry.
2026-09-30T11:01:29.967+0530 [DEBUG] [org.gradle.cache.internal.DefaultFileLockManager] Lock acquired on daemon addresses registry.
2026-09-30T11:01:29.967+0530 [DEBUG] [org.gradle.cache.internal.DefaultFileLockManager] Releasing lock on daemon addresses registry.
2026-09-30T11:01:29.968+0530 [DEBUG] [org.gradle.cache.internal.DefaultFileLockManager] Waiting to acquire shared lock on daemon addresses registry.
2026-09-30T11:01:29.968+0530 [DEBUG] [org.gradle.cache.internal.DefaultFileLockManager] Lock acquired on daemon addresses registry.
2026-09-30T11:01:29.968+0530 [DEBUG] [org.gradle.cache.internal.DefaultFileLockManager] Releasing lock on daemon addresses registry.
2026-09-30T11:01:29.968+0530 [DEBUG] [org.gradle.cache.internal.DefaultFileLockManager] Waiting to acquire shared lock on daemon addresses registry.
2026-09-30T11:01:29.968+0530 [DEBUG] [org.gradle.cache.internal.DefaultFileLockManager] Lock acquired on daemon addresses registry.
2026-09-30T11:01:29.969+0530 [DEBUG] [org.gradle.cache.internal.DefaultFileLockManager] Releasing lock on daemon addresses registry.
2026-09-30T11:01:40.261+0530 [DEBUG] [org.gradle.cache.internal.DefaultFileLockManager] Waiting to acquire shared lock on daemon addresses registry.
2026-09-30T11:01:40.261+0530 [DEBUG] [org.gradle.cache.internal.DefaultFileLockManager] Lock acquired on daemon addresses registry.
2026-09-30T11:01:40.262+0530 [DEBUG] [org.gradle.cache.internal.DefaultFileLockManager] Releasing lock on daemon addresses registry.
2026-09-30T11:01:40.265+0530 [DEBUG] [org.gradle.cache.internal.DefaultFileLockManager] Waiting to acquire shared lock on daemon addresses registry.
2026-09-30T11:01:40.266+0530 [DEBUG] [org.gradle.cache.internal.DefaultFileLockManager] Lock acquired on daemon addresses registry.
2026-09-30T11:01:40.266+0530 [DEBUG] [org.gradle.cache.internal.DefaultFileLockManager] Releasing lock on daemon addresses registry.
2026-09-30T11:01:40.267+0530 [DEBUG] [org.gradle.cache.internal.DefaultFileLockManager] Waiting to acquire shared lock on daemon addresses registry.
2026-09-30T11:01:40.267+0530 [DEBUG] [org.gradle.cache.internal.DefaultFileLockManager] Lock acquired on daemon addresses registry.
2026-09-30T11:01:40.267+0530 [DEBUG] [org.gradle.cache.internal.DefaultFileLockManager] Releasing lock on daemon addresses registry.
2026-09-30T11:01:49.964+0530 [DEBUG] [org.gradle.cache.internal.DefaultFileLockManager] Waiting to acquire shared lock on daemon addresses registry.
2026-09-30T11:01:49.964+0530 [DEBUG] [org.gradle.cache.internal.DefaultFileLockManager] Lock acquired on daemon addresses registry.
2026-09-30T11:01:49.964+0530 [DEBUG] [org.gradle.cache.internal.DefaultFileLockManager] Releasing lock on daemon addresses registry.
2026-09-30T11:01:49.965+0530 [DEBUG] [org.gradle.cache.internal.DefaultFileLockManager] Waiting to acquire shared lock on daemon addresses registry.
2026-09-30T11:01:49.965+0530 [DEBUG] [org.gradle.cache.internal.DefaultFileLockManager] Lock acquired on daemon addresses registry.
2026-09-30T11:01:49.965+0530 [DEBUG] [org.gradle.cache.internal.DefaultFileLockManager] Releasing lock on daemon addresses registry.
2026-09-30T11:01:49.965+0530 [DEBUG] [org.gradle.cache.internal.DefaultFileLockManager] Waiting to acquire shared lock on daemon addresses registry.
2026-09-30T11:01:49.966+0530 [DEBUG] [org.gradle.cache.internal.DefaultFileLockManager] Lock acquired on daemon addresses registry.
2026-09-30T11:01:49.966+0530 [DEBUG] [org.gradle.cache.internal.DefaultFileLockManager] Releasing lock on daemon addresses registry.
2026-09-30T11:01:57.658+0530 [DEBUG] [org.gradle.internal.watch.vfs.impl.WatchingVirtualFileSystem] Handling VFS change MODIFIED D:\GRAPHINOVAS\AI Studio\GRAPHYNOVUS II SUDORA\sudoku-organizer\app\build.gradle.kts
2026-09-30T11:01:59.969+0530 [DEBUG] [org.gradle.cache.internal.DefaultFileLockManager] Waiting to acquire shared lock on daemon addresses registry.
2026-09-30T11:01:59.969+0530 [DEBUG] [org.gradle.cache.internal.DefaultFileLockManager] Lock acquired on daemon addresses registry.
2026-09-30T11:01:59.970+0530 [DEBUG] [org.gradle.cache.internal.DefaultFileLockManager] Releasing lock on daemon addresses registry.
2026-09-30T11:01:59.971+0530 [DEBUG] [org.gradle.cache.internal.DefaultFileLockManager] Waiting to acquire shared lock on daemon addresses registry.
2026-09-30T11:01:59.972+0530 [DEBUG] [org.gradle.cache.internal.DefaultFileLockManager] Lock acquired on daemon addresses registry.
2026-09-30T11:01:59.972+0530 [DEBUG] [org.gradle.cache.internal.DefaultFileLockManager] Releasing lock on daemon addresses registry.
2026-09-30T11:01:59.973+0530 [DEBUG] [org.gradle.cache.internal.DefaultFileLockManager] Waiting to acquire shared lock on daemon addresses registry.
2026-09-30T11:01:59.973+0530 [DEBUG] [org.gradle.cache.internal.DefaultFileLockManager] Lock acquired on daemon addresses registry.
2026-09-30T11:01:59.973+0530 [DEBUG] [org.gradle.cache.internal.DefaultFileLockManager] Releasing lock on daemon addresses registry.
2026-09-30T11:02:05.599+0530 [DEBUG] [org.gradle.internal.remote.internal.inet.TcpIncomingConnector] Accepted connection from /127.0.0.1:62902 to /127.0.0.1:62610.
2026-09-30T11:02:05.600+0530 [DEBUG] [org.gradle.internal.remote.internal.inet.TcpIncomingConnector] Accepted connection from /127.0.0.1:62903 to /127.0.0.1:62610.
2026-09-30T11:02:05.632+0530 [DEBUG] [org.gradle.launcher.daemon.server.SynchronizedDispatchConnection] thread 452: received class org.gradle.launcher.daemon.protocol.StopWhenIdle
2026-09-30T11:02:05.632+0530 [DEBUG] [org.gradle.launcher.daemon.server.DefaultDaemonConnection] thread 452: Received non-IO message from client: StopWhenIdle[id=b4f0a04f-4dff-42ba-9e8f-a1d618b80805]
2026-09-30T11:02:05.632+0530 [INFO] [org.gradle.launcher.daemon.server.DefaultIncomingConnectionHandler] Received command: StopWhenIdle[id=b4f0a04f-4dff-42ba-9e8f-a1d618b80805].
2026-09-30T11:02:05.632+0530 [DEBUG] [org.gradle.launcher.daemon.server.DefaultIncomingConnectionHandler] Starting executing command: StopWhenIdle[id=b4f0a04f-4dff-42ba-9e8f-a1d618b80805] with connection: socket connection from /127.0.0.1:62610 to /127.0.0.1:62902.
2026-09-30T11:02:05.632+0530 [DEBUG] [org.gradle.launcher.daemon.server.DaemonRegistryUpdater] Storing daemon stop event: stop command received
2026-09-30T11:02:05.632+0530 [DEBUG] [org.gradle.launcher.daemon.server.SynchronizedDispatchConnection] thread 451: received class org.gradle.launcher.daemon.protocol.StopWhenIdle
2026-09-30T11:02:05.632+0530 [DEBUG] [org.gradle.launcher.daemon.registry.PersistentDaemonRegistry] Storing daemon stop event with timestamp 1790746325632
2026-09-30T11:02:05.632+0530 [DEBUG] [org.gradle.launcher.daemon.server.DefaultDaemonConnection] thread 451: Received non-IO message from client: StopWhenIdle[id=86c7c39e-ee76-4ce2-9d5b-1653352d777f]
2026-09-30T11:02:05.632+0530 [INFO] [org.gradle.launcher.daemon.server.DefaultIncomingConnectionHandler] Received command: StopWhenIdle[id=86c7c39e-ee76-4ce2-9d5b-1653352d777f].
2026-09-30T11:02:05.632+0530 [DEBUG] [org.gradle.launcher.daemon.server.DefaultIncomingConnectionHandler] Starting executing command: StopWhenIdle[id=86c7c39e-ee76-4ce2-9d5b-1653352d777f] with connection: socket connection from /127.0.0.1:62610 to /127.0.0.1:62903.
2026-09-30T11:02:05.633+0530 [DEBUG] [org.gradle.cache.internal.DefaultFileLockManager] Waiting to acquire exclusive lock on daemon addresses registry.
2026-09-30T11:02:05.666+0530 [DEBUG] [org.gradle.cache.internal.DefaultFileLockManager] Lock acquired on daemon addresses registry.
2026-09-30T11:02:05.684+0530 [DEBUG] [org.gradle.cache.internal.DefaultFileLockManager] Releasing lock on daemon addresses registry.
2026-09-30T11:02:05.692+0530 [LIFECYCLE] [org.gradle.launcher.daemon.server.DaemonStateCoordinator] Daemon will be stopped at the end of the build stop command received
2026-09-30T11:02:05.692+0530 [DEBUG] [org.gradle.launcher.daemon.server.DaemonStateCoordinator] Marking daemon stopped due to stop command received. The daemon is running a build: false
2026-09-30T11:02:05.692+0530 [DEBUG] [org.gradle.launcher.daemon.server.DaemonStateCoordinator] daemon has stopped.
2026-09-30T11:02:05.692+0530 [DEBUG] [org.gradle.launcher.daemon.server.Daemon] stop() called on daemon
2026-09-30T11:02:05.692+0530 [INFO] [org.gradle.launcher.daemon.server.Daemon] Stop requested. Daemon is removing its presence from the registry...
2026-09-30T11:02:05.692+0530 [DEBUG] [org.gradle.launcher.daemon.server.DaemonRegistryUpdater] Removing our presence to clients, eg. removing this address from the registry: [bd6b4a7c-c501-4f7b-ad6e-79287e214da3 port:62610, addresses:[localhost/127.0.0.1]]
2026-09-30T11:02:05.692+0530 [DEBUG] [org.gradle.launcher.daemon.registry.PersistentDaemonRegistry] Removing daemon address: [bd6b4a7c-c501-4f7b-ad6e-79287e214da3 port:62610, addresses:[localhost/127.0.0.1]]
2026-09-30T11:02:05.694+0530 [DEBUG] [org.gradle.cache.internal.DefaultFileLockManager] Waiting to acquire exclusive lock on daemon addresses registry.
2026-09-30T11:02:05.694+0530 [DEBUG] [org.gradle.launcher.daemon.server.SynchronizedDispatchConnection] thread 449: dispatching Success[value=null]
2026-09-30T11:02:05.694+0530 [DEBUG] [org.gradle.launcher.daemon.server.DefaultIncomingConnectionHandler] Finishing executing command: StopWhenIdle[id=b4f0a04f-4dff-42ba-9e8f-a1d618b80805]
2026-09-30T11:02:05.695+0530 [DEBUG] [org.gradle.launcher.daemon.server.SynchronizedDispatchConnection] thread 452: received class org.gradle.launcher.daemon.protocol.Finished
2026-09-30T11:02:05.695+0530 [DEBUG] [org.gradle.launcher.daemon.server.DefaultDaemonConnection] thread 452: Received non-IO message from client: org.gradle.launcher.daemon.protocol.Finished@69a06e8f
2026-09-30T11:02:05.695+0530 [DEBUG] [org.gradle.internal.remote.internal.inet.SocketConnection] Discarding EOFException: java.io.EOFException
2026-09-30T11:02:05.695+0530 [DEBUG] [org.gradle.launcher.daemon.server.SynchronizedDispatchConnection] thread 452: received null
2026-09-30T11:02:05.695+0530 [DEBUG] [org.gradle.launcher.daemon.server.DefaultDaemonConnection] thread 452: Received end-of-input from client.
2026-09-30T11:02:05.696+0530 [DEBUG] [org.gradle.launcher.daemon.server.DefaultIncomingConnectionHandler] Received finished message: null
2026-09-30T11:02:05.696+0530 [DEBUG] [org.gradle.launcher.daemon.server.SynchronizedDispatchConnection] thread 449: stopping connection
2026-09-30T11:02:05.694+0530 [DEBUG] [org.gradle.launcher.daemon.server.DaemonRegistryUpdater] Storing daemon stop event: stop command received
2026-09-30T11:02:05.697+0530 [DEBUG] [org.gradle.launcher.daemon.server.SynchronizedDispatchConnection] thread 449: stopping connection
2026-09-30T11:02:05.700+0530 [DEBUG] [org.gradle.cache.internal.DefaultFileLockManager] Lock acquired on daemon addresses registry.
2026-09-30T11:02:05.703+0530 [DEBUG] [org.gradle.cache.internal.DefaultFileLockManager] Releasing lock on daemon addresses registry.
2026-09-30T11:02:05.704+0530 [DEBUG] [org.gradle.launcher.daemon.registry.PersistentDaemonRegistry] Storing daemon stop event with timestamp 1790746325697
2026-09-30T11:02:05.704+0530 [DEBUG] [org.gradle.launcher.daemon.server.DaemonRegistryUpdater] Address removed from registry.
2026-09-30T11:02:05.705+0530 [DEBUG] [org.gradle.cache.internal.DefaultFileLockManager] Waiting to acquire exclusive lock on daemon addresses registry.
2026-09-30T11:02:05.708+0530 [DEBUG] [org.gradle.cache.internal.DefaultFileLockManager] Lock acquired on daemon addresses registry.
2026-09-30T11:02:05.710+0530 [DEBUG] [org.gradle.cache.internal.DefaultFileLockManager] Releasing lock on daemon addresses registry.
2026-09-30T11:02:05.710+0530 [DEBUG] [org.gradle.launcher.daemon.server.SynchronizedDispatchConnection] thread 450: dispatching Success[value=null]
2026-09-30T11:02:05.710+0530 [DEBUG] [org.gradle.launcher.daemon.server.DefaultIncomingConnectionHandler] Finishing executing command: StopWhenIdle[id=86c7c39e-ee76-4ce2-9d5b-1653352d777f]
2026-09-30T11:02:05.711+0530 [DEBUG] [org.gradle.launcher.daemon.server.SynchronizedDispatchConnection] thread 451: received class org.gradle.launcher.daemon.protocol.Finished
2026-09-30T11:02:05.711+0530 [DEBUG] [org.gradle.launcher.daemon.server.DefaultDaemonConnection] thread 451: Received non-IO message from client: org.gradle.launcher.daemon.protocol.Finished@3fb1bfd4
2026-09-30T11:02:05.711+0530 [DEBUG] [org.gradle.internal.remote.internal.inet.SocketConnection] Discarding EOFException: java.io.EOFException
2026-09-30T11:02:05.711+0530 [DEBUG] [org.gradle.launcher.daemon.server.SynchronizedDispatchConnection] thread 451: received null
2026-09-30T11:02:05.711+0530 [DEBUG] [org.gradle.launcher.daemon.server.DefaultDaemonConnection] thread 451: Received end-of-input from client.
2026-09-30T11:02:05.711+0530 [DEBUG] [org.gradle.launcher.daemon.server.DefaultIncomingConnectionHandler] Received finished message: null
2026-09-30T11:02:05.712+0530 [DEBUG] [org.gradle.launcher.daemon.server.SynchronizedDispatchConnection] thread 450: stopping connection
2026-09-30T11:02:05.712+0530 [DEBUG] [org.gradle.launcher.daemon.server.SynchronizedDispatchConnection] thread 450: stopping connection
2026-09-30T11:02:05.713+0530 [DEBUG] [org.gradle.cache.internal.LockOnDemandCrossProcessCacheAccess] Releasing file lock for jars (D:\GRAPHINOVAS\AI Studio\GRAPHYNOVUS II SUDORA\sudoku-organizer\gradle\caches\jars-9)
2026-09-30T11:02:05.713+0530 [DEBUG] [org.gradle.cache.internal.DefaultFileLockManager] Releasing lock on jars (D:\GRAPHINOVAS\AI Studio\GRAPHYNOVUS II SUDORA\sudoku-organizer\gradle\caches\jars-9).
2026-09-30T11:02:05.713+0530 [DEBUG] [org.gradle.cache.internal.DefaultPersistentDirectoryStore] jars (D:\GRAPHINOVAS\AI Studio\GRAPHYNOVUS II SUDORA\sudoku-organizer\gradle\caches\jars-9) has last been fully cleaned up 12 hours ago
2026-09-30T11:02:05.714+0530 [DEBUG] [org.gradle.cache.internal.DefaultCacheCoordinator] Cache jars (D:\GRAPHINOVAS\AI Studio\GRAPHYNOVUS II SUDORA\sudoku-organizer\gradle\caches\jars-9) was closed 3 times.
2026-09-30T11:02:05.714+0530 [DEBUG] [org.gradle.cache.internal.LockOnDemandCrossProcessCacheAccess] Releasing file lock for Artifact transforms cache (D:\GRAPHINOVAS\AI Studio\GRAPHYNOVUS II SUDORA\sudoku-organizer\gradle\caches\transforms-3)
2026-09-30T11:02:05.714+0530 [DEBUG] [org.gradle.cache.internal.DefaultFileLockManager] Releasing lock on Artifact transforms cache (D:\GRAPHINOVAS\AI Studio\GRAPHYNOVUS II SUDORA\sudoku-organizer\gradle\caches\transforms-3).
2026-09-30T11:02:05.714+0530 [DEBUG] [org.gradle.cache.internal.DefaultPersistentDirectoryStore] Artifact transforms cache (D:\GRAPHINOVAS\AI Studio\GRAPHYNOVUS II SUDORA\sudoku-organizer\gradle\caches\transforms-3) has last been fully cleaned up 12 hours ago
2026-09-30T11:02:05.714+0530 [DEBUG] [org.gradle.cache.internal.DefaultCacheCoordinator] Cache Artifact transforms cache (D:\GRAPHINOVAS\AI Studio\GRAPHYNOVUS II SUDORA\sudoku-organizer\gradle\caches\transforms-3) was closed 2 times.
2026-09-30T11:02:05.714+0530 [DEBUG] [org.gradle.cache.internal.LockOnDemandCrossProcessCacheAccess] Releasing file lock for kotlin-dsl (D:\GRAPHINOVAS\AI Studio\GRAPHYNOVUS II SUDORA\sudoku-organizer\gradle\caches\8.2\kotlin-dsl)
2026-09-30T11:02:05.715+0530 [DEBUG] [org.gradle.cache.internal.btree.BTreePersistentIndexedCache] Closing cache executionHistory.bin (D:\GRAPHINOVAS\AI Studio\GRAPHYNOVUS II SUDORA\sudoku-organizer\gradle\caches\8.2\kotlin-dsl\executionHistory.bin)
2026-09-30T11:02:05.715+0530 [DEBUG] [org.gradle.cache.internal.DefaultFileLockManager] Releasing lock on kotlin-dsl (D:\GRAPHINOVAS\AI Studio\GRAPHYNOVUS II SUDORA\sudoku-organizer\gradle\caches\8.2\kotlin-dsl).
2026-09-30T11:02:05.715+0530 [DEBUG] [org.gradle.cache.internal.DefaultPersistentDirectoryStore] kotlin-dsl (D:\GRAPHINOVAS\AI Studio\GRAPHYNOVUS II SUDORA\sudoku-organizer\gradle\caches\8.2\kotlin-dsl) has last been fully cleaned up 12 hours ago
2026-09-30T11:02:05.715+0530 [DEBUG] [org.gradle.cache.internal.DefaultCacheCoordinator] Cache kotlin-dsl (D:\GRAPHINOVAS\AI Studio\GRAPHYNOVUS II SUDORA\sudoku-organizer\gradle\caches\8.2\kotlin-dsl) was closed 4 times.
2026-09-30T11:02:05.723+0530 [DEBUG] [org.gradle.internal.watch.vfs.impl.WatchingVirtualFileSystem] Closing VFS, dropping state
2026-09-30T11:02:05.729+0530 [DEBUG] [org.gradle.internal.watch.registry.impl.DefaultFileWatcherRegistry] Finished listening to file system change events
2026-09-30T11:02:05.733+0530 [DEBUG] [org.gradle.cache.internal.LockOnDemandCrossProcessCacheAccess] Releasing file lock for Generated Gradle JARs cache (D:\GRAPHINOVAS\AI Studio\GRAPHYNOVUS II SUDORA\sudoku-organizer\gradle\caches\8.2\generated-gradle-jars)
2026-09-30T11:02:05.733+0530 [DEBUG] [org.gradle.cache.internal.DefaultFileLockManager] Releasing lock on Generated Gradle JARs cache (D:\GRAPHINOVAS\AI Studio\GRAPHYNOVUS II SUDORA\sudoku-organizer\gradle\caches\8.2\generated-gradle-jars).
2026-09-30T11:02:05.744+0530 [DEBUG] [org.gradle.cache.internal.DefaultCacheCoordinator] Cache Generated Gradle JARs cache (D:\GRAPHINOVAS\AI Studio\GRAPHYNOVUS II SUDORA\sudoku-organizer\gradle\caches\8.2\generated-gradle-jars) was closed 2 times.
2026-09-30T11:02:05.744+0530 [DEBUG] [org.gradle.cache.internal.LockOnDemandCrossProcessCacheAccess] Releasing file lock for artifact cache (D:\GRAPHINOVAS\AI Studio\GRAPHYNOVUS II SUDORA\sudoku-organizer\gradle\caches\modules-2)
2026-09-30T11:02:05.744+0530 [DEBUG] [org.gradle.cache.internal.btree.BTreePersistentIndexedCache] Closing cache module-artifact.bin (D:\GRAPHINOVAS\AI Studio\GRAPHYNOVUS II SUDORA\sudoku-organizer\gradle\caches\modules-2\metadata-2.106\module-artifact.bin)
2026-09-30T11:02:05.745+0530 [DEBUG] [org.gradle.cache.internal.btree.BTreePersistentIndexedCache] Closing cache module-metadata.bin (D:\GRAPHINOVAS\AI Studio\GRAPHYNOVUS II SUDORA\sudoku-organizer\gradle\caches\modules-2\metadata-2.106\module-metadata.bin)
2026-09-30T11:02:05.745+0530 [DEBUG] [org.gradle.cache.internal.btree.BTreePersistentIndexedCache] Closing cache module-artifacts.bin (D:\GRAPHINOVAS\AI Studio\GRAPHYNOVUS II SUDORA\sudoku-organizer\gradle\caches\modules-2\metadata-2.106\module-artifacts.bin)
2026-09-30T11:02:05.747+0530 [DEBUG] [org.gradle.cache.internal.DefaultFileLockManager] Releasing lock on artifact cache (D:\GRAPHINOVAS\AI Studio\GRAPHYNOVUS II SUDORA\sudoku-organizer\gradle\caches\modules-2).
2026-09-30T11:02:05.750+0530 [DEBUG] [org.gradle.cache.internal.DefaultPersistentDirectoryStore] artifact cache (D:\GRAPHINOVAS\AI Studio\GRAPHYNOVUS II SUDORA\sudoku-organizer\gradle\caches\modules-2) has last been fully cleaned up 12 hours ago
2026-09-30T11:02:05.751+0530 [DEBUG] [org.gradle.cache.internal.DefaultCacheCoordinator] Cache artifact cache (D:\GRAPHINOVAS\AI Studio\GRAPHYNOVUS II SUDORA\sudoku-organizer\gradle\caches\modules-2) was closed 8 times.
2026-09-30T11:02:05.753+0530 [DEBUG] [org.gradle.cache.internal.LockOnDemandCrossProcessCacheAccess] Releasing file lock for journal cache (D:\GRAPHINOVAS\AI Studio\GRAPHYNOVUS II SUDORA\sudoku-organizer\gradle\caches\journal-1)
2026-09-30T11:02:05.753+0530 [DEBUG] [org.gradle.cache.internal.btree.BTreePersistentIndexedCache] Closing cache file-access.bin (D:\GRAPHINOVAS\AI Studio\GRAPHYNOVUS II SUDORA\sudoku-organizer\gradle\caches\journal-1\file-access.bin)
2026-09-30T11:02:05.753+0530 [DEBUG] [org.gradle.cache.internal.DefaultFileLockManager] Releasing lock on journal cache (D:\GRAPHINOVAS\AI Studio\GRAPHYNOVUS II SUDORA\sudoku-organizer\gradle\caches\journal-1).
2026-09-30T11:02:05.753+0530 [DEBUG] [org.gradle.cache.internal.DefaultCacheCoordinator] Cache journal cache (D:\GRAPHINOVAS\AI Studio\GRAPHYNOVUS II SUDORA\sudoku-organizer\gradle\caches\journal-1) was closed 7 times.
2026-09-30T11:02:05.754+0530 [DEBUG] [org.gradle.cache.internal.LockOnDemandCrossProcessCacheAccess] Releasing file lock for file hash cache (D:\GRAPHINOVAS\AI Studio\GRAPHYNOVUS II SUDORA\sudoku-organizer\gradle\caches\8.2\fileHashes)
2026-09-30T11:02:05.754+0530 [DEBUG] [org.gradle.cache.internal.btree.BTreePersistentIndexedCache] Closing cache fileHashes.bin (D:\GRAPHINOVAS\AI Studio\GRAPHYNOVUS II SUDORA\sudoku-organizer\gradle\caches\8.2\fileHashes\fileHashes.bin)
2026-09-30T11:02:05.755+0530 [DEBUG] [org.gradle.cache.internal.btree.BTreePersistentIndexedCache] Closing cache resourceHashesCache.bin (D:\GRAPHINOVAS\AI Studio\GRAPHYNOVUS II SUDORA\sudoku-organizer\gradle\caches\8.2\fileHashes\resourceHashesCache.bin)
2026-09-30T11:02:05.755+0530 [DEBUG] [org.gradle.cache.internal.DefaultFileLockManager] Releasing lock on file hash cache (D:\GRAPHINOVAS\AI Studio\GRAPHYNOVUS II SUDORA\sudoku-organizer\gradle\caches\8.2\fileHashes).
2026-09-30T11:02:05.755+0530 [DEBUG] [org.gradle.cache.internal.DefaultCacheCoordinator] Cache file hash cache (D:\GRAPHINOVAS\AI Studio\GRAPHYNOVUS II SUDORA\sudoku-organizer\gradle\caches\8.2\fileHashes) was closed 4 times.
2026-09-30T11:02:05.756+0530 [DEBUG] [org.gradle.cache.internal.LockOnDemandCrossProcessCacheAccess] Releasing file lock for execution history cache (D:\GRAPHINOVAS\AI Studio\GRAPHYNOVUS II SUDORA\sudoku-organizer\gradle\caches\8.2\executionHistory)
2026-09-30T11:02:05.756+0530 [DEBUG] [org.gradle.cache.internal.btree.BTreePersistentIndexedCache] Closing cache executionHistory.bin (D:\GRAPHINOVAS\AI Studio\GRAPHYNOVUS II SUDORA\sudoku-organizer\gradle\caches\8.2\executionHistory\executionHistory.bin)
2026-09-30T11:02:05.756+0530 [DEBUG] [org.gradle.cache.internal.DefaultFileLockManager] Releasing lock on execution history cache (D:\GRAPHINOVAS\AI Studio\GRAPHYNOVUS II SUDORA\sudoku-organizer\gradle\caches\8.2\executionHistory).
2026-09-30T11:02:05.757+0530 [DEBUG] [org.gradle.cache.internal.DefaultCacheCoordinator] Cache execution history cache (D:\GRAPHINOVAS\AI Studio\GRAPHYNOVUS II SUDORA\sudoku-organizer\gradle\caches\8.2\executionHistory) was closed 2 times.
Daemon vm is shutting down... The daemon has exited normally or was terminated in response to a user interrupt.
2026-09-30T11:02:05.760+0530 [DEBUG] [org.gradle.launcher.daemon.registry.PersistentDaemonRegistry] Removing daemon address: [bd6b4a7c-c501-4f7b-ad6e-79287e214da3 port:62610, addresses:[localhost/127.0.0.1]]
2026-09-30T11:02:05.761+0530 [DEBUG] [org.gradle.cache.internal.DefaultFileLockManager] Waiting to acquire exclusive lock on daemon addresses registry.
2026-09-30T11:02:05.762+0530 [DEBUG] [org.gradle.cache.internal.DefaultFileLockManager] Lock acquired on daemon addresses registry.
2026-09-30T11:02:05.763+0530 [DEBUG] [org.gradle.cache.internal.DefaultFileLockManager] Releasing lock on daemon addresses registry.
